idVenta,idUsuario,nombreUsuario,correoUsuario,idProducto,cantidad,total,fecha1,33,Emily Ruiz,emily.ruiz87@gmail.com,172,1,70.64,2026-05-03
2,73,Miguel Navarro,miguel.navarro4@gmail.com,186,1,35.26,2026-05-08
3,92,Paula Torres,paula.torres53@gmail.com,37,1,65.69,2026-05-14
4,9,Miguel Mora,miguel.mora18@gmail.com,100,1,62.0,2026-05-17
5,20,Carlos Lopez,carlos.lopez18@gmail.com,164,1,59.68,2026-05-28
6,96,Mateo Mora,mateo.mora34@gmail.com,155,1,47.35,2026-05-25
7,26,Pedro Castro,pedro.castro94@gmail.com,187,1,37.17,2026-05-20
8,56,Luis Cruz,luis.cruz91@gmail.com,23,1,46.51,2026-05-21
9,66,Daniel Cruz,daniel.cruz12@gmail.com,157,1,50.09,2026-05-26
10,65,Paula Vega,paula.vega31@gmail.com,195,1,52.45,2026-05-12
11,51,Daniel Gomez,daniel.gomez14@gmail.com,56,1,91.72,2026-05-14
12,8,Paula Benitez,paula.benitez90@gmail.com,97,1,57.89,2026-05-03
13,4,Pedro Salazar,pedro.salazar91@gmail.com,9,1,27.33,2026-05-25
14,64,Emily Salazar,emily.salazar93@gmail.com,128,1,100.36,2026-05-24
15,62,Diego Perez,diego.perez69@gmail.com,190,1,42.9,2026-05-13
16,66,Daniel Cruz,daniel.cruz12@gmail.com,111,1,77.07,2026-05-29
17,52,Camila Mora,camila.mora82@gmail.com,176,1,76.12,2026-05-16
18,39,Ana Castro,ana.castro27@gmail.com,120,1,89.4,2026-05-30
19,58,Carlos Vega,carlos.vega32@gmail.com,3,1,19.11,2026-05-02
20,100,Ana Torres,ana.torres87@gmail.com,197,1,56.27,2026-05-22
21,41,Luis Gomez,luis.gomez94@gmail.com,1,1,16.37,2026-05-19
22,21,Lucia Suarez,lucia.suarez43@gmail.com,62,1,99.94,2026-05-02
23,60,Diana Torres,diana.torres20@gmail.com,15,1,35.55,2026-05-20
24,57,Luis Acosta,luis.acosta47@gmail.com,145,1,33.65,2026-05-07
25,42,Fernanda Navarro,fernanda.navarro34@gmail.com,136,1,21.32,2026-05-18
26,63,Luis Salazar,luis.salazar83@gmail.com,176,1,76.12,2026-05-24
27,37,Camila Rojas,camila.rojas50@gmail.com,120,1,89.4,2026-05-12
28,76,Maria Gomez,maria.gomez80@gmail.com,84,1,40.08,2026-05-06
29,45,Fernanda Ruiz,fernanda.ruiz48@gmail.com,3,1,19.11,2026-05-07
30,17,Pedro Gomez,pedro.gomez67@gmail.com,193,1,48.63,2026-05-21
31,98,Ana Navarro,ana.navarro44@gmail.com,109,1,74.33,2026-05-21
32,74,Ana Mora,ana.mora16@gmail.com,85,1,41.45,2026-05-05
33,41,Luis Gomez,luis.gomez94@gmail.com,11,1,30.07,2026-05-09
34,49,Miguel Benitez,miguel.benitez4@gmail.com,128,1,100.36,2026-05-18
35,84,Daniel Flores,daniel.flores75@gmail.com,186,1,35.26,2026-05-27
36,19,Diana Romero,diana.romero86@gmail.com,132,1,15.84,2026-05-21
37,80,Mateo Gomez,mateo.gomez40@gmail.com,88,1,45.56,2026-05-28
38,16,Miguel Romero,miguel.romero59@gmail.com,159,1,52.83,2026-05-07
39,84,Daniel Flores,daniel.flores75@gmail.com,172,1,70.64,2026-05-18
40,46,Daniel Mora,daniel.mora2@gmail.com,3,1,19.11,2026-05-25
41,43,Jose Rojas,jose.rojas67@gmail.com,187,1,37.17,2026-05-26
42,56,Luis Cruz,luis.cruz91@gmail.com,140,1,26.8,2026-05-02
43,4,Pedro Salazar,pedro.salazar91@gmail.com,14,1,34.18,2026-05-15
44,74,Ana Mora,ana.mora16@gmail.com,43,1,73.91,2026-05-29
45,73,Miguel Navarro,miguel.navarro4@gmail.com,110,1,75.7,2026-05-07
46,88,Sofia Paspuel,sofia.paspuel45@gmail.com,93,1,52.41,2026-05-03
47,77,Jose Lopez,jose.lopez69@gmail.com,49,1,82.13,2026-05-04
48,3,Daniel Suarez,daniel.suarez49@gmail.com,14,1,34.18,2026-05-18
49,24,Jose Gomez,jose.gomez27@gmail.com,77,1,30.49,2026-05-21
50,39,Ana Castro,ana.castro27@gmail.com,188,1,39.08,2026-05-09
51,94,Valeria Flores,valeria.flores75@gmail.com,4,1,20.48,2026-05-24
52,46,Daniel Mora,daniel.mora2@gmail.com,192,1,46.72,2026-05-19
53,83,Maria Castro,maria.castro9@gmail.com,50,1,83.5,2026-05-20
54,89,Ana Gomez,ana.gomez98@gmail.com,53,1,87.61,2026-05-21
55,48,Miguel Torres,miguel.torres90@gmail.com,181,1,25.71,2026-05-29
56,12,Sofia Gomez,sofia.gomez66@gmail.com,41,1,71.17,2026-05-12
57,93,Fernanda Benitez,fernanda.benitez10@gmail.com,115,1,82.55,2026-05-28
58,86,Maria Flores,maria.flores52@gmail.com,195,1,52.45,2026-05-02
59,54,Diego Flores,diego.flores78@gmail.com,74,1,26.38,2026-05-08
60,54,Diego Flores,diego.flores78@gmail.com,111,1,77.07,2026-05-12
61,56,Luis Cruz,luis.cruz91@gmail.com,41,1,71.17,2026-05-22
62,51,Daniel Gomez,daniel.gomez14@gmail.com,147,1,36.39,2026-05-27
63,73,Miguel Navarro,miguel.navarro4@gmail.com,142,1,29.54,2026-05-12
64,59,Luis Paspuel,luis.paspuel81@gmail.com,58,1,94.46,2026-05-07
65,70,Diana Ruiz,diana.ruiz90@gmail.com,70,1,20.9,2026-05-07
66,67,Miguel Paspuel,miguel.paspuel30@gmail.com,47,1,79.39,2026-05-22
67,37,Camila Rojas,camila.rojas50@gmail.com,106,1,70.22,2026-05-14
68,87,Emily Paspuel,emily.paspuel93@gmail.com,25,1,49.25,2026-05-10
69,39,Ana Castro,ana.castro27@gmail.com,65,1,104.05,2026-05-25
70,61,Ana Benitez,ana.benitez19@gmail.com,145,1,33.65,2026-05-05
71,71,Mateo Navarro,mateo.navarro72@gmail.com,55,1,90.35,2026-05-09
72,43,Jose Rojas,jose.rojas67@gmail.com,134,1,18.58,2026-05-10
73,62,Diego Perez,diego.perez69@gmail.com,76,1,29.12,2026-05-16
74,67,Miguel Paspuel,miguel.paspuel30@gmail.com,118,1,86.66,2026-05-20
75,68,Miguel Rojas,miguel.rojas85@gmail.com,134,1,18.58,2026-05-06
76,26,Pedro Castro,pedro.castro94@gmail.com,151,1,41.87,2026-05-29
77,43,Jose Rojas,jose.rojas67@gmail.com,130,1,103.1,2026-05-11
78,76,Maria Gomez,maria.gomez80@gmail.com,44,1,75.28,2026-05-25
79,43,Jose Rojas,jose.rojas67@gmail.com,116,1,83.92,2026-05-07
80,62,Diego Perez,diego.perez69@gmail.com,46,1,78.02,2026-05-06
81,30,Lucia Acosta,lucia.acosta28@gmail.com,18,1,39.66,2026-05-02
82,99,Valeria Herrera,valeria.herrera1@gmail.com,189,1,40.99,2026-05-23
83,94,Valeria Flores,valeria.flores75@gmail.com,125,1,96.25,2026-05-30
84,50,Juan Castro,juan.castro81@gmail.com,177,1,77.49,2026-05-12
85,53,Fernanda Paspuel,fernanda.paspuel45@gmail.com,197,1,56.27,2026-05-18
86,5,Daniel Acosta,daniel.acosta85@gmail.com,70,1,20.9,2026-05-11
87,76,Maria Gomez,maria.gomez80@gmail.com,107,1,71.59,2026-05-10
88,7,Miguel Flores,miguel.flores68@gmail.com,77,1,30.49,2026-05-28
89,89,Ana Gomez,ana.gomez98@gmail.com,188,1,39.08,2026-05-08
90,8,Paula Benitez,paula.benitez90@gmail.com,87,1,44.19,2026-05-08
91,34,Camila Paspuel,camila.paspuel92@gmail.com,63,1,101.31,2026-05-06
92,30,Lucia Acosta,lucia.acosta28@gmail.com,135,1,19.95,2026-05-19
93,41,Luis Gomez,luis.gomez94@gmail.com,187,1,37.17,2026-05-26
94,75,Miguel Vega,miguel.vega53@gmail.com,93,1,52.41,2026-05-09
95,99,Valeria Herrera,valeria.herrera1@gmail.com,38,1,67.06,2026-05-17
96,97,Diego Rojas,diego.rojas44@gmail.com,48,1,80.76,2026-05-05
97,75,Miguel Vega,miguel.vega53@gmail.com,133,1,17.21,2026-05-24
98,11,Ana Flores,ana.flores99@gmail.com,12,1,31.44,2026-05-19
99,58,Carlos Vega,carlos.vega32@gmail.com,90,1,48.3,2026-05-22
100,62,Diego Perez,diego.perez69@gmail.com,184,1,31.44,2026-05-04
101,46,Daniel Mora,daniel.mora2@gmail.com,32,1,58.84,2026-05-15
102,34,Camila Paspuel,camila.paspuel92@gmail.com,31,1,57.47,2026-05-14
103,34,Camila Paspuel,camila.paspuel92@gmail.com,97,1,57.89,2026-05-09
104,13,Luis Lopez,luis.lopez65@gmail.com,123,1,93.51,2026-05-17
105,69,Lucia Herrera,lucia.herrera62@gmail.com,114,1,81.18,2026-05-10
106,35,Ana Lopez,ana.lopez61@gmail.com,191,1,44.81,2026-05-29
107,6,Andres Flores,andres.flores67@gmail.com,125,1,96.25,2026-05-04
108,29,Mateo Romero,mateo.romero24@gmail.com,21,1,43.77,2026-05-16
109,89,Ana Gomez,ana.gomez98@gmail.com,193,1,48.63,2026-05-28
110,80,Mateo Gomez,mateo.gomez40@gmail.com,119,1,88.03,2026-05-18
111,56,Luis Cruz,luis.cruz91@gmail.com,145,1,33.65,2026-05-01
112,19,Diana Romero,diana.romero86@gmail.com,132,1,15.84,2026-05-22
113,72,Mateo Paspuel,mateo.paspuel64@gmail.com,1,1,16.37,2026-05-15
114,57,Luis Acosta,luis.acosta47@gmail.com,130,1,103.1,2026-05-24
115,21,Lucia Suarez,lucia.suarez43@gmail.com,2,1,17.74,2026-05-21
116,64,Emily Salazar,emily.salazar93@gmail.com,122,1,92.14,2026-05-01
117,59,Luis Paspuel,luis.paspuel81@gmail.com,116,1,83.92,2026-05-20
118,5,Daniel Acosta,daniel.acosta85@gmail.com,128,1,100.36,2026-05-14
119,58,Carlos Vega,carlos.vega32@gmail.com,30,1,56.1,2026-05-29
120,89,Ana Gomez,ana.gomez98@gmail.com,39,1,68.43,2026-05-05
121,61,Ana Benitez,ana.benitez19@gmail.com,121,1,90.77,2026-05-03
122,47,Valeria Benitez,valeria.benitez19@gmail.com,196,1,54.36,2026-05-16
123,64,Emily Salazar,emily.salazar93@gmail.com,53,1,87.61,2026-05-21
124,57,Luis Acosta,luis.acosta47@gmail.com,50,1,83.5,2026-05-27
125,2,Carlos Suarez,carlos.suarez87@gmail.com,150,1,40.5,2026-05-18
126,4,Pedro Salazar,pedro.salazar91@gmail.com,99,1,60.63,2026-05-01
127,7,Miguel Flores,miguel.flores68@gmail.com,70,1,20.9,2026-05-05
128,52,Camila Mora,camila.mora82@gmail.com,9,1,27.33,2026-05-12
129,70,Diana Ruiz,diana.ruiz90@gmail.com,188,1,39.08,2026-05-01
130,66,Daniel Cruz,daniel.cruz12@gmail.com,97,1,57.89,2026-05-10
131,35,Ana Lopez,ana.lopez61@gmail.com,78,1,31.86,2026-05-19
132,49,Miguel Benitez,miguel.benitez4@gmail.com,115,1,82.55,2026-05-26
133,69,Lucia Herrera,lucia.herrera62@gmail.com,91,1,49.67,2026-05-10
134,76,Maria Gomez,maria.gomez80@gmail.com,181,1,25.71,2026-05-10
135,100,Ana Torres,ana.torres87@gmail.com,76,1,29.12,2026-05-21
136,47,Valeria Benitez,valeria.benitez19@gmail.com,2,1,17.74,2026-05-16
137,80,Mateo Gomez,mateo.gomez40@gmail.com,117,1,85.29,2026-05-24
138,81,Carlos Perez,carlos.perez8@gmail.com,98,1,59.26,2026-05-08
139,12,Sofia Gomez,sofia.gomez66@gmail.com,128,1,100.36,2026-05-18
140,80,Mateo Gomez,mateo.gomez40@gmail.com,139,1,25.43,2026-05-25
141,22,Emily Perez,emily.perez82@gmail.com,183,1,29.53,2026-05-29
142,30,Lucia Acosta,lucia.acosta28@gmail.com,42,1,72.54,2026-05-09
143,85,Fernanda Herrera,fernanda.herrera13@gmail.com,148,1,37.76,2026-05-10
144,43,Jose Rojas,jose.rojas67@gmail.com,48,1,80.76,2026-05-19
145,19,Diana Romero,diana.romero86@gmail.com,175,1,74.75,2026-05-25
146,97,Diego Rojas,diego.rojas44@gmail.com,45,1,76.65,2026-05-19
147,86,Maria Flores,maria.flores52@gmail.com,147,1,36.39,2026-05-04
148,93,Fernanda Benitez,fernanda.benitez10@gmail.com,98,1,59.26,2026-05-25
149,6,Andres Flores,andres.flores67@gmail.com,36,1,64.32,2026-05-12
150,65,Paula Vega,paula.vega31@gmail.com,143,1,30.91,2026-05-06
151,1,Jose Suarez,jose.suarez11@gmail.com,140,1,26.8,2026-05-30
152,61,Ana Benitez,ana.benitez19@gmail.com,22,1,45.14,2026-05-30
153,93,Fernanda Benitez,fernanda.benitez10@gmail.com,154,1,45.98,2026-05-07
154,7,Miguel Flores,miguel.flores68@gmail.com,126,1,97.62,2026-05-07
155,61,Ana Benitez,ana.benitez19@gmail.com,182,1,27.62,2026-05-19
156,25,Diego Suarez,diego.suarez45@gmail.com,92,1,51.04,2026-05-24
157,26,Pedro Castro,pedro.castro94@gmail.com,192,1,46.72,2026-05-12
158,84,Daniel Flores,daniel.flores75@gmail.com,23,1,46.51,2026-05-29
159,41,Luis Gomez,luis.gomez94@gmail.com,113,1,79.81,2026-05-27
160,12,Sofia Gomez,sofia.gomez66@gmail.com,184,1,31.44,2026-05-10
161,99,Valeria Herrera,valeria.herrera1@gmail.com,120,1,89.4,2026-05-18
162,20,Carlos Lopez,carlos.lopez18@gmail.com,145,1,33.65,2026-05-20
163,32,Pedro Cruz,pedro.cruz61@gmail.com,125,1,96.25,2026-05-19
164,14,Luis Flores,luis.flores15@gmail.com,137,1,22.69,2026-05-26
165,97,Diego Rojas,diego.rojas44@gmail.com,105,1,68.85,2026-05-08
166,73,Miguel Navarro,miguel.navarro4@gmail.com,19,1,41.03,2026-05-07
167,49,Miguel Benitez,miguel.benitez4@gmail.com,167,1,63.79,2026-05-15
168,29,Mateo Romero,mateo.romero24@gmail.com,1,1,16.37,2026-05-23
169,6,Andres Flores,andres.flores67@gmail.com,127,1,98.99,2026-05-16
170,22,Emily Perez,emily.perez82@gmail.com,133,1,17.21,2026-05-25
171,67,Miguel Paspuel,miguel.paspuel30@gmail.com,1,1,16.37,2026-05-12
172,19,Diana Romero,diana.romero86@gmail.com,105,1,68.85,2026-05-17
173,47,Valeria Benitez,valeria.benitez19@gmail.com,153,1,44.61,2026-05-28
174,41,Luis Gomez,luis.gomez94@gmail.com,47,1,79.39,2026-05-01
175,11,Ana Flores,ana.flores99@gmail.com,86,1,42.82,2026-05-12
176,62,Diego Perez,diego.perez69@gmail.com,5,1,21.85,2026-05-19
177,90,Andres Ruiz,andres.ruiz70@gmail.com,148,1,37.76,2026-05-20
178,64,Emily Salazar,emily.salazar93@gmail.com,186,1,35.26,2026-05-26
179,61,Ana Benitez,ana.benitez19@gmail.com,39,1,68.43,2026-05-22
180,26,Pedro Castro,pedro.castro94@gmail.com,12,1,31.44,2026-05-06
181,99,Valeria Herrera,valeria.herrera1@gmail.com,167,1,63.79,2026-05-25
182,12,Sofia Gomez,sofia.gomez66@gmail.com,167,1,63.79,2026-05-15
183,86,Maria Flores,maria.flores52@gmail.com,80,1,34.6,2026-05-27
184,61,Ana Benitez,ana.benitez19@gmail.com,121,1,90.77,2026-05-22
185,61,Ana Benitez,ana.benitez19@gmail.com,122,1,92.14,2026-05-27
186,96,Mateo Mora,mateo.mora34@gmail.com,40,1,69.8,2026-05-13
187,40,Luis Castro,luis.castro1@gmail.com,59,1,95.83,2026-05-26
188,89,Ana Gomez,ana.gomez98@gmail.com,92,1,51.04,2026-05-13
189,55,Ana Acosta,ana.acosta99@gmail.com,172,1,70.64,2026-05-10
190,10,Sofia Torres,sofia.torres60@gmail.com,71,1,22.27,2026-05-20
191,5,Daniel Acosta,daniel.acosta85@gmail.com,149,1,39.13,2026-05-01
192,75,Miguel Vega,miguel.vega53@gmail.com,113,1,79.81,2026-05-01
193,35,Ana Lopez,ana.lopez61@gmail.com,55,1,90.35,2026-05-11
194,85,Fernanda Herrera,fernanda.herrera13@gmail.com,175,1,74.75,2026-05-12
195,13,Luis Lopez,luis.lopez65@gmail.com,122,1,92.14,2026-05-24
196,28,Fernanda Acosta,fernanda.acosta52@gmail.com,147,1,36.39,2026-05-03
197,64,Emily Salazar,emily.salazar93@gmail.com,146,1,35.02,2026-05-11
198,84,Daniel Flores,daniel.flores75@gmail.com,102,1,64.74,2026-05-23
199,20,Carlos Lopez,carlos.lopez18@gmail.com,66,1,15.42,2026-05-28
200,31,Jose Perez,jose.perez2@gmail.com,67,1,16.79,2026-05-03
201,9,Miguel Mora,miguel.mora18@gmail.com,167,1,63.79,2026-05-12
202,96,Mateo Mora,mateo.mora34@gmail.com,64,1,102.68,2026-05-14
203,18,Diego Lopez,diego.lopez92@gmail.com,48,1,80.76,2026-05-12
204,80,Mateo Gomez,mateo.gomez40@gmail.com,108,1,72.96,2026-05-30
205,45,Fernanda Ruiz,fernanda.ruiz48@gmail.com,186,1,35.26,2026-05-13
206,51,Daniel Gomez,daniel.gomez14@gmail.com,60,1,97.2,2026-05-05
207,80,Mateo Gomez,mateo.gomez40@gmail.com,5,1,21.85,2026-05-26
208,71,Mateo Navarro,mateo.navarro72@gmail.com,83,1,38.71,2026-05-23
209,64,Emily Salazar,emily.salazar93@gmail.com,156,1,48.72,2026-05-28
210,3,Daniel Suarez,daniel.suarez49@gmail.com,56,1,91.72,2026-05-02
211,15,Jose Castro,jose.castro82@gmail.com,70,1,20.9,2026-05-13
212,83,Maria Castro,maria.castro9@gmail.com,5,1,21.85,2026-05-22
213,90,Andres Ruiz,andres.ruiz70@gmail.com,168,1,65.16,2026-05-03
214,72,Mateo Paspuel,mateo.paspuel64@gmail.com,88,1,45.56,2026-05-03
215,88,Sofia Paspuel,sofia.paspuel45@gmail.com,94,1,53.78,2026-05-28
216,70,Diana Ruiz,diana.ruiz90@gmail.com,179,1,80.23,2026-05-05
217,5,Daniel Acosta,daniel.acosta85@gmail.com,38,1,67.06,2026-05-27
218,73,Miguel Navarro,miguel.navarro4@gmail.com,6,1,23.22,2026-05-20
219,7,Miguel Flores,miguel.flores68@gmail.com,129,1,101.73,2026-05-29
220,29,Mateo Romero,mateo.romero24@gmail.com,180,1,81.6,2026-05-13
221,84,Daniel Flores,daniel.flores75@gmail.com,23,1,46.51,2026-05-28
222,75,Miguel Vega,miguel.vega53@gmail.com,198,1,58.18,2026-05-23
223,34,Camila Paspuel,camila.paspuel92@gmail.com,34,1,61.58,2026-05-17
224,60,Diana Torres,diana.torres20@gmail.com,87,1,44.19,2026-05-18
225,98,Ana Navarro,ana.navarro44@gmail.com,144,1,32.28,2026-05-11
226,53,Fernanda Paspuel,fernanda.paspuel45@gmail.com,47,1,79.39,2026-05-12
227,90,Andres Ruiz,andres.ruiz70@gmail.com,162,1,56.94,2026-05-01
228,30,Lucia Acosta,lucia.acosta28@gmail.com,35,1,62.95,2026-05-12
229,3,Daniel Suarez,daniel.suarez49@gmail.com,195,1,52.45,2026-05-10
230,90,Andres Ruiz,andres.ruiz70@gmail.com,33,1,60.21,2026-05-09
231,30,Lucia Acosta,lucia.acosta28@gmail.com,169,1,66.53,2026-05-09
232,24,Jose Gomez,jose.gomez27@gmail.com,38,1,67.06,2026-05-03
233,76,Maria Gomez,maria.gomez80@gmail.com,48,1,80.76,2026-05-28
234,24,Jose Gomez,jose.gomez27@gmail.com,112,1,78.44,2026-05-13
235,83,Maria Castro,maria.castro9@gmail.com,2,1,17.74,2026-05-15
236,60,Diana Torres,diana.torres20@gmail.com,53,1,87.61,2026-05-03
237,75,Miguel Vega,miguel.vega53@gmail.com,102,1,64.74,2026-05-18
238,75,Miguel Vega,miguel.vega53@gmail.com,131,1,104.47,2026-05-27
239,88,Sofia Paspuel,sofia.paspuel45@gmail.com,26,1,50.62,2026-05-28
240,49,Miguel Benitez,miguel.benitez4@gmail.com,114,1,81.18,2026-05-22
241,15,Jose Castro,jose.castro82@gmail.com,80,1,34.6,2026-05-30
242,17,Pedro Gomez,pedro.gomez67@gmail.com,99,1,60.63,2026-05-22
243,72,Mateo Paspuel,mateo.paspuel64@gmail.com,141,1,28.17,2026-05-06
244,93,Fernanda Benitez,fernanda.benitez10@gmail.com,83,1,38.71,2026-05-17
245,32,Pedro Cruz,pedro.cruz61@gmail.com,75,1,27.75,2026-05-08
246,30,Lucia Acosta,lucia.acosta28@gmail.com,169,1,66.53,2026-05-07
247,9,Miguel Mora,miguel.mora18@gmail.com,32,1,58.84,2026-05-30
248,40,Luis Castro,luis.castro1@gmail.com,182,1,27.62,2026-05-27
249,11,Ana Flores,ana.flores99@gmail.com,119,1,88.03,2026-05-13
250,15,Jose Castro,jose.castro82@gmail.com,2,1,17.74,2026-05-26
251,72,Mateo Paspuel,mateo.paspuel64@gmail.com,73,1,25.01,2026-05-15
252,34,Camila Paspuel,camila.paspuel92@gmail.com,133,1,17.21,2026-05-16
253,72,Mateo Paspuel,mateo.paspuel64@gmail.com,93,1,52.41,2026-05-22
254,39,Ana Castro,ana.castro27@gmail.com,167,1,63.79,2026-05-11
255,87,Emily Paspuel,emily.paspuel93@gmail.com,113,1,79.81,2026-05-19
256,44,Fernanda Torres,fernanda.torres34@gmail.com,62,1,99.94,2026-05-11
257,3,Daniel Suarez,daniel.suarez49@gmail.com,11,1,30.07,2026-05-27
258,64,Emily Salazar,emily.salazar93@gmail.com,173,1,72.01,2026-05-11
259,96,Mateo Mora,mateo.mora34@gmail.com,162,1,56.94,2026-05-02
260,16,Miguel Romero,miguel.romero59@gmail.com,150,1,40.5,2026-05-22
261,12,Sofia Gomez,sofia.gomez66@gmail.com,84,1,40.08,2026-05-15
262,79,Valeria Cruz,valeria.cruz58@gmail.com,33,1,60.21,2026-05-07
263,34,Camila Paspuel,camila.paspuel92@gmail.com,192,1,46.72,2026-05-21
264,28,Fernanda Acosta,fernanda.acosta52@gmail.com,59,1,95.83,2026-05-10
265,22,Emily Perez,emily.perez82@gmail.com,16,1,36.92,2026-05-01
266,87,Emily Paspuel,emily.paspuel93@gmail.com,170,1,67.9,2026-05-15
267,78,Emily Herrera,emily.herrera26@gmail.com,56,1,91.72,2026-05-26
268,16,Miguel Romero,miguel.romero59@gmail.com,141,1,28.17,2026-05-03
269,9,Miguel Mora,miguel.mora18@gmail.com,21,1,43.77,2026-05-14
270,94,Valeria Flores,valeria.flores75@gmail.com,112,1,78.44,2026-05-23
271,87,Emily Paspuel,emily.paspuel93@gmail.com,182,1,27.62,2026-05-28
272,10,Sofia Torres,sofia.torres60@gmail.com,17,1,38.29,2026-05-07
273,67,Miguel Paspuel,miguel.paspuel30@gmail.com,110,1,75.7,2026-05-27
274,62,Diego Perez,diego.perez69@gmail.com,35,1,62.95,2026-05-14
275,98,Ana Navarro,ana.navarro44@gmail.com,102,1,64.74,2026-05-24
276,98,Ana Navarro,ana.navarro44@gmail.com,14,1,34.18,2026-05-25
277,71,Mateo Navarro,mateo.navarro72@gmail.com,70,1,20.9,2026-05-07
278,26,Pedro Castro,pedro.castro94@gmail.com,40,1,69.8,2026-05-04
279,46,Daniel Mora,daniel.mora2@gmail.com,198,1,58.18,2026-05-24
280,48,Miguel Torres,miguel.torres90@gmail.com,105,1,68.85,2026-05-30
281,31,Jose Perez,jose.perez2@gmail.com,68,1,18.16,2026-05-21
282,11,Ana Flores,ana.flores99@gmail.com,157,1,50.09,2026-05-22
283,97,Diego Rojas,diego.rojas44@gmail.com,68,1,18.16,2026-05-04
284,6,Andres Flores,andres.flores67@gmail.com,180,1,81.6,2026-05-29
285,90,Andres Ruiz,andres.ruiz70@gmail.com,126,1,97.62,2026-05-24
286,31,Jose Perez,jose.perez2@gmail.com,53,1,87.61,2026-05-26
287,66,Daniel Cruz,daniel.cruz12@gmail.com,80,1,34.6,2026-05-28
288,22,Emily Perez,emily.perez82@gmail.com,13,1,32.81,2026-05-22
289,31,Jose Perez,jose.perez2@gmail.com,43,1,73.91,2026-05-24
290,14,Luis Flores,luis.flores15@gmail.com,77,1,30.49,2026-05-11
291,83,Maria Castro,maria.castro9@gmail.com,132,1,15.84,2026-05-30
292,55,Ana Acosta,ana.acosta99@gmail.com,11,1,30.07,2026-05-05
293,60,Diana Torres,diana.torres20@gmail.com,99,1,60.63,2026-05-01
294,45,Fernanda Ruiz,fernanda.ruiz48@gmail.com,153,1,44.61,2026-05-05
295,94,Valeria Flores,valeria.flores75@gmail.com,50,1,83.5,2026-05-11
296,73,Miguel Navarro,miguel.navarro4@gmail.com,58,1,94.46,2026-05-09
297,22,Emily Perez,emily.perez82@gmail.com,61,1,98.57,2026-05-30
298,36,Andres Rojas,andres.rojas47@gmail.com,82,1,37.34,2026-05-09
299,74,Ana Mora,ana.mora16@gmail.com,149,1,39.13,2026-05-14
300,82,Sofia Romero,sofia.romero21@gmail.com,94,1,53.78,2026-05-10
301,84,Daniel Flores,daniel.flores75@gmail.com,171,1,69.27,2026-05-23
302,65,Paula Vega,paula.vega31@gmail.com,188,1,39.08,2026-05-15
303,17,Pedro Gomez,pedro.gomez67@gmail.com,105,1,68.85,2026-05-04
304,77,Jose Lopez,jose.lopez69@gmail.com,176,1,76.12,2026-05-01
305,84,Daniel Flores,daniel.flores75@gmail.com,63,1,101.31,2026-05-25
306,54,Diego Flores,diego.flores78@gmail.com,46,1,78.02,2026-05-12
307,11,Ana Flores,ana.flores99@gmail.com,52,1,86.24,2026-05-25
308,78,Emily Herrera,emily.herrera26@gmail.com,63,1,101.31,2026-05-16
309,57,Luis Acosta,luis.acosta47@gmail.com,103,1,66.11,2026-05-07
310,66,Daniel Cruz,daniel.cruz12@gmail.com,143,1,30.91,2026-05-02
311,78,Emily Herrera,emily.herrera26@gmail.com,50,1,83.5,2026-05-29
312,77,Jose Lopez,jose.lopez69@gmail.com,7,1,24.59,2026-05-23
313,23,Camila Castro,camila.castro71@gmail.com,1,1,16.37,2026-05-02
314,82,Sofia Romero,sofia.romero21@gmail.com,57,1,93.09,2026-05-01
315,55,Ana Acosta,ana.acosta99@gmail.com,94,1,53.78,2026-05-13
316,1,Jose Suarez,jose.suarez11@gmail.com,53,1,87.61,2026-05-16
317,87,Emily Paspuel,emily.paspuel93@gmail.com,101,1,63.37,2026-05-16
318,69,Lucia Herrera,lucia.herrera62@gmail.com,197,1,56.27,2026-05-29
319,64,Emily Salazar,emily.salazar93@gmail.com,90,1,48.3,2026-05-27
320,96,Mateo Mora,mateo.mora34@gmail.com,146,1,35.02,2026-05-29
321,27,Luis Mora,luis.mora33@gmail.com,127,1,98.99,2026-05-11
322,73,Miguel Navarro,miguel.navarro4@gmail.com,7,1,24.59,2026-05-08
323,45,Fernanda Ruiz,fernanda.ruiz48@gmail.com,93,1,52.41,2026-05-20
324,26,Pedro Castro,pedro.castro94@gmail.com,75,1,27.75,2026-05-15
325,11,Ana Flores,ana.flores99@gmail.com,25,1,49.25,2026-05-07
326,18,Diego Lopez,diego.lopez92@gmail.com,148,1,37.76,2026-05-19
327,83,Maria Castro,maria.castro9@gmail.com,184,1,31.44,2026-05-02
328,97,Diego Rojas,diego.rojas44@gmail.com,65,1,104.05,2026-05-06
329,57,Luis Acosta,luis.acosta47@gmail.com,68,1,18.16,2026-05-20
330,24,Jose Gomez,jose.gomez27@gmail.com,162,1,56.94,2026-05-29
331,73,Miguel Navarro,miguel.navarro4@gmail.com,92,1,51.04,2026-05-18
332,20,Carlos Lopez,carlos.lopez18@gmail.com,31,1,57.47,2026-05-02
333,86,Maria Flores,maria.flores52@gmail.com,151,1,41.87,2026-05-29
334,51,Daniel Gomez,daniel.gomez14@gmail.com,59,1,95.83,2026-05-10
335,65,Paula Vega,paula.vega31@gmail.com,167,1,63.79,2026-05-15
336,82,Sofia Romero,sofia.romero21@gmail.com,81,1,35.97,2026-05-22
337,71,Mateo Navarro,mateo.navarro72@gmail.com,146,1,35.02,2026-05-29
338,7,Miguel Flores,miguel.flores68@gmail.com,11,1,30.07,2026-05-25
339,18,Diego Lopez,diego.lopez92@gmail.com,78,1,31.86,2026-05-30
340,5,Daniel Acosta,daniel.acosta85@gmail.com,182,1,27.62,2026-05-21
341,77,Jose Lopez,jose.lopez69@gmail.com,167,1,63.79,2026-05-04
342,66,Daniel Cruz,daniel.cruz12@gmail.com,24,1,47.88,2026-05-15
343,77,Jose Lopez,jose.lopez69@gmail.com,153,1,44.61,2026-05-23
344,23,Camila Castro,camila.castro71@gmail.com,180,1,81.6,2026-05-28
345,14,Luis Flores,luis.flores15@gmail.com,26,1,50.62,2026-05-12
346,25,Diego Suarez,diego.suarez45@gmail.com,92,1,51.04,2026-05-16
347,29,Mateo Romero,mateo.romero24@gmail.com,89,1,46.93,2026-05-17
348,77,Jose Lopez,jose.lopez69@gmail.com,93,1,52.41,2026-05-19
349,86,Maria Flores,maria.flores52@gmail.com,112,1,78.44,2026-05-25
350,4,Pedro Salazar,pedro.salazar91@gmail.com,13,1,32.81,2026-05-30
351,32,Pedro Cruz,pedro.cruz61@gmail.com,128,1,100.36,2026-05-17
352,81,Carlos Perez,carlos.perez8@gmail.com,152,1,43.24,2026-05-13
353,19,Diana Romero,diana.romero86@gmail.com,47,1,79.39,2026-05-27
354,43,Jose Rojas,jose.rojas67@gmail.com,197,1,56.27,2026-05-17
355,65,Paula Vega,paula.vega31@gmail.com,48,1,80.76,2026-05-01
356,86,Maria Flores,maria.flores52@gmail.com,152,1,43.24,2026-05-20
357,71,Mateo Navarro,mateo.navarro72@gmail.com,42,1,72.54,2026-05-10
358,17,Pedro Gomez,pedro.gomez67@gmail.com,191,1,44.81,2026-05-20
359,9,Miguel Mora,miguel.mora18@gmail.com,133,1,17.21,2026-05-23
360,60,Diana Torres,diana.torres20@gmail.com,179,1,80.23,2026-05-09
361,97,Diego Rojas,diego.rojas44@gmail.com,24,1,47.88,2026-05-25
362,58,Carlos Vega,carlos.vega32@gmail.com,174,1,73.38,2026-05-02
363,15,Jose Castro,jose.castro82@gmail.com,152,1,43.24,2026-05-03
364,84,Daniel Flores,daniel.flores75@gmail.com,197,1,56.27,2026-05-29
365,52,Camila Mora,camila.mora82@gmail.com,37,1,65.69,2026-05-09
366,88,Sofia Paspuel,sofia.paspuel45@gmail.com,167,1,63.79,2026-05-08
367,44,Fernanda Torres,fernanda.torres34@gmail.com,66,1,15.42,2026-05-07
368,86,Maria Flores,maria.flores52@gmail.com,6,1,23.22,2026-05-07
369,14,Luis Flores,luis.flores15@gmail.com,176,1,76.12,2026-05-13
370,100,Ana Torres,ana.torres87@gmail.com,198,1,58.18,2026-05-07
371,72,Mateo Paspuel,mateo.paspuel64@gmail.com,53,1,87.61,2026-05-19
372,15,Jose Castro,jose.castro82@gmail.com,52,1,86.24,2026-05-16
373,24,Jose Gomez,jose.gomez27@gmail.com,19,1,41.03,2026-05-13
374,18,Diego Lopez,diego.lopez92@gmail.com,75,1,27.75,2026-05-22
375,53,Fernanda Paspuel,fernanda.paspuel45@gmail.com,178,1,78.86,2026-05-24
376,21,Lucia Suarez,lucia.suarez43@gmail.com,140,1,26.8,2026-05-28
377,91,Camila Acosta,camila.acosta41@gmail.com,69,1,19.53,2026-05-19
378,79,Valeria Cruz,valeria.cruz58@gmail.com,53,1,87.61,2026-05-23
379,24,Jose Gomez,jose.gomez27@gmail.com,158,1,51.46,2026-05-15
380,85,Fernanda Herrera,fernanda.herrera13@gmail.com,195,1,52.45,2026-05-21
381,100,Ana Torres,ana.torres87@gmail.com,107,1,71.59,2026-05-17
382,98,Ana Navarro,ana.navarro44@gmail.com,43,1,73.91,2026-05-09
383,75,Miguel Vega,miguel.vega53@gmail.com,14,1,34.18,2026-05-01
384,47,Valeria Benitez,valeria.benitez19@gmail.com,122,1,92.14,2026-05-26
385,66,Daniel Cruz,daniel.cruz12@gmail.com,120,1,89.4,2026-05-02
386,26,Pedro Castro,pedro.castro94@gmail.com,180,1,81.6,2026-05-12
387,89,Ana Gomez,ana.gomez98@gmail.com,1,1,16.37,2026-05-23
388,54,Diego Flores,diego.flores78@gmail.com,66,1,15.42,2026-05-03
389,63,Luis Salazar,luis.salazar83@gmail.com,76,1,29.12,2026-05-09
390,28,Fernanda Acosta,fernanda.acosta52@gmail.com,42,1,72.54,2026-05-10
391,70,Diana Ruiz,diana.ruiz90@gmail.com,162,1,56.94,2026-05-14
392,87,Emily Paspuel,emily.paspuel93@gmail.com,197,1,56.27,2026-05-10
393,2,Carlos Suarez,carlos.suarez87@gmail.com,68,1,18.16,2026-05-29
394,85,Fernanda Herrera,fernanda.herrera13@gmail.com,149,1,39.13,2026-05-17
395,6,Andres Flores,andres.flores67@gmail.com,86,1,42.82,2026-05-10
396,23,Camila Castro,camila.castro71@gmail.com,141,1,28.17,2026-05-09
397,6,Andres Flores,andres.flores67@gmail.com,143,1,30.91,2026-05-14
398,61,Ana Benitez,ana.benitez19@gmail.com,179,1,80.23,2026-05-22
399,7,Miguel Flores,miguel.flores68@gmail.com,63,1,101.31,2026-05-02
400,31,Jose Perez,jose.perez2@gmail.com,144,1,32.28,2026-05-06
401,39,Ana Castro,ana.castro27@gmail.com,47,1,79.39,2026-05-15
402,62,Diego Perez,diego.perez69@gmail.com,194,1,50.54,2026-05-08
403,61,Ana Benitez,ana.benitez19@gmail.com,77,1,30.49,2026-05-14
404,16,Miguel Romero,miguel.romero59@gmail.com,171,1,69.27,2026-05-02
405,78,Emily Herrera,emily.herrera26@gmail.com,151,1,41.87,2026-05-06
406,79,Valeria Cruz,valeria.cruz58@gmail.com,129,1,101.73,2026-05-09
407,10,Sofia Torres,sofia.torres60@gmail.com,153,1,44.61,2026-05-05
408,2,Carlos Suarez,carlos.suarez87@gmail.com,79,1,33.23,2026-05-13
409,19,Diana Romero,diana.romero86@gmail.com,157,1,50.09,2026-05-17
410,25,Diego Suarez,diego.suarez45@gmail.com,181,1,25.71,2026-05-17
411,10,Sofia Torres,sofia.torres60@gmail.com,29,1,54.73,2026-05-06
412,75,Miguel Vega,miguel.vega53@gmail.com,15,1,35.55,2026-05-22
413,74,Ana Mora,ana.mora16@gmail.com,71,1,22.27,2026-05-27
414,16,Miguel Romero,miguel.romero59@gmail.com,62,1,99.94,2026-05-04
415,71,Mateo Navarro,mateo.navarro72@gmail.com,73,1,25.01,2026-05-03
416,78,Emily Herrera,emily.herrera26@gmail.com,98,1,59.26,2026-05-09
417,29,Mateo Romero,mateo.romero24@gmail.com,90,1,48.3,2026-05-07
418,29,Mateo Romero,mateo.romero24@gmail.com,147,1,36.39,2026-05-29
419,23,Camila Castro,camila.castro71@gmail.com,23,1,46.51,2026-05-04
420,31,Jose Perez,jose.perez2@gmail.com,173,1,72.01,2026-05-13
421,28,Fernanda Acosta,fernanda.acosta52@gmail.com,193,1,48.63,2026-05-04
422,8,Paula Benitez,paula.benitez90@gmail.com,66,1,15.42,2026-05-16
423,27,Luis Mora,luis.mora33@gmail.com,135,1,19.95,2026-05-19
424,36,Andres Rojas,andres.rojas47@gmail.com,78,1,31.86,2026-05-07
425,49,Miguel Benitez,miguel.benitez4@gmail.com,196,1,54.36,2026-05-07
426,97,Diego Rojas,diego.rojas44@gmail.com,65,1,104.05,2026-05-11
427,71,Mateo Navarro,mateo.navarro72@gmail.com,19,1,41.03,2026-05-24
428,96,Mateo Mora,mateo.mora34@gmail.com,141,1,28.17,2026-05-02
429,9,Miguel Mora,miguel.mora18@gmail.com,34,1,61.58,2026-05-06
430,22,Emily Perez,emily.perez82@gmail.com,117,1,85.29,2026-05-17
431,69,Lucia Herrera,lucia.herrera62@gmail.com,73,1,25.01,2026-05-01
432,12,Sofia Gomez,sofia.gomez66@gmail.com,190,1,42.9,2026-05-25
433,91,Camila Acosta,camila.acosta41@gmail.com,40,1,69.8,2026-05-07
434,83,Maria Castro,maria.castro9@gmail.com,97,1,57.89,2026-05-14
435,16,Miguel Romero,miguel.romero59@gmail.com,177,1,77.49,2026-05-18
436,9,Miguel Mora,miguel.mora18@gmail.com,194,1,50.54,2026-05-01
437,22,Emily Perez,emily.perez82@gmail.com,16,1,36.92,2026-05-11
438,88,Sofia Paspuel,sofia.paspuel45@gmail.com,99,1,60.63,2026-05-05
439,40,Luis Castro,luis.castro1@gmail.com,161,1,55.57,2026-05-21
440,75,Miguel Vega,miguel.vega53@gmail.com,154,1,45.98,2026-05-13
441,74,Ana Mora,ana.mora16@gmail.com,146,1,35.02,2026-05-29
442,99,Valeria Herrera,valeria.herrera1@gmail.com,72,1,23.64,2026-05-06
443,88,Sofia Paspuel,sofia.paspuel45@gmail.com,160,1,54.2,2026-05-10
444,28,Fernanda Acosta,fernanda.acosta52@gmail.com,23,1,46.51,2026-05-09
445,56,Luis Cruz,luis.cruz91@gmail.com,61,1,98.57,2026-05-12
446,53,Fernanda Paspuel,fernanda.paspuel45@gmail.com,32,1,58.84,2026-05-18
447,18,Diego Lopez,diego.lopez92@gmail.com,44,1,75.28,2026-05-04
448,55,Ana Acosta,ana.acosta99@gmail.com,87,1,44.19,2026-05-20
449,66,Daniel Cruz,daniel.cruz12@gmail.com,72,1,23.64,2026-05-02
450,87,Emily Paspuel,emily.paspuel93@gmail.com,160,1,54.2,2026-05-28
451,59,Luis Paspuel,luis.paspuel81@gmail.com,179,1,80.23,2026-05-08
452,34,Camila Paspuel,camila.paspuel92@gmail.com,125,1,96.25,2026-05-13
453,49,Miguel Benitez,miguel.benitez4@gmail.com,50,1,83.5,2026-05-04
454,15,Jose Castro,jose.castro82@gmail.com,99,1,60.63,2026-05-02
455,5,Daniel Acosta,daniel.acosta85@gmail.com,46,1,78.02,2026-05-12
456,91,Camila Acosta,camila.acosta41@gmail.com,66,1,15.42,2026-05-05
457,83,Maria Castro,maria.castro9@gmail.com,16,1,36.92,2026-05-17
458,62,Diego Perez,diego.perez69@gmail.com,168,1,65.16,2026-05-21
459,38,Lucia Castro,lucia.castro3@gmail.com,180,1,81.6,2026-05-25
460,20,Carlos Lopez,carlos.lopez18@gmail.com,82,1,37.34,2026-05-21
461,44,Fernanda Torres,fernanda.torres34@gmail.com,181,1,25.71,2026-05-11
462,19,Diana Romero,diana.romero86@gmail.com,135,1,19.95,2026-05-01
463,76,Maria Gomez,maria.gomez80@gmail.com,1,1,16.37,2026-05-18
464,78,Emily Herrera,emily.herrera26@gmail.com,176,1,76.12,2026-05-27
465,47,Valeria Benitez,valeria.benitez19@gmail.com,196,1,54.36,2026-05-05
466,55,Ana Acosta,ana.acosta99@gmail.com,147,1,36.39,2026-05-19
467,49,Miguel Benitez,miguel.benitez4@gmail.com,44,1,75.28,2026-05-30
468,46,Daniel Mora,daniel.mora2@gmail.com,123,1,93.51,2026-05-25
469,76,Maria Gomez,maria.gomez80@gmail.com,97,1,57.89,2026-05-10
470,8,Paula Benitez,paula.benitez90@gmail.com,74,1,26.38,2026-05-25
471,34,Camila Paspuel,camila.paspuel92@gmail.com,97,1,57.89,2026-05-15
472,29,Mateo Romero,mateo.romero24@gmail.com,40,1,69.8,2026-05-30
473,17,Pedro Gomez,pedro.gomez67@gmail.com,95,1,55.15,2026-05-26
474,40,Luis Castro,luis.castro1@gmail.com,16,1,36.92,2026-05-13
475,85,Fernanda Herrera,fernanda.herrera13@gmail.com,95,1,55.15,2026-05-02
476,13,Luis Lopez,luis.lopez65@gmail.com,2,1,17.74,2026-05-16
477,91,Camila Acosta,camila.acosta41@gmail.com,93,1,52.41,2026-05-30
478,75,Miguel Vega,miguel.vega53@gmail.com,109,1,74.33,2026-05-01
479,100,Ana Torres,ana.torres87@gmail.com,47,1,79.39,2026-05-05
480,73,Miguel Navarro,miguel.navarro4@gmail.com,115,1,82.55,2026-05-04
481,55,Ana Acosta,ana.acosta99@gmail.com,135,1,19.95,2026-05-15
482,14,Luis Flores,luis.flores15@gmail.com,10,1,28.7,2026-05-08
483,18,Diego Lopez,diego.lopez92@gmail.com,89,1,46.93,2026-05-13
484,66,Daniel Cruz,daniel.cruz12@gmail.com,83,1,38.71,2026-05-07
485,99,Valeria Herrera,valeria.herrera1@gmail.com,188,1,39.08,2026-05-20
486,58,Carlos Vega,carlos.vega32@gmail.com,169,1,66.53,2026-05-01
487,21,Lucia Suarez,lucia.suarez43@gmail.com,187,1,37.17,2026-05-09
488,78,Emily Herrera,emily.herrera26@gmail.com,63,1,101.31,2026-05-19
489,100,Ana Torres,ana.torres87@gmail.com,150,1,40.5,2026-05-08
490,82,Sofia Romero,sofia.romero21@gmail.com,147,1,36.39,2026-05-07
491,33,Emily Ruiz,emily.ruiz87@gmail.com,81,1,35.97,2026-05-13
492,38,Lucia Castro,lucia.castro3@gmail.com,183,1,29.53,2026-05-13
493,21,Lucia Suarez,lucia.suarez43@gmail.com,77,1,30.49,2026-05-04
494,57,Luis Acosta,luis.acosta47@gmail.com,155,1,47.35,2026-05-09
495,77,Jose Lopez,jose.lopez69@gmail.com,131,1,104.47,2026-05-22
496,53,Fernanda Paspuel,fernanda.paspuel45@gmail.com,152,1,43.24,2026-05-03
497,49,Miguel Benitez,miguel.benitez4@gmail.com,127,1,98.99,2026-05-10
498,35,Ana Lopez,ana.lopez61@gmail.com,17,1,38.29,2026-05-28
499,11,Ana Flores,ana.flores99@gmail.com,33,1,60.21,2026-05-22
500,2,Carlos Suarez,carlos.suarez87@gmail.com,146,1,35.02,2026-05-25
501,61,Ana Benitez,ana.benitez19@gmail.com,33,1,60.21,2026-05-20
502,90,Andres Ruiz,andres.ruiz70@gmail.com,62,1,99.94,2026-05-26
503,22,Emily Perez,emily.perez82@gmail.com,61,1,98.57,2026-05-25
504,62,Diego Perez,diego.perez69@gmail.com,119,1,88.03,2026-05-29
505,78,Emily Herrera,emily.herrera26@gmail.com,103,1,66.11,2026-05-04
506,57,Luis Acosta,luis.acosta47@gmail.com,6,1,23.22,2026-05-09
507,65,Paula Vega,paula.vega31@gmail.com,70,1,20.9,2026-05-05
508,73,Miguel Navarro,miguel.navarro4@gmail.com,200,1,62.0,2026-05-20
509,36,Andres Rojas,andres.rojas47@gmail.com,73,1,25.01,2026-05-14
510,99,Valeria Herrera,valeria.herrera1@gmail.com,99,1,60.63,2026-05-10
511,85,Fernanda Herrera,fernanda.herrera13@gmail.com,189,1,40.99,2026-05-07
512,73,Miguel Navarro,miguel.navarro4@gmail.com,140,1,26.8,2026-05-15
513,42,Fernanda Navarro,fernanda.navarro34@gmail.com,153,1,44.61,2026-05-21
514,81,Carlos Perez,carlos.perez8@gmail.com,137,1,22.69,2026-05-11
515,27,Luis Mora,luis.mora33@gmail.com,152,1,43.24,2026-05-22
516,100,Ana Torres,ana.torres87@gmail.com,183,1,29.53,2026-05-19
517,19,Diana Romero,diana.romero86@gmail.com,183,1,29.53,2026-05-02
518,77,Jose Lopez,jose.lopez69@gmail.com,59,1,95.83,2026-05-09
519,33,Emily Ruiz,emily.ruiz87@gmail.com,181,1,25.71,2026-05-09
520,9,Miguel Mora,miguel.mora18@gmail.com,45,1,76.65,2026-05-02
521,43,Jose Rojas,jose.rojas67@gmail.com,88,1,45.56,2026-05-15
522,71,Mateo Navarro,mateo.navarro72@gmail.com,158,1,51.46,2026-05-29
523,21,Lucia Suarez,lucia.suarez43@gmail.com,149,1,39.13,2026-05-21
524,19,Diana Romero,diana.romero86@gmail.com,174,1,73.38,2026-05-23
525,4,Pedro Salazar,pedro.salazar91@gmail.com,191,1,44.81,2026-05-12
526,85,Fernanda Herrera,fernanda.herrera13@gmail.com,143,1,30.91,2026-05-30
527,38,Lucia Castro,lucia.castro3@gmail.com,165,1,61.05,2026-05-15
528,85,Fernanda Herrera,fernanda.herrera13@gmail.com,122,1,92.14,2026-05-14
529,61,Ana Benitez,ana.benitez19@gmail.com,88,1,45.56,2026-05-15
530,29,Mateo Romero,mateo.romero24@gmail.com,150,1,40.5,2026-05-01
531,78,Emily Herrera,emily.herrera26@gmail.com,4,1,20.48,2026-05-27
532,77,Jose Lopez,jose.lopez69@gmail.com,126,1,97.62,2026-05-02
533,85,Fernanda Herrera,fernanda.herrera13@gmail.com,186,1,35.26,2026-05-07
534,64,Emily Salazar,emily.salazar93@gmail.com,179,1,80.23,2026-05-15
535,33,Emily Ruiz,emily.ruiz87@gmail.com,14,1,34.18,2026-05-02
536,42,Fernanda Navarro,fernanda.navarro34@gmail.com,131,1,104.47,2026-05-09
537,72,Mateo Paspuel,mateo.paspuel64@gmail.com,178,1,78.86,2026-05-10
538,25,Diego Suarez,diego.suarez45@gmail.com,179,1,80.23,2026-05-12
539,76,Maria Gomez,maria.gomez80@gmail.com,75,1,27.75,2026-05-10
540,32,Pedro Cruz,pedro.cruz61@gmail.com,138,1,24.06,2026-05-16
541,3,Daniel Suarez,daniel.suarez49@gmail.com,187,1,37.17,2026-05-26
542,81,Carlos Perez,carlos.perez8@gmail.com,161,1,55.57,2026-05-27
543,46,Daniel Mora,daniel.mora2@gmail.com,35,1,62.95,2026-05-03
544,5,Daniel Acosta,daniel.acosta85@gmail.com,7,1,24.59,2026-05-26
545,8,Paula Benitez,paula.benitez90@gmail.com,88,1,45.56,2026-05-20
546,10,Sofia Torres,sofia.torres60@gmail.com,181,1,25.71,2026-05-09
547,14,Luis Flores,luis.flores15@gmail.com,14,1,34.18,2026-05-03
548,96,Mateo Mora,mateo.mora34@gmail.com,53,1,87.61,2026-05-01
549,13,Luis Lopez,luis.lopez65@gmail.com,43,1,73.91,2026-05-23
550,47,Valeria Benitez,valeria.benitez19@gmail.com,131,1,104.47,2026-05-15
551,17,Pedro Gomez,pedro.gomez67@gmail.com,52,1,86.24,2026-05-26
552,49,Miguel Benitez,miguel.benitez4@gmail.com,140,1,26.8,2026-05-14
553,36,Andres Rojas,andres.rojas47@gmail.com,93,1,52.41,2026-05-13
554,69,Lucia Herrera,lucia.herrera62@gmail.com,97,1,57.89,2026-05-23
555,50,Juan Castro,juan.castro81@gmail.com,8,1,25.96,2026-05-03
556,76,Maria Gomez,maria.gomez80@gmail.com,125,1,96.25,2026-05-11
557,73,Miguel Navarro,miguel.navarro4@gmail.com,181,1,25.71,2026-05-20
558,1,Jose Suarez,jose.suarez11@gmail.com,40,1,69.8,2026-05-08
559,72,Mateo Paspuel,mateo.paspuel64@gmail.com,108,1,72.96,2026-05-22
560,23,Camila Castro,camila.castro71@gmail.com,24,1,47.88,2026-05-10
561,57,Luis Acosta,luis.acosta47@gmail.com,87,1,44.19,2026-05-22
562,10,Sofia Torres,sofia.torres60@gmail.com,141,1,28.17,2026-05-16
563,62,Diego Perez,diego.perez69@gmail.com,20,1,42.4,2026-05-20
564,27,Luis Mora,luis.mora33@gmail.com,142,1,29.54,2026-05-28
565,56,Luis Cruz,luis.cruz91@gmail.com,70,1,20.9,2026-05-13
566,58,Carlos Vega,carlos.vega32@gmail.com,96,1,56.52,2026-05-19
567,92,Paula Torres,paula.torres53@gmail.com,77,1,30.49,2026-05-06
568,79,Valeria Cruz,valeria.cruz58@gmail.com,70,1,20.9,2026-05-01
569,41,Luis Gomez,luis.gomez94@gmail.com,175,1,74.75,2026-05-23
570,1,Jose Suarez,jose.suarez11@gmail.com,121,1,90.77,2026-05-13
571,14,Luis Flores,luis.flores15@gmail.com,152,1,43.24,2026-05-24
572,29,Mateo Romero,mateo.romero24@gmail.com,52,1,86.24,2026-05-13
573,32,Pedro Cruz,pedro.cruz61@gmail.com,131,1,104.47,2026-05-15
574,48,Miguel Torres,miguel.torres90@gmail.com,163,1,58.31,2026-05-18
575,100,Ana Torres,ana.torres87@gmail.com,118,1,86.66,2026-05-01
576,15,Jose Castro,jose.castro82@gmail.com,58,1,94.46,2026-05-12
577,68,Miguel Rojas,miguel.rojas85@gmail.com,136,1,21.32,2026-05-20
578,4,Pedro Salazar,pedro.salazar91@gmail.com,2,1,17.74,2026-05-10
579,33,Emily Ruiz,emily.ruiz87@gmail.com,88,1,45.56,2026-05-07
580,43,Jose Rojas,jose.rojas67@gmail.com,171,1,69.27,2026-05-04
581,75,Miguel Vega,miguel.vega53@gmail.com,55,1,90.35,2026-05-24
582,8,Paula Benitez,paula.benitez90@gmail.com,189,1,40.99,2026-05-29
583,70,Diana Ruiz,diana.ruiz90@gmail.com,155,1,47.35,2026-05-14
584,7,Miguel Flores,miguel.flores68@gmail.com,141,1,28.17,2026-05-11
585,32,Pedro Cruz,pedro.cruz61@gmail.com,152,1,43.24,2026-05-11
586,63,Luis Salazar,luis.salazar83@gmail.com,125,1,96.25,2026-05-25
587,35,Ana Lopez,ana.lopez61@gmail.com,13,1,32.81,2026-05-08
588,11,Ana Flores,ana.flores99@gmail.com,120,1,89.4,2026-05-24
589,100,Ana Torres,ana.torres87@gmail.com,154,1,45.98,2026-05-27
590,94,Valeria Flores,valeria.flores75@gmail.com,141,1,28.17,2026-05-23
591,96,Mateo Mora,mateo.mora34@gmail.com,8,1,25.96,2026-05-05
592,10,Sofia Torres,sofia.torres60@gmail.com,167,1,63.79,2026-05-03
593,26,Pedro Castro,pedro.castro94@gmail.com,54,1,88.98,2026-05-03
594,49,Miguel Benitez,miguel.benitez4@gmail.com,177,1,77.49,2026-05-18
595,46,Daniel Mora,daniel.mora2@gmail.com,86,1,42.82,2026-05-16
596,11,Ana Flores,ana.flores99@gmail.com,80,1,34.6,2026-05-09
597,18,Diego Lopez,diego.lopez92@gmail.com,19,1,41.03,2026-05-22
598,35,Ana Lopez,ana.lopez61@gmail.com,130,1,103.1,2026-05-04
599,22,Emily Perez,emily.perez82@gmail.com,79,1,33.23,2026-05-02
600,36,Andres Rojas,andres.rojas47@gmail.com,124,1,94.88,2026-05-09
601,20,Carlos Lopez,carlos.lopez18@gmail.com,167,1,63.79,2026-05-24
602,71,Mateo Navarro,mateo.navarro72@gmail.com,13,1,32.81,2026-05-28
603,15,Jose Castro,jose.castro82@gmail.com,163,1,58.31,2026-05-03
604,72,Mateo Paspuel,mateo.paspuel64@gmail.com,7,1,24.59,2026-05-11
605,80,Mateo Gomez,mateo.gomez40@gmail.com,200,1,62.0,2026-05-01
606,37,Camila Rojas,camila.rojas50@gmail.com,87,1,44.19,2026-05-29
607,85,Fernanda Herrera,fernanda.herrera13@gmail.com,99,1,60.63,2026-05-29
608,52,Camila Mora,camila.mora82@gmail.com,188,1,39.08,2026-05-21
609,94,Valeria Flores,valeria.flores75@gmail.com,117,1,85.29,2026-05-11
610,98,Ana Navarro,ana.navarro44@gmail.com,136,1,21.32,2026-05-24
611,13,Luis Lopez,luis.lopez65@gmail.com,123,1,93.51,2026-05-07
612,16,Miguel Romero,miguel.romero59@gmail.com,87,1,44.19,2026-05-08
613,41,Luis Gomez,luis.gomez94@gmail.com,80,1,34.6,2026-05-10
614,12,Sofia Gomez,sofia.gomez66@gmail.com,198,1,58.18,2026-05-01
615,30,Lucia Acosta,lucia.acosta28@gmail.com,145,1,33.65,2026-05-05
616,57,Luis Acosta,luis.acosta47@gmail.com,84,1,40.08,2026-05-06
617,90,Andres Ruiz,andres.ruiz70@gmail.com,185,1,33.35,2026-05-04
618,53,Fernanda Paspuel,fernanda.paspuel45@gmail.com,43,1,73.91,2026-05-21
619,64,Emily Salazar,emily.salazar93@gmail.com,28,1,53.36,2026-05-01
620,88,Sofia Paspuel,sofia.paspuel45@gmail.com,186,1,35.26,2026-05-30
621,56,Luis Cruz,luis.cruz91@gmail.com,175,1,74.75,2026-05-22
622,94,Valeria Flores,valeria.flores75@gmail.com,132,1,15.84,2026-05-02
623,15,Jose Castro,jose.castro82@gmail.com,146,1,35.02,2026-05-16
624,14,Luis Flores,luis.flores15@gmail.com,113,1,79.81,2026-05-25
625,5,Daniel Acosta,daniel.acosta85@gmail.com,60,1,97.2,2026-05-21
626,85,Fernanda Herrera,fernanda.herrera13@gmail.com,123,1,93.51,2026-05-28
627,46,Daniel Mora,daniel.mora2@gmail.com,149,1,39.13,2026-05-23
628,72,Mateo Paspuel,mateo.paspuel64@gmail.com,68,1,18.16,2026-05-24
629,13,Luis Lopez,luis.lopez65@gmail.com,111,1,77.07,2026-05-17
630,60,Diana Torres,diana.torres20@gmail.com,187,1,37.17,2026-05-04
631,93,Fernanda Benitez,fernanda.benitez10@gmail.com,164,1,59.68,2026-05-15
632,56,Luis Cruz,luis.cruz91@gmail.com,77,1,30.49,2026-05-24
633,22,Emily Perez,emily.perez82@gmail.com,80,1,34.6,2026-05-14
634,18,Diego Lopez,diego.lopez92@gmail.com,29,1,54.73,2026-05-04
635,72,Mateo Paspuel,mateo.paspuel64@gmail.com,185,1,33.35,2026-05-08
636,27,Luis Mora,luis.mora33@gmail.com,37,1,65.69,2026-05-11
637,41,Luis Gomez,luis.gomez94@gmail.com,19,1,41.03,2026-05-24
638,71,Mateo Navarro,mateo.navarro72@gmail.com,88,1,45.56,2026-05-24
639,49,Miguel Benitez,miguel.benitez4@gmail.com,186,1,35.26,2026-05-24
640,11,Ana Flores,ana.flores99@gmail.com,158,1,51.46,2026-05-02
641,57,Luis Acosta,luis.acosta47@gmail.com,116,1,83.92,2026-05-21
642,30,Lucia Acosta,lucia.acosta28@gmail.com,109,1,74.33,2026-05-01
643,27,Luis Mora,luis.mora33@gmail.com,23,1,46.51,2026-05-02
644,74,Ana Mora,ana.mora16@gmail.com,83,1,38.71,2026-05-24
645,57,Luis Acosta,luis.acosta47@gmail.com,105,1,68.85,2026-05-21
646,11,Ana Flores,ana.flores99@gmail.com,51,1,84.87,2026-05-26
647,36,Andres Rojas,andres.rojas47@gmail.com,13,1,32.81,2026-05-23
648,77,Jose Lopez,jose.lopez69@gmail.com,63,1,101.31,2026-05-16
649,85,Fernanda Herrera,fernanda.herrera13@gmail.com,92,1,51.04,2026-05-27
650,29,Mateo Romero,mateo.romero24@gmail.com,112,1,78.44,2026-05-06
651,21,Lucia Suarez,lucia.suarez43@gmail.com,63,1,101.31,2026-05-13
652,25,Diego Suarez,diego.suarez45@gmail.com,71,1,22.27,2026-05-23
653,44,Fernanda Torres,fernanda.torres34@gmail.com,28,1,53.36,2026-05-02
654,67,Miguel Paspuel,miguel.paspuel30@gmail.com,159,1,52.83,2026-05-11
655,28,Fernanda Acosta,fernanda.acosta52@gmail.com,70,1,20.9,2026-05-04
656,69,Lucia Herrera,lucia.herrera62@gmail.com,8,1,25.96,2026-05-17
657,45,Fernanda Ruiz,fernanda.ruiz48@gmail.com,177,1,77.49,2026-05-29
658,9,Miguel Mora,miguel.mora18@gmail.com,57,1,93.09,2026-05-28
659,94,Valeria Flores,valeria.flores75@gmail.com,139,1,25.43,2026-05-10
660,36,Andres Rojas,andres.rojas47@gmail.com,171,1,69.27,2026-05-13
661,70,Diana Ruiz,diana.ruiz90@gmail.com,140,1,26.8,2026-05-07
662,92,Paula Torres,paula.torres53@gmail.com,153,1,44.61,2026-05-25
663,78,Emily Herrera,emily.herrera26@gmail.com,32,1,58.84,2026-05-06
664,20,Carlos Lopez,carlos.lopez18@gmail.com,154,1,45.98,2026-05-08
665,59,Luis Paspuel,luis.paspuel81@gmail.com,166,1,62.42,2026-05-07
666,15,Jose Castro,jose.castro82@gmail.com,190,1,42.9,2026-05-11
667,78,Emily Herrera,emily.herrera26@gmail.com,175,1,74.75,2026-05-04
668,22,Emily Perez,emily.perez82@gmail.com,159,1,52.83,2026-05-03
669,89,Ana Gomez,ana.gomez98@gmail.com,132,1,15.84,2026-05-13
670,57,Luis Acosta,luis.acosta47@gmail.com,192,1,46.72,2026-05-28
671,72,Mateo Paspuel,mateo.paspuel64@gmail.com,191,1,44.81,2026-05-05
672,87,Emily Paspuel,emily.paspuel93@gmail.com,148,1,37.76,2026-05-06
673,3,Daniel Suarez,daniel.suarez49@gmail.com,175,1,74.75,2026-05-11
674,47,Valeria Benitez,valeria.benitez19@gmail.com,1,1,16.37,2026-05-25
675,94,Valeria Flores,valeria.flores75@gmail.com,117,1,85.29,2026-05-19
676,68,Miguel Rojas,miguel.rojas85@gmail.com,90,1,48.3,2026-05-24
677,84,Daniel Flores,daniel.flores75@gmail.com,38,1,67.06,2026-05-16
678,51,Daniel Gomez,daniel.gomez14@gmail.com,191,1,44.81,2026-05-29
679,96,Mateo Mora,mateo.mora34@gmail.com,150,1,40.5,2026-05-21
680,16,Miguel Romero,miguel.romero59@gmail.com,104,1,67.48,2026-05-29
681,25,Diego Suarez,diego.suarez45@gmail.com,60,1,97.2,2026-05-29
682,78,Emily Herrera,emily.herrera26@gmail.com,133,1,17.21,2026-05-30
683,45,Fernanda Ruiz,fernanda.ruiz48@gmail.com,149,1,39.13,2026-05-13
684,18,Diego Lopez,diego.lopez92@gmail.com,69,1,19.53,2026-05-12
685,50,Juan Castro,juan.castro81@gmail.com,25,1,49.25,2026-05-22
686,14,Luis Flores,luis.flores15@gmail.com,170,1,67.9,2026-05-13
687,57,Luis Acosta,luis.acosta47@gmail.com,87,1,44.19,2026-05-17
688,55,Ana Acosta,ana.acosta99@gmail.com,171,1,69.27,2026-05-04
689,86,Maria Flores,maria.flores52@gmail.com,199,1,60.09,2026-05-03
690,77,Jose Lopez,jose.lopez69@gmail.com,58,1,94.46,2026-05-04
691,49,Miguel Benitez,miguel.benitez4@gmail.com,62,1,99.94,2026-05-23
692,39,Ana Castro,ana.castro27@gmail.com,126,1,97.62,2026-05-10
693,13,Luis Lopez,luis.lopez65@gmail.com,38,1,67.06,2026-05-07
694,100,Ana Torres,ana.torres87@gmail.com,140,1,26.8,2026-05-13
695,47,Valeria Benitez,valeria.benitez19@gmail.com,51,1,84.87,2026-05-30
696,22,Emily Perez,emily.perez82@gmail.com,115,1,82.55,2026-05-13
697,78,Emily Herrera,emily.herrera26@gmail.com,136,1,21.32,2026-05-03
698,46,Daniel Mora,daniel.mora2@gmail.com,55,1,90.35,2026-05-13
699,89,Ana Gomez,ana.gomez98@gmail.com,76,1,29.12,2026-05-26
700,82,Sofia Romero,sofia.romero21@gmail.com,15,1,35.55,2026-05-22
701,44,Fernanda Torres,fernanda.torres34@gmail.com,36,1,64.32,2026-05-21
702,4,Pedro Salazar,pedro.salazar91@gmail.com,58,1,94.46,2026-05-07
703,14,Luis Flores,luis.flores15@gmail.com,48,1,80.76,2026-05-04
704,68,Miguel Rojas,miguel.rojas85@gmail.com,171,1,69.27,2026-05-06
705,47,Valeria Benitez,valeria.benitez19@gmail.com,32,1,58.84,2026-05-16
706,24,Jose Gomez,jose.gomez27@gmail.com,50,1,83.5,2026-05-26
707,97,Diego Rojas,diego.rojas44@gmail.com,77,1,30.49,2026-05-24
708,82,Sofia Romero,sofia.romero21@gmail.com,50,1,83.5,2026-05-30
709,22,Emily Perez,emily.perez82@gmail.com,156,1,48.72,2026-05-04
710,7,Miguel Flores,miguel.flores68@gmail.com,71,1,22.27,2026-05-16
711,93,Fernanda Benitez,fernanda.benitez10@gmail.com,82,1,37.34,2026-05-19
712,92,Paula Torres,paula.torres53@gmail.com,88,1,45.56,2026-05-03
713,12,Sofia Gomez,sofia.gomez66@gmail.com,119,1,88.03,2026-05-04
714,17,Pedro Gomez,pedro.gomez67@gmail.com,166,1,62.42,2026-05-01
715,11,Ana Flores,ana.flores99@gmail.com,76,1,29.12,2026-05-12
716,84,Daniel Flores,daniel.flores75@gmail.com,99,1,60.63,2026-05-22
717,30,Lucia Acosta,lucia.acosta28@gmail.com,66,1,15.42,2026-05-15
718,16,Miguel Romero,miguel.romero59@gmail.com,86,1,42.82,2026-05-15
719,14,Luis Flores,luis.flores15@gmail.com,198,1,58.18,2026-05-22
720,94,Valeria Flores,valeria.flores75@gmail.com,121,1,90.77,2026-05-08
721,71,Mateo Navarro,mateo.navarro72@gmail.com,9,1,27.33,2026-05-28
722,48,Miguel Torres,miguel.torres90@gmail.com,45,1,76.65,2026-05-23
723,35,Ana Lopez,ana.lopez61@gmail.com,148,1,37.76,2026-05-18
724,81,Carlos Perez,carlos.perez8@gmail.com,136,1,21.32,2026-05-28
725,2,Carlos Suarez,carlos.suarez87@gmail.com,151,1,41.87,2026-05-26
726,3,Daniel Suarez,daniel.suarez49@gmail.com,177,1,77.49,2026-05-11
727,77,Jose Lopez,jose.lopez69@gmail.com,197,1,56.27,2026-05-19
728,78,Emily Herrera,emily.herrera26@gmail.com,200,1,62.0,2026-05-30
729,29,Mateo Romero,mateo.romero24@gmail.com,138,1,24.06,2026-05-29
730,48,Miguel Torres,miguel.torres90@gmail.com,79,1,33.23,2026-05-14
731,19,Diana Romero,diana.romero86@gmail.com,169,1,66.53,2026-05-26
732,85,Fernanda Herrera,fernanda.herrera13@gmail.com,180,1,81.6,2026-05-04
733,71,Mateo Navarro,mateo.navarro72@gmail.com,62,1,99.94,2026-05-18
734,76,Maria Gomez,maria.gomez80@gmail.com,180,1,81.6,2026-05-26
735,79,Valeria Cruz,valeria.cruz58@gmail.com,174,1,73.38,2026-05-15
736,41,Luis Gomez,luis.gomez94@gmail.com,126,1,97.62,2026-05-14
737,94,Valeria Flores,valeria.flores75@gmail.com,114,1,81.18,2026-05-20
738,19,Diana Romero,diana.romero86@gmail.com,122,1,92.14,2026-05-16
739,39,Ana Castro,ana.castro27@gmail.com,89,1,46.93,2026-05-22
740,99,Valeria Herrera,valeria.herrera1@gmail.com,134,1,18.58,2026-05-01
741,57,Luis Acosta,luis.acosta47@gmail.com,199,1,60.09,2026-05-07
742,34,Camila Paspuel,camila.paspuel92@gmail.com,81,1,35.97,2026-05-16
743,9,Miguel Mora,miguel.mora18@gmail.com,40,1,69.8,2026-05-07
744,2,Carlos Suarez,carlos.suarez87@gmail.com,116,1,83.92,2026-05-19
745,17,Pedro Gomez,pedro.gomez67@gmail.com,141,1,28.17,2026-05-01
746,45,Fernanda Ruiz,fernanda.ruiz48@gmail.com,106,1,70.22,2026-05-14
747,28,Fernanda Acosta,fernanda.acosta52@gmail.com,171,1,69.27,2026-05-09
748,36,Andres Rojas,andres.rojas47@gmail.com,31,1,57.47,2026-05-14
749,9,Miguel Mora,miguel.mora18@gmail.com,150,1,40.5,2026-05-06
750,87,Emily Paspuel,emily.paspuel93@gmail.com,37,1,65.69,2026-05-29
751,72,Mateo Paspuel,mateo.paspuel64@gmail.com,88,1,45.56,2026-05-02
752,73,Miguel Navarro,miguel.navarro4@gmail.com,64,1,102.68,2026-05-26
753,80,Mateo Gomez,mateo.gomez40@gmail.com,189,1,40.99,2026-05-24
754,47,Valeria Benitez,valeria.benitez19@gmail.com,56,1,91.72,2026-05-27
755,98,Ana Navarro,ana.navarro44@gmail.com,46,1,78.02,2026-05-23
756,99,Valeria Herrera,valeria.herrera1@gmail.com,105,1,68.85,2026-05-04
757,94,Valeria Flores,valeria.flores75@gmail.com,155,1,47.35,2026-05-30
758,35,Ana Lopez,ana.lopez61@gmail.com,152,1,43.24,2026-05-20
759,94,Valeria Flores,valeria.flores75@gmail.com,62,1,99.94,2026-05-10
760,56,Luis Cruz,luis.cruz91@gmail.com,128,1,100.36,2026-05-03
761,54,Diego Flores,diego.flores78@gmail.com,184,1,31.44,2026-05-05
762,83,Maria Castro,maria.castro9@gmail.com,5,1,21.85,2026-05-21
763,57,Luis Acosta,luis.acosta47@gmail.com,87,1,44.19,2026-05-26
764,48,Miguel Torres,miguel.torres90@gmail.com,114,1,81.18,2026-05-07
765,91,Camila Acosta,camila.acosta41@gmail.com,116,1,83.92,2026-05-23
766,58,Carlos Vega,carlos.vega32@gmail.com,143,1,30.91,2026-05-22
767,13,Luis Lopez,luis.lopez65@gmail.com,81,1,35.97,2026-05-28
768,30,Lucia Acosta,lucia.acosta28@gmail.com,109,1,74.33,2026-05-14
769,87,Emily Paspuel,emily.paspuel93@gmail.com,179,1,80.23,2026-05-19
770,46,Daniel Mora,daniel.mora2@gmail.com,16,1,36.92,2026-05-01
771,8,Paula Benitez,paula.benitez90@gmail.com,72,1,23.64,2026-05-26
772,90,Andres Ruiz,andres.ruiz70@gmail.com,5,1,21.85,2026-05-23
773,36,Andres Rojas,andres.rojas47@gmail.com,125,1,96.25,2026-05-24
774,45,Fernanda Ruiz,fernanda.ruiz48@gmail.com,107,1,71.59,2026-05-17
775,76,Maria Gomez,maria.gomez80@gmail.com,187,1,37.17,2026-05-25
776,72,Mateo Paspuel,mateo.paspuel64@gmail.com,135,1,19.95,2026-05-30
777,81,Carlos Perez,carlos.perez8@gmail.com,98,1,59.26,2026-05-27
778,32,Pedro Cruz,pedro.cruz61@gmail.com,109,1,74.33,2026-05-25
779,71,Mateo Navarro,mateo.navarro72@gmail.com,133,1,17.21,2026-05-21
780,72,Mateo Paspuel,mateo.paspuel64@gmail.com,63,1,101.31,2026-05-17
781,17,Pedro Gomez,pedro.gomez67@gmail.com,135,1,19.95,2026-05-11
782,59,Luis Paspuel,luis.paspuel81@gmail.com,40,1,69.8,2026-05-26
783,79,Valeria Cruz,valeria.cruz58@gmail.com,163,1,58.31,2026-05-30
784,94,Valeria Flores,valeria.flores75@gmail.com,28,1,53.36,2026-05-15
785,86,Maria Flores,maria.flores52@gmail.com,94,1,53.78,2026-05-28
786,53,Fernanda Paspuel,fernanda.paspuel45@gmail.com,192,1,46.72,2026-05-14
787,92,Paula Torres,paula.torres53@gmail.com,61,1,98.57,2026-05-11
788,75,Miguel Vega,miguel.vega53@gmail.com,133,1,17.21,2026-05-28
789,28,Fernanda Acosta,fernanda.acosta52@gmail.com,35,1,62.95,2026-05-02
790,39,Ana Castro,ana.castro27@gmail.com,8,1,25.96,2026-05-24
791,30,Lucia Acosta,lucia.acosta28@gmail.com,101,1,63.37,2026-05-28
792,27,Luis Mora,luis.mora33@gmail.com,143,1,30.91,2026-05-24
793,1,Jose Suarez,jose.suarez11@gmail.com,30,1,56.1,2026-05-08
794,27,Luis Mora,luis.mora33@gmail.com,117,1,85.29,2026-05-30
795,6,Andres Flores,andres.flores67@gmail.com,63,1,101.31,2026-05-06
796,34,Camila Paspuel,camila.paspuel92@gmail.com,162,1,56.94,2026-05-15
797,31,Jose Perez,jose.perez2@gmail.com,59,1,95.83,2026-05-01
798,60,Diana Torres,diana.torres20@gmail.com,129,1,101.73,2026-05-13
799,25,Diego Suarez,diego.suarez45@gmail.com,42,1,72.54,2026-05-26
800,59,Luis Paspuel,luis.paspuel81@gmail.com,172,1,70.64,2026-05-02
801,75,Miguel Vega,miguel.vega53@gmail.com,6,1,23.22,2026-05-04
802,78,Emily Herrera,emily.herrera26@gmail.com,31,1,57.47,2026-05-18
803,78,Emily Herrera,emily.herrera26@gmail.com,145,1,33.65,2026-05-11
804,26,Pedro Castro,pedro.castro94@gmail.com,132,1,15.84,2026-05-03
805,70,Diana Ruiz,diana.ruiz90@gmail.com,101,1,63.37,2026-05-09
806,14,Luis Flores,luis.flores15@gmail.com,156,1,48.72,2026-05-14
807,54,Diego Flores,diego.flores78@gmail.com,94,1,53.78,2026-05-27
808,16,Miguel Romero,miguel.romero59@gmail.com,7,1,24.59,2026-05-27
809,45,Fernanda Ruiz,fernanda.ruiz48@gmail.com,161,1,55.57,2026-05-11
810,20,Carlos Lopez,carlos.lopez18@gmail.com,61,1,98.57,2026-05-10
811,40,Luis Castro,luis.castro1@gmail.com,112,1,78.44,2026-05-11
812,100,Ana Torres,ana.torres87@gmail.com,148,1,37.76,2026-05-05
813,42,Fernanda Navarro,fernanda.navarro34@gmail.com,146,1,35.02,2026-05-26
814,97,Diego Rojas,diego.rojas44@gmail.com,128,1,100.36,2026-05-23
815,90,Andres Ruiz,andres.ruiz70@gmail.com,40,1,69.8,2026-05-23
816,48,Miguel Torres,miguel.torres90@gmail.com,40,1,69.8,2026-05-05
817,41,Luis Gomez,luis.gomez94@gmail.com,163,1,58.31,2026-05-27
818,12,Sofia Gomez,sofia.gomez66@gmail.com,2,1,17.74,2026-05-20
819,93,Fernanda Benitez,fernanda.benitez10@gmail.com,57,1,93.09,2026-05-26
820,56,Luis Cruz,luis.cruz91@gmail.com,50,1,83.5,2026-05-10
821,40,Luis Castro,luis.castro1@gmail.com,102,1,64.74,2026-05-11
822,80,Mateo Gomez,mateo.gomez40@gmail.com,180,1,81.6,2026-05-16
823,21,Lucia Suarez,lucia.suarez43@gmail.com,132,1,15.84,2026-05-08
824,50,Juan Castro,juan.castro81@gmail.com,104,1,67.48,2026-05-01
825,66,Daniel Cruz,daniel.cruz12@gmail.com,103,1,66.11,2026-05-05
826,94,Valeria Flores,valeria.flores75@gmail.com,137,1,22.69,2026-05-02
827,52,Camila Mora,camila.mora82@gmail.com,47,1,79.39,2026-05-14
828,84,Daniel Flores,daniel.flores75@gmail.com,5,1,21.85,2026-05-03
829,87,Emily Paspuel,emily.paspuel93@gmail.com,145,1,33.65,2026-05-09
830,31,Jose Perez,jose.perez2@gmail.com,68,1,18.16,2026-05-04
831,28,Fernanda Acosta,fernanda.acosta52@gmail.com,1,1,16.37,2026-05-04
832,35,Ana Lopez,ana.lopez61@gmail.com,131,1,104.47,2026-05-21
833,15,Jose Castro,jose.castro82@gmail.com,136,1,21.32,2026-05-08
834,67,Miguel Paspuel,miguel.paspuel30@gmail.com,173,1,72.01,2026-05-04
835,32,Pedro Cruz,pedro.cruz61@gmail.com,151,1,41.87,2026-05-19
836,20,Carlos Lopez,carlos.lopez18@gmail.com,156,1,48.72,2026-05-24
837,52,Camila Mora,camila.mora82@gmail.com,151,1,41.87,2026-05-02
838,8,Paula Benitez,paula.benitez90@gmail.com,18,1,39.66,2026-05-14
839,29,Mateo Romero,mateo.romero24@gmail.com,67,1,16.79,2026-05-08
840,37,Camila Rojas,camila.rojas50@gmail.com,31,1,57.47,2026-05-14
841,100,Ana Torres,ana.torres87@gmail.com,60,1,97.2,2026-05-29
842,56,Luis Cruz,luis.cruz91@gmail.com,108,1,72.96,2026-05-13
843,29,Mateo Romero,mateo.romero24@gmail.com,41,1,71.17,2026-05-26
844,84,Daniel Flores,daniel.flores75@gmail.com,74,1,26.38,2026-05-12
845,14,Luis Flores,luis.flores15@gmail.com,35,1,62.95,2026-05-27
846,25,Diego Suarez,diego.suarez45@gmail.com,135,1,19.95,2026-05-29
847,21,Lucia Suarez,lucia.suarez43@gmail.com,83,1,38.71,2026-05-13
848,13,Luis Lopez,luis.lopez65@gmail.com,169,1,66.53,2026-05-11
849,85,Fernanda Herrera,fernanda.herrera13@gmail.com,86,1,42.82,2026-05-13
850,73,Miguel Navarro,miguel.navarro4@gmail.com,115,1,82.55,2026-05-23
851,31,Jose Perez,jose.perez2@gmail.com,197,1,56.27,2026-05-06
852,11,Ana Flores,ana.flores99@gmail.com,11,1,30.07,2026-05-08
853,97,Diego Rojas,diego.rojas44@gmail.com,70,1,20.9,2026-05-21
854,86,Maria Flores,maria.flores52@gmail.com,94,1,53.78,2026-05-06
855,12,Sofia Gomez,sofia.gomez66@gmail.com,91,1,49.67,2026-05-19
856,75,Miguel Vega,miguel.vega53@gmail.com,40,1,69.8,2026-05-18
857,56,Luis Cruz,luis.cruz91@gmail.com,83,1,38.71,2026-05-14
858,80,Mateo Gomez,mateo.gomez40@gmail.com,175,1,74.75,2026-05-11
859,54,Diego Flores,diego.flores78@gmail.com,53,1,87.61,2026-05-08
860,75,Miguel Vega,miguel.vega53@gmail.com,167,1,63.79,2026-05-23
861,20,Carlos Lopez,carlos.lopez18@gmail.com,105,1,68.85,2026-05-18
862,14,Luis Flores,luis.flores15@gmail.com,52,1,86.24,2026-05-25
863,14,Luis Flores,luis.flores15@gmail.com,138,1,24.06,2026-05-06
864,63,Luis Salazar,luis.salazar83@gmail.com,23,1,46.51,2026-05-09
865,90,Andres Ruiz,andres.ruiz70@gmail.com,62,1,99.94,2026-05-16
866,100,Ana Torres,ana.torres87@gmail.com,18,1,39.66,2026-05-29
867,12,Sofia Gomez,sofia.gomez66@gmail.com,23,1,46.51,2026-05-17
868,89,Ana Gomez,ana.gomez98@gmail.com,102,1,64.74,2026-05-25
869,15,Jose Castro,jose.castro82@gmail.com,59,1,95.83,2026-05-29
870,34,Camila Paspuel,camila.paspuel92@gmail.com,188,1,39.08,2026-05-17
871,42,Fernanda Navarro,fernanda.navarro34@gmail.com,120,1,89.4,2026-05-27
872,39,Ana Castro,ana.castro27@gmail.com,110,1,75.7,2026-05-09
873,69,Lucia Herrera,lucia.herrera62@gmail.com,82,1,37.34,2026-05-07
874,47,Valeria Benitez,valeria.benitez19@gmail.com,23,1,46.51,2026-05-25
875,42,Fernanda Navarro,fernanda.navarro34@gmail.com,21,1,43.77,2026-05-22
876,13,Luis Lopez,luis.lopez65@gmail.com,189,1,40.99,2026-05-21
877,4,Pedro Salazar,pedro.salazar91@gmail.com,96,1,56.52,2026-05-06
878,95,Ana Cruz,ana.cruz50@gmail.com,120,1,89.4,2026-05-26
879,36,Andres Rojas,andres.rojas47@gmail.com,190,1,42.9,2026-05-30
880,78,Emily Herrera,emily.herrera26@gmail.com,198,1,58.18,2026-05-12
881,78,Emily Herrera,emily.herrera26@gmail.com,22,1,45.14,2026-05-08
882,52,Camila Mora,camila.mora82@gmail.com,133,1,17.21,2026-05-26
883,49,Miguel Benitez,miguel.benitez4@gmail.com,137,1,22.69,2026-05-10
884,4,Pedro Salazar,pedro.salazar91@gmail.com,130,1,103.1,2026-05-29
885,61,Ana Benitez,ana.benitez19@gmail.com,175,1,74.75,2026-05-01
886,17,Pedro Gomez,pedro.gomez67@gmail.com,106,1,70.22,2026-05-02
887,1,Jose Suarez,jose.suarez11@gmail.com,26,1,50.62,2026-05-21
888,72,Mateo Paspuel,mateo.paspuel64@gmail.com,138,1,24.06,2026-05-19
889,83,Maria Castro,maria.castro9@gmail.com,129,1,101.73,2026-05-27
890,25,Diego Suarez,diego.suarez45@gmail.com,128,1,100.36,2026-05-02
891,63,Luis Salazar,luis.salazar83@gmail.com,174,1,73.38,2026-05-14
892,6,Andres Flores,andres.flores67@gmail.com,163,1,58.31,2026-05-09
893,74,Ana Mora,ana.mora16@gmail.com,82,1,37.34,2026-05-15
894,13,Luis Lopez,luis.lopez65@gmail.com,182,1,27.62,2026-05-29
895,44,Fernanda Torres,fernanda.torres34@gmail.com,82,1,37.34,2026-05-17
896,78,Emily Herrera,emily.herrera26@gmail.com,16,1,36.92,2026-05-26
897,53,Fernanda Paspuel,fernanda.paspuel45@gmail.com,75,1,27.75,2026-05-27
898,72,Mateo Paspuel,mateo.paspuel64@gmail.com,26,1,50.62,2026-05-24
899,88,Sofia Paspuel,sofia.paspuel45@gmail.com,2,1,17.74,2026-05-05
900,47,Valeria Benitez,valeria.benitez19@gmail.com,49,1,82.13,2026-05-18
901,97,Diego Rojas,diego.rojas44@gmail.com,108,1,72.96,2026-05-12
902,25,Diego Suarez,diego.suarez45@gmail.com,33,1,60.21,2026-05-01
903,39,Ana Castro,ana.castro27@gmail.com,200,1,62.0,2026-05-26
904,71,Mateo Navarro,mateo.navarro72@gmail.com,178,1,78.86,2026-05-05
905,4,Pedro Salazar,pedro.salazar91@gmail.com,126,1,97.62,2026-05-18
906,46,Daniel Mora,daniel.mora2@gmail.com,38,1,67.06,2026-05-13
907,11,Ana Flores,ana.flores99@gmail.com,149,1,39.13,2026-05-13
908,96,Mateo Mora,mateo.mora34@gmail.com,174,1,73.38,2026-05-11
909,64,Emily Salazar,emily.salazar93@gmail.com,17,1,38.29,2026-05-18
910,65,Paula Vega,paula.vega31@gmail.com,52,1,86.24,2026-05-18
911,49,Miguel Benitez,miguel.benitez4@gmail.com,35,1,62.95,2026-05-01
912,90,Andres Ruiz,andres.ruiz70@gmail.com,169,1,66.53,2026-05-28
913,63,Luis Salazar,luis.salazar83@gmail.com,63,1,101.31,2026-05-19
914,23,Camila Castro,camila.castro71@gmail.com,161,1,55.57,2026-05-08
915,94,Valeria Flores,valeria.flores75@gmail.com,73,1,25.01,2026-05-02
916,100,Ana Torres,ana.torres87@gmail.com,175,1,74.75,2026-05-16
917,76,Maria Gomez,maria.gomez80@gmail.com,151,1,41.87,2026-05-17
918,52,Camila Mora,camila.mora82@gmail.com,95,1,55.15,2026-05-04
919,100,Ana Torres,ana.torres87@gmail.com,155,1,47.35,2026-05-13
920,86,Maria Flores,maria.flores52@gmail.com,194,1,50.54,2026-05-02
921,74,Ana Mora,ana.mora16@gmail.com,158,1,51.46,2026-05-10
922,19,Diana Romero,diana.romero86@gmail.com,127,1,98.99,2026-05-06
923,60,Diana Torres,diana.torres20@gmail.com,32,1,58.84,2026-05-11
924,3,Daniel Suarez,daniel.suarez49@gmail.com,103,1,66.11,2026-05-06
925,18,Diego Lopez,diego.lopez92@gmail.com,15,1,35.55,2026-05-22
926,93,Fernanda Benitez,fernanda.benitez10@gmail.com,76,1,29.12,2026-05-04
927,70,Diana Ruiz,diana.ruiz90@gmail.com,173,1,72.01,2026-05-08
928,10,Sofia Torres,sofia.torres60@gmail.com,167,1,63.79,2026-05-03
929,3,Daniel Suarez,daniel.suarez49@gmail.com,150,1,40.5,2026-05-06
930,85,Fernanda Herrera,fernanda.herrera13@gmail.com,97,1,57.89,2026-05-08
931,58,Carlos Vega,carlos.vega32@gmail.com,109,1,74.33,2026-05-17
932,15,Jose Castro,jose.castro82@gmail.com,38,1,67.06,2026-05-27
933,51,Daniel Gomez,daniel.gomez14@gmail.com,85,1,41.45,2026-05-08
934,37,Camila Rojas,camila.rojas50@gmail.com,6,1,23.22,2026-05-09
935,45,Fernanda Ruiz,fernanda.ruiz48@gmail.com,68,1,18.16,2026-05-12
936,96,Mateo Mora,mateo.mora34@gmail.com,65,1,104.05,2026-05-15
937,18,Diego Lopez,diego.lopez92@gmail.com,11,1,30.07,2026-05-12
938,53,Fernanda Paspuel,fernanda.paspuel45@gmail.com,112,1,78.44,2026-05-25
939,59,Luis Paspuel,luis.paspuel81@gmail.com,2,1,17.74,2026-05-28
940,84,Daniel Flores,daniel.flores75@gmail.com,80,1,34.6,2026-05-11
941,75,Miguel Vega,miguel.vega53@gmail.com,96,1,56.52,2026-05-19
942,10,Sofia Torres,sofia.torres60@gmail.com,140,1,26.8,2026-05-28
943,62,Diego Perez,diego.perez69@gmail.com,153,1,44.61,2026-05-10
944,32,Pedro Cruz,pedro.cruz61@gmail.com,157,1,50.09,2026-05-19
945,45,Fernanda Ruiz,fernanda.ruiz48@gmail.com,153,1,44.61,2026-05-19
946,23,Camila Castro,camila.castro71@gmail.com,1,1,16.37,2026-05-20
947,23,Camila Castro,camila.castro71@gmail.com,33,1,60.21,2026-05-02
948,87,Emily Paspuel,emily.paspuel93@gmail.com,104,1,67.48,2026-05-25
949,79,Valeria Cruz,valeria.cruz58@gmail.com,49,1,82.13,2026-05-04
950,8,Paula Benitez,paula.benitez90@gmail.com,110,1,75.7,2026-05-30
951,25,Diego Suarez,diego.suarez45@gmail.com,160,1,54.2,2026-05-15
952,18,Diego Lopez,diego.lopez92@gmail.com,106,1,70.22,2026-05-19
953,15,Jose Castro,jose.castro82@gmail.com,175,1,74.75,2026-05-23
954,8,Paula Benitez,paula.benitez90@gmail.com,42,1,72.54,2026-05-08
955,27,Luis Mora,luis.mora33@gmail.com,92,1,51.04,2026-05-10
956,53,Fernanda Paspuel,fernanda.paspuel45@gmail.com,141,1,28.17,2026-05-15
957,17,Pedro Gomez,pedro.gomez67@gmail.com,75,1,27.75,2026-05-30
958,100,Ana Torres,ana.torres87@gmail.com,25,1,49.25,2026-05-02
959,80,Mateo Gomez,mateo.gomez40@gmail.com,175,1,74.75,2026-05-26
960,67,Miguel Paspuel,miguel.paspuel30@gmail.com,30,1,56.1,2026-05-08
961,80,Mateo Gomez,mateo.gomez40@gmail.com,89,1,46.93,2026-05-21
962,74,Ana Mora,ana.mora16@gmail.com,189,1,40.99,2026-05-07
963,71,Mateo Navarro,mateo.navarro72@gmail.com,66,1,15.42,2026-05-01
964,63,Luis Salazar,luis.salazar83@gmail.com,43,1,73.91,2026-05-17
965,58,Carlos Vega,carlos.vega32@gmail.com,124,1,94.88,2026-05-17
966,82,Sofia Romero,sofia.romero21@gmail.com,120,1,89.4,2026-05-30
967,68,Miguel Rojas,miguel.rojas85@gmail.com,16,1,36.92,2026-05-14
968,81,Carlos Perez,carlos.perez8@gmail.com,24,1,47.88,2026-05-13
969,37,Camila Rojas,camila.rojas50@gmail.com,22,1,45.14,2026-05-24
970,51,Daniel Gomez,daniel.gomez14@gmail.com,58,1,94.46,2026-05-26
971,75,Miguel Vega,miguel.vega53@gmail.com,168,1,65.16,2026-05-17
972,15,Jose Castro,jose.castro82@gmail.com,194,1,50.54,2026-05-02
973,30,Lucia Acosta,lucia.acosta28@gmail.com,100,1,62.0,2026-05-20
974,59,Luis Paspuel,luis.paspuel81@gmail.com,8,1,25.96,2026-05-14
975,16,Miguel Romero,miguel.romero59@gmail.com,80,1,34.6,2026-05-28
976,17,Pedro Gomez,pedro.gomez67@gmail.com,108,1,72.96,2026-05-12
977,1,Jose Suarez,jose.suarez11@gmail.com,51,1,84.87,2026-05-30
978,99,Valeria Herrera,valeria.herrera1@gmail.com,180,1,81.6,2026-05-01
979,38,Lucia Castro,lucia.castro3@gmail.com,21,1,43.77,2026-05-05
980,34,Camila Paspuel,camila.paspuel92@gmail.com,58,1,94.46,2026-05-11
981,39,Ana Castro,ana.castro27@gmail.com,110,1,75.7,2026-05-19
982,78,Emily Herrera,emily.herrera26@gmail.com,54,1,88.98,2026-05-07
983,8,Paula Benitez,paula.benitez90@gmail.com,141,1,28.17,2026-05-22
984,32,Pedro Cruz,pedro.cruz61@gmail.com,19,1,41.03,2026-05-22
985,15,Jose Castro,jose.castro82@gmail.com,51,1,84.87,2026-05-18
986,49,Miguel Benitez,miguel.benitez4@gmail.com,23,1,46.51,2026-05-28
987,36,Andres Rojas,andres.rojas47@gmail.com,12,1,31.44,2026-05-21
988,62,Diego Perez,diego.perez69@gmail.com,184,1,31.44,2026-05-27
989,21,Lucia Suarez,lucia.suarez43@gmail.com,150,1,40.5,2026-05-30
990,11,Ana Flores,ana.flores99@gmail.com,200,1,62.0,2026-05-30
991,67,Miguel Paspuel,miguel.paspuel30@gmail.com,41,1,71.17,2026-05-15
992,49,Miguel Benitez,miguel.benitez4@gmail.com,115,1,82.55,2026-05-11
993,84,Daniel Flores,daniel.flores75@gmail.com,113,1,79.81,2026-05-02
994,61,Ana Benitez,ana.benitez19@gmail.com,174,1,73.38,2026-05-19
995,75,Miguel Vega,miguel.vega53@gmail.com,60,1,97.2,2026-05-16
996,74,Ana Mora,ana.mora16@gmail.com,179,1,80.23,2026-05-28
997,87,Emily Paspuel,emily.paspuel93@gmail.com,5,1,21.85,2026-05-03
998,77,Jose Lopez,jose.lopez69@gmail.com,60,1,97.2,2026-05-11
999,26,Pedro Castro,pedro.castro94@gmail.com,52,1,86.24,2026-05-10
1000,15,Jose Castro,jose.castro82@gmail.com,96,1,56.52,2026-05-04
1001,75,Miguel Vega,miguel.vega53@gmail.com,122,1,92.14,2026-05-18
1002,61,Ana Benitez,ana.benitez19@gmail.com,115,1,82.55,2026-05-12
1003,18,Diego Lopez,diego.lopez92@gmail.com,28,1,53.36,2026-05-21
1004,84,Daniel Flores,daniel.flores75@gmail.com,176,1,76.12,2026-05-26
1005,44,Fernanda Torres,fernanda.torres34@gmail.com,173,1,72.01,2026-05-28
1006,54,Diego Flores,diego.flores78@gmail.com,134,1,18.58,2026-05-27
1007,79,Valeria Cruz,valeria.cruz58@gmail.com,139,1,25.43,2026-05-13
1008,16,Miguel Romero,miguel.romero59@gmail.com,123,1,93.51,2026-05-13
1009,16,Miguel Romero,miguel.romero59@gmail.com,151,1,41.87,2026-05-04
1010,64,Emily Salazar,emily.salazar93@gmail.com,45,1,76.65,2026-05-13
1011,50,Juan Castro,juan.castro81@gmail.com,14,1,34.18,2026-05-23
1012,60,Diana Torres,diana.torres20@gmail.com,197,1,56.27,2026-05-24
1013,15,Jose Castro,jose.castro82@gmail.com,89,1,46.93,2026-05-26
1014,99,Valeria Herrera,valeria.herrera1@gmail.com,37,1,65.69,2026-05-17
1015,38,Lucia Castro,lucia.castro3@gmail.com,16,1,36.92,2026-05-04
1016,78,Emily Herrera,emily.herrera26@gmail.com,127,1,98.99,2026-05-03
1017,95,Ana Cruz,ana.cruz50@gmail.com,151,1,41.87,2026-05-08
1018,72,Mateo Paspuel,mateo.paspuel64@gmail.com,103,1,66.11,2026-05-27
1019,66,Daniel Cruz,daniel.cruz12@gmail.com,53,1,87.61,2026-05-25
1020,40,Luis Castro,luis.castro1@gmail.com,37,1,65.69,2026-05-07
1021,88,Sofia Paspuel,sofia.paspuel45@gmail.com,181,1,25.71,2026-05-30
1022,1,Jose Suarez,jose.suarez11@gmail.com,101,1,63.37,2026-05-03
1023,24,Jose Gomez,jose.gomez27@gmail.com,125,1,96.25,2026-05-08
1024,83,Maria Castro,maria.castro9@gmail.com,194,1,50.54,2026-05-18
1025,24,Jose Gomez,jose.gomez27@gmail.com,102,1,64.74,2026-05-18
1026,22,Emily Perez,emily.perez82@gmail.com,155,1,47.35,2026-05-22
1027,90,Andres Ruiz,andres.ruiz70@gmail.com,167,1,63.79,2026-05-06
1028,33,Emily Ruiz,emily.ruiz87@gmail.com,173,1,72.01,2026-05-02
1029,62,Diego Perez,diego.perez69@gmail.com,102,1,64.74,2026-05-05
1030,27,Luis Mora,luis.mora33@gmail.com,154,1,45.98,2026-05-22
1031,94,Valeria Flores,valeria.flores75@gmail.com,118,1,86.66,2026-05-18
1032,53,Fernanda Paspuel,fernanda.paspuel45@gmail.com,134,1,18.58,2026-05-04
1033,39,Ana Castro,ana.castro27@gmail.com,199,1,60.09,2026-05-19
1034,22,Emily Perez,emily.perez82@gmail.com,175,1,74.75,2026-05-21
1035,48,Miguel Torres,miguel.torres90@gmail.com,188,1,39.08,2026-05-05
1036,43,Jose Rojas,jose.rojas67@gmail.com,29,1,54.73,2026-05-11
1037,77,Jose Lopez,jose.lopez69@gmail.com,196,1,54.36,2026-05-08
1038,33,Emily Ruiz,emily.ruiz87@gmail.com,122,1,92.14,2026-05-24
1039,51,Daniel Gomez,daniel.gomez14@gmail.com,79,1,33.23,2026-05-11
1040,2,Carlos Suarez,carlos.suarez87@gmail.com,189,1,40.99,2026-05-01
1041,43,Jose Rojas,jose.rojas67@gmail.com,142,1,29.54,2026-05-13
1042,87,Emily Paspuel,emily.paspuel93@gmail.com,92,1,51.04,2026-05-06
1043,62,Diego Perez,diego.perez69@gmail.com,3,1,19.11,2026-05-24
1044,43,Jose Rojas,jose.rojas67@gmail.com,191,1,44.81,2026-05-10
1045,47,Valeria Benitez,valeria.benitez19@gmail.com,29,1,54.73,2026-05-15
1046,44,Fernanda Torres,fernanda.torres34@gmail.com,161,1,55.57,2026-05-27
1047,21,Lucia Suarez,lucia.suarez43@gmail.com,172,1,70.64,2026-05-20
1048,57,Luis Acosta,luis.acosta47@gmail.com,111,1,77.07,2026-05-01
1049,6,Andres Flores,andres.flores67@gmail.com,14,1,34.18,2026-05-01
1050,78,Emily Herrera,emily.herrera26@gmail.com,49,1,82.13,2026-05-11
1051,45,Fernanda Ruiz,fernanda.ruiz48@gmail.com,137,1,22.69,2026-05-12
1052,7,Miguel Flores,miguel.flores68@gmail.com,9,1,27.33,2026-05-27
1053,24,Jose Gomez,jose.gomez27@gmail.com,143,1,30.91,2026-05-07
1054,48,Miguel Torres,miguel.torres90@gmail.com,70,1,20.9,2026-05-08
1055,66,Daniel Cruz,daniel.cruz12@gmail.com,45,1,76.65,2026-05-26
1056,84,Daniel Flores,daniel.flores75@gmail.com,65,1,104.05,2026-05-26
1057,90,Andres Ruiz,andres.ruiz70@gmail.com,89,1,46.93,2026-05-09
1058,97,Diego Rojas,diego.rojas44@gmail.com,22,1,45.14,2026-05-03
1059,4,Pedro Salazar,pedro.salazar91@gmail.com,19,1,41.03,2026-05-12
1060,41,Luis Gomez,luis.gomez94@gmail.com,76,1,29.12,2026-05-18
1061,66,Daniel Cruz,daniel.cruz12@gmail.com,179,1,80.23,2026-05-29
1062,26,Pedro Castro,pedro.castro94@gmail.com,191,1,44.81,2026-05-11
1063,81,Carlos Perez,carlos.perez8@gmail.com,170,1,67.9,2026-05-08
1064,81,Carlos Perez,carlos.perez8@gmail.com,73,1,25.01,2026-05-03
1065,57,Luis Acosta,luis.acosta47@gmail.com,173,1,72.01,2026-05-26
1066,99,Valeria Herrera,valeria.herrera1@gmail.com,52,1,86.24,2026-05-12
1067,77,Jose Lopez,jose.lopez69@gmail.com,162,1,56.94,2026-05-21
1068,12,Sofia Gomez,sofia.gomez66@gmail.com,130,1,103.1,2026-05-09
1069,98,Ana Navarro,ana.navarro44@gmail.com,199,1,60.09,2026-05-17
1070,38,Lucia Castro,lucia.castro3@gmail.com,37,1,65.69,2026-05-14
1071,96,Mateo Mora,mateo.mora34@gmail.com,165,1,61.05,2026-05-01
1072,28,Fernanda Acosta,fernanda.acosta52@gmail.com,162,1,56.94,2026-05-04
1073,81,Carlos Perez,carlos.perez8@gmail.com,133,1,17.21,2026-05-18
1074,5,Daniel Acosta,daniel.acosta85@gmail.com,159,1,52.83,2026-05-14
1075,80,Mateo Gomez,mateo.gomez40@gmail.com,92,1,51.04,2026-05-18
1076,44,Fernanda Torres,fernanda.torres34@gmail.com,162,1,56.94,2026-05-20
1077,67,Miguel Paspuel,miguel.paspuel30@gmail.com,77,1,30.49,2026-05-15
1078,36,Andres Rojas,andres.rojas47@gmail.com,166,1,62.42,2026-05-29
1079,72,Mateo Paspuel,mateo.paspuel64@gmail.com,166,1,62.42,2026-05-24
1080,92,Paula Torres,paula.torres53@gmail.com,40,1,69.8,2026-05-17
1081,65,Paula Vega,paula.vega31@gmail.com,80,1,34.6,2026-05-05
1082,53,Fernanda Paspuel,fernanda.paspuel45@gmail.com,58,1,94.46,2026-05-09
1083,18,Diego Lopez,diego.lopez92@gmail.com,151,1,41.87,2026-05-02
1084,25,Diego Suarez,diego.suarez45@gmail.com,163,1,58.31,2026-05-29
1085,52,Camila Mora,camila.mora82@gmail.com,85,1,41.45,2026-05-25
1086,47,Valeria Benitez,valeria.benitez19@gmail.com,42,1,72.54,2026-05-05
1087,72,Mateo Paspuel,mateo.paspuel64@gmail.com,195,1,52.45,2026-05-13
1088,42,Fernanda Navarro,fernanda.navarro34@gmail.com,154,1,45.98,2026-05-29
1089,45,Fernanda Ruiz,fernanda.ruiz48@gmail.com,195,1,52.45,2026-05-27
1090,9,Miguel Mora,miguel.mora18@gmail.com,65,1,104.05,2026-05-14
1091,99,Valeria Herrera,valeria.herrera1@gmail.com,123,1,93.51,2026-05-24
1092,56,Luis Cruz,luis.cruz91@gmail.com,25,1,49.25,2026-05-17
1093,65,Paula Vega,paula.vega31@gmail.com,39,1,68.43,2026-05-24
1094,84,Daniel Flores,daniel.flores75@gmail.com,87,1,44.19,2026-05-20
1095,36,Andres Rojas,andres.rojas47@gmail.com,102,1,64.74,2026-05-10
1096,13,Luis Lopez,luis.lopez65@gmail.com,52,1,86.24,2026-05-27
1097,29,Mateo Romero,mateo.romero24@gmail.com,152,1,43.24,2026-05-17
1098,15,Jose Castro,jose.castro82@gmail.com,12,1,31.44,2026-05-16
1099,55,Ana Acosta,ana.acosta99@gmail.com,100,1,62.0,2026-05-17
1100,36,Andres Rojas,andres.rojas47@gmail.com,106,1,70.22,2026-05-17
1101,58,Carlos Vega,carlos.vega32@gmail.com,20,1,42.4,2026-05-30
1102,57,Luis Acosta,luis.acosta47@gmail.com,185,1,33.35,2026-05-29
1103,99,Valeria Herrera,valeria.herrera1@gmail.com,112,1,78.44,2026-05-14
1104,23,Camila Castro,camila.castro71@gmail.com,4,1,20.48,2026-05-13
1105,89,Ana Gomez,ana.gomez98@gmail.com,10,1,28.7,2026-05-20
1106,65,Paula Vega,paula.vega31@gmail.com,57,1,93.09,2026-05-20
1107,49,Miguel Benitez,miguel.benitez4@gmail.com,35,1,62.95,2026-05-07
1108,58,Carlos Vega,carlos.vega32@gmail.com,68,1,18.16,2026-05-02
1109,35,Ana Lopez,ana.lopez61@gmail.com,164,1,59.68,2026-05-17
1110,87,Emily Paspuel,emily.paspuel93@gmail.com,125,1,96.25,2026-05-24
1111,26,Pedro Castro,pedro.castro94@gmail.com,71,1,22.27,2026-05-26
1112,37,Camila Rojas,camila.rojas50@gmail.com,115,1,82.55,2026-05-11
1113,23,Camila Castro,camila.castro71@gmail.com,71,1,22.27,2026-05-01
1114,21,Lucia Suarez,lucia.suarez43@gmail.com,107,1,71.59,2026-05-10
1115,36,Andres Rojas,andres.rojas47@gmail.com,106,1,70.22,2026-05-06
1116,59,Luis Paspuel,luis.paspuel81@gmail.com,20,1,42.4,2026-05-05
1117,5,Daniel Acosta,daniel.acosta85@gmail.com,12,1,31.44,2026-05-30
1118,63,Luis Salazar,luis.salazar83@gmail.com,149,1,39.13,2026-05-14
1119,53,Fernanda Paspuel,fernanda.paspuel45@gmail.com,110,1,75.7,2026-05-22
1120,31,Jose Perez,jose.perez2@gmail.com,178,1,78.86,2026-05-12
1121,52,Camila Mora,camila.mora82@gmail.com,30,1,56.1,2026-05-12
1122,15,Jose Castro,jose.castro82@gmail.com,40,1,69.8,2026-05-09
1123,98,Ana Navarro,ana.navarro44@gmail.com,34,1,61.58,2026-05-24
1124,54,Diego Flores,diego.flores78@gmail.com,62,1,99.94,2026-05-21
1125,53,Fernanda Paspuel,fernanda.paspuel45@gmail.com,18,1,39.66,2026-05-28
1126,84,Daniel Flores,daniel.flores75@gmail.com,3,1,19.11,2026-05-11
1127,67,Miguel Paspuel,miguel.paspuel30@gmail.com,120,1,89.4,2026-05-08
1128,3,Daniel Suarez,daniel.suarez49@gmail.com,183,1,29.53,2026-05-19
1129,5,Daniel Acosta,daniel.acosta85@gmail.com,28,1,53.36,2026-05-23
1130,7,Miguel Flores,miguel.flores68@gmail.com,144,1,32.28,2026-05-03
1131,65,Paula Vega,paula.vega31@gmail.com,175,1,74.75,2026-05-17
1132,46,Daniel Mora,daniel.mora2@gmail.com,159,1,52.83,2026-05-10
1133,3,Daniel Suarez,daniel.suarez49@gmail.com,15,1,35.55,2026-05-02
1134,74,Ana Mora,ana.mora16@gmail.com,140,1,26.8,2026-05-21
1135,51,Daniel Gomez,daniel.gomez14@gmail.com,78,1,31.86,2026-05-20
1136,17,Pedro Gomez,pedro.gomez67@gmail.com,63,1,101.31,2026-05-24
1137,19,Diana Romero,diana.romero86@gmail.com,60,1,97.2,2026-05-25
1138,81,Carlos Perez,carlos.perez8@gmail.com,60,1,97.2,2026-05-17
1139,11,Ana Flores,ana.flores99@gmail.com,39,1,68.43,2026-05-02
1140,92,Paula Torres,paula.torres53@gmail.com,149,1,39.13,2026-05-16
1141,2,Carlos Suarez,carlos.suarez87@gmail.com,123,1,93.51,2026-05-30
1142,68,Miguel Rojas,miguel.rojas85@gmail.com,180,1,81.6,2026-05-30
1143,79,Valeria Cruz,valeria.cruz58@gmail.com,85,1,41.45,2026-05-02
1144,8,Paula Benitez,paula.benitez90@gmail.com,66,1,15.42,2026-05-06
1145,57,Luis Acosta,luis.acosta47@gmail.com,18,1,39.66,2026-05-29
1146,2,Carlos Suarez,carlos.suarez87@gmail.com,151,1,41.87,2026-05-19
1147,75,Miguel Vega,miguel.vega53@gmail.com,144,1,32.28,2026-05-04
1148,60,Diana Torres,diana.torres20@gmail.com,112,1,78.44,2026-05-07
1149,47,Valeria Benitez,valeria.benitez19@gmail.com,21,1,43.77,2026-05-05
1150,100,Ana Torres,ana.torres87@gmail.com,179,1,80.23,2026-05-13
1151,54,Diego Flores,diego.flores78@gmail.com,77,1,30.49,2026-05-11
1152,50,Juan Castro,juan.castro81@gmail.com,49,1,82.13,2026-05-03
1153,17,Pedro Gomez,pedro.gomez67@gmail.com,122,1,92.14,2026-05-15
1154,83,Maria Castro,maria.castro9@gmail.com,74,1,26.38,2026-05-29
1155,35,Ana Lopez,ana.lopez61@gmail.com,170,1,67.9,2026-05-04
1156,24,Jose Gomez,jose.gomez27@gmail.com,197,1,56.27,2026-05-21
1157,33,Emily Ruiz,emily.ruiz87@gmail.com,140,1,26.8,2026-05-13
1158,58,Carlos Vega,carlos.vega32@gmail.com,115,1,82.55,2026-05-03
1159,97,Diego Rojas,diego.rojas44@gmail.com,172,1,70.64,2026-05-04
1160,89,Ana Gomez,ana.gomez98@gmail.com,175,1,74.75,2026-05-07
1161,89,Ana Gomez,ana.gomez98@gmail.com,138,1,24.06,2026-05-28
1162,6,Andres Flores,andres.flores67@gmail.com,182,1,27.62,2026-05-07
1163,59,Luis Paspuel,luis.paspuel81@gmail.com,12,1,31.44,2026-05-10
1164,63,Luis Salazar,luis.salazar83@gmail.com,49,1,82.13,2026-05-19
1165,98,Ana Navarro,ana.navarro44@gmail.com,16,1,36.92,2026-05-04
1166,63,Luis Salazar,luis.salazar83@gmail.com,30,1,56.1,2026-05-28
1167,51,Daniel Gomez,daniel.gomez14@gmail.com,97,1,57.89,2026-05-04
1168,92,Paula Torres,paula.torres53@gmail.com,7,1,24.59,2026-05-16
1169,73,Miguel Navarro,miguel.navarro4@gmail.com,32,1,58.84,2026-05-21
1170,23,Camila Castro,camila.castro71@gmail.com,40,1,69.8,2026-05-14
1171,95,Ana Cruz,ana.cruz50@gmail.com,1,1,16.37,2026-05-13
1172,65,Paula Vega,paula.vega31@gmail.com,14,1,34.18,2026-05-15
1173,95,Ana Cruz,ana.cruz50@gmail.com,63,1,101.31,2026-05-18
1174,98,Ana Navarro,ana.navarro44@gmail.com,142,1,29.54,2026-05-15
1175,50,Juan Castro,juan.castro81@gmail.com,174,1,73.38,2026-05-09
1176,35,Ana Lopez,ana.lopez61@gmail.com,197,1,56.27,2026-05-10
1177,78,Emily Herrera,emily.herrera26@gmail.com,140,1,26.8,2026-05-24
1178,17,Pedro Gomez,pedro.gomez67@gmail.com,174,1,73.38,2026-05-07
1179,77,Jose Lopez,jose.lopez69@gmail.com,192,1,46.72,2026-05-10
1180,69,Lucia Herrera,lucia.herrera62@gmail.com,180,1,81.6,2026-05-22
1181,12,Sofia Gomez,sofia.gomez66@gmail.com,83,1,38.71,2026-05-26
1182,1,Jose Suarez,jose.suarez11@gmail.com,80,1,34.6,2026-05-16
1183,66,Daniel Cruz,daniel.cruz12@gmail.com,2,1,17.74,2026-05-18
1184,79,Valeria Cruz,valeria.cruz58@gmail.com,38,1,67.06,2026-05-27
1185,60,Diana Torres,diana.torres20@gmail.com,19,1,41.03,2026-05-21
1186,91,Camila Acosta,camila.acosta41@gmail.com,30,1,56.1,2026-05-29
1187,59,Luis Paspuel,luis.paspuel81@gmail.com,81,1,35.97,2026-05-24
1188,75,Miguel Vega,miguel.vega53@gmail.com,122,1,92.14,2026-05-06
1189,12,Sofia Gomez,sofia.gomez66@gmail.com,105,1,68.85,2026-05-08
1190,91,Camila Acosta,camila.acosta41@gmail.com,28,1,53.36,2026-05-12
1191,39,Ana Castro,ana.castro27@gmail.com,20,1,42.4,2026-05-20
1192,65,Paula Vega,paula.vega31@gmail.com,2,1,17.74,2026-05-07
1193,65,Paula Vega,paula.vega31@gmail.com,168,1,65.16,2026-05-26
1194,48,Miguel Torres,miguel.torres90@gmail.com,184,1,31.44,2026-05-20
1195,11,Ana Flores,ana.flores99@gmail.com,168,1,65.16,2026-05-18
1196,10,Sofia Torres,sofia.torres60@gmail.com,114,1,81.18,2026-05-05
1197,88,Sofia Paspuel,sofia.paspuel45@gmail.com,146,1,35.02,2026-05-08
1198,91,Camila Acosta,camila.acosta41@gmail.com,60,1,97.2,2026-05-21
1199,45,Fernanda Ruiz,fernanda.ruiz48@gmail.com,171,1,69.27,2026-05-17
1200,48,Miguel Torres,miguel.torres90@gmail.com,11,1,30.07,2026-05-13
1201,90,Andres Ruiz,andres.ruiz70@gmail.com,56,1,91.72,2026-05-30
1202,35,Ana Lopez,ana.lopez61@gmail.com,56,1,91.72,2026-05-16
1203,23,Camila Castro,camila.castro71@gmail.com,8,1,25.96,2026-05-26
1204,39,Ana Castro,ana.castro27@gmail.com,180,1,81.6,2026-05-18
1205,33,Emily Ruiz,emily.ruiz87@gmail.com,190,1,42.9,2026-05-04
1206,60,Diana Torres,diana.torres20@gmail.com,131,1,104.47,2026-05-19
1207,70,Diana Ruiz,diana.ruiz90@gmail.com,175,1,74.75,2026-05-23
1208,45,Fernanda Ruiz,fernanda.ruiz48@gmail.com,82,1,37.34,2026-05-21
1209,81,Carlos Perez,carlos.perez8@gmail.com,172,1,70.64,2026-05-06
1210,96,Mateo Mora,mateo.mora34@gmail.com,87,1,44.19,2026-05-13
1211,15,Jose Castro,jose.castro82@gmail.com,72,1,23.64,2026-05-03
1212,56,Luis Cruz,luis.cruz91@gmail.com,30,1,56.1,2026-05-21
1213,74,Ana Mora,ana.mora16@gmail.com,84,1,40.08,2026-05-10
1214,66,Daniel Cruz,daniel.cruz12@gmail.com,112,1,78.44,2026-05-21
1215,76,Maria Gomez,maria.gomez80@gmail.com,118,1,86.66,2026-05-04
1216,67,Miguel Paspuel,miguel.paspuel30@gmail.com,180,1,81.6,2026-05-13
1217,13,Luis Lopez,luis.lopez65@gmail.com,25,1,49.25,2026-05-06
1218,55,Ana Acosta,ana.acosta99@gmail.com,121,1,90.77,2026-05-19
1219,51,Daniel Gomez,daniel.gomez14@gmail.com,175,1,74.75,2026-05-08
1220,82,Sofia Romero,sofia.romero21@gmail.com,175,1,74.75,2026-05-11
1221,28,Fernanda Acosta,fernanda.acosta52@gmail.com,143,1,30.91,2026-05-26
1222,49,Miguel Benitez,miguel.benitez4@gmail.com,48,1,80.76,2026-05-17
1223,94,Valeria Flores,valeria.flores75@gmail.com,165,1,61.05,2026-05-22
1224,68,Miguel Rojas,miguel.rojas85@gmail.com,23,1,46.51,2026-05-17
1225,49,Miguel Benitez,miguel.benitez4@gmail.com,99,1,60.63,2026-05-02
1226,99,Valeria Herrera,valeria.herrera1@gmail.com,51,1,84.87,2026-05-10
1227,94,Valeria Flores,valeria.flores75@gmail.com,69,1,19.53,2026-05-06
1228,65,Paula Vega,paula.vega31@gmail.com,153,1,44.61,2026-05-04
1229,77,Jose Lopez,jose.lopez69@gmail.com,74,1,26.38,2026-05-30
1230,54,Diego Flores,diego.flores78@gmail.com,99,1,60.63,2026-05-30
1231,79,Valeria Cruz,valeria.cruz58@gmail.com,7,1,24.59,2026-05-26
1232,12,Sofia Gomez,sofia.gomez66@gmail.com,184,1,31.44,2026-05-19
1233,52,Camila Mora,camila.mora82@gmail.com,7,1,24.59,2026-05-01
1234,65,Paula Vega,paula.vega31@gmail.com,187,1,37.17,2026-05-17
1235,47,Valeria Benitez,valeria.benitez19@gmail.com,76,1,29.12,2026-05-03
1236,68,Miguel Rojas,miguel.rojas85@gmail.com,61,1,98.57,2026-05-24
1237,61,Ana Benitez,ana.benitez19@gmail.com,82,1,37.34,2026-05-25
1238,42,Fernanda Navarro,fernanda.navarro34@gmail.com,66,1,15.42,2026-05-03
1239,95,Ana Cruz,ana.cruz50@gmail.com,149,1,39.13,2026-05-06
1240,65,Paula Vega,paula.vega31@gmail.com,110,1,75.7,2026-05-21
1241,1,Jose Suarez,jose.suarez11@gmail.com,148,1,37.76,2026-05-23
1242,33,Emily Ruiz,emily.ruiz87@gmail.com,76,1,29.12,2026-05-20
1243,87,Emily Paspuel,emily.paspuel93@gmail.com,57,1,93.09,2026-05-11
1244,74,Ana Mora,ana.mora16@gmail.com,35,1,62.95,2026-05-26
1245,42,Fernanda Navarro,fernanda.navarro34@gmail.com,104,1,67.48,2026-05-25
1246,3,Daniel Suarez,daniel.suarez49@gmail.com,59,1,95.83,2026-05-10
1247,34,Camila Paspuel,camila.paspuel92@gmail.com,152,1,43.24,2026-05-04
1248,46,Daniel Mora,daniel.mora2@gmail.com,130,1,103.1,2026-05-14
1249,43,Jose Rojas,jose.rojas67@gmail.com,192,1,46.72,2026-05-19
1250,74,Ana Mora,ana.mora16@gmail.com,164,1,59.68,2026-05-21
1251,75,Miguel Vega,miguel.vega53@gmail.com,78,1,31.86,2026-05-24
1252,46,Daniel Mora,daniel.mora2@gmail.com,158,1,51.46,2026-05-13
1253,99,Valeria Herrera,valeria.herrera1@gmail.com,110,1,75.7,2026-05-19
1254,32,Pedro Cruz,pedro.cruz61@gmail.com,97,1,57.89,2026-05-06
1255,83,Maria Castro,maria.castro9@gmail.com,26,1,50.62,2026-05-30
1256,96,Mateo Mora,mateo.mora34@gmail.com,157,1,50.09,2026-05-29
1257,71,Mateo Navarro,mateo.navarro72@gmail.com,18,1,39.66,2026-05-30
1258,17,Pedro Gomez,pedro.gomez67@gmail.com,105,1,68.85,2026-05-01
1259,85,Fernanda Herrera,fernanda.herrera13@gmail.com,186,1,35.26,2026-05-21
1260,27,Luis Mora,luis.mora33@gmail.com,149,1,39.13,2026-05-21
1261,32,Pedro Cruz,pedro.cruz61@gmail.com,125,1,96.25,2026-05-23
1262,39,Ana Castro,ana.castro27@gmail.com,107,1,71.59,2026-05-05
1263,81,Carlos Perez,carlos.perez8@gmail.com,5,1,21.85,2026-05-13
1264,53,Fernanda Paspuel,fernanda.paspuel45@gmail.com,56,1,91.72,2026-05-01
1265,19,Diana Romero,diana.romero86@gmail.com,123,1,93.51,2026-05-30
1266,34,Camila Paspuel,camila.paspuel92@gmail.com,19,1,41.03,2026-05-25
1267,11,Ana Flores,ana.flores99@gmail.com,149,1,39.13,2026-05-23
1268,74,Ana Mora,ana.mora16@gmail.com,11,1,30.07,2026-05-16
1269,10,Sofia Torres,sofia.torres60@gmail.com,10,1,28.7,2026-05-02
1270,2,Carlos Suarez,carlos.suarez87@gmail.com,13,1,32.81,2026-05-20
1271,45,Fernanda Ruiz,fernanda.ruiz48@gmail.com,179,1,80.23,2026-05-27
1272,53,Fernanda Paspuel,fernanda.paspuel45@gmail.com,83,1,38.71,2026-05-19
1273,9,Miguel Mora,miguel.mora18@gmail.com,21,1,43.77,2026-05-23
1274,47,Valeria Benitez,valeria.benitez19@gmail.com,4,1,20.48,2026-05-09
1275,34,Camila Paspuel,camila.paspuel92@gmail.com,77,1,30.49,2026-05-24
1276,43,Jose Rojas,jose.rojas67@gmail.com,84,1,40.08,2026-05-05
1277,76,Maria Gomez,maria.gomez80@gmail.com,156,1,48.72,2026-05-24
1278,99,Valeria Herrera,valeria.herrera1@gmail.com,77,1,30.49,2026-05-01
1279,50,Juan Castro,juan.castro81@gmail.com,135,1,19.95,2026-05-24
1280,64,Emily Salazar,emily.salazar93@gmail.com,77,1,30.49,2026-05-04
1281,93,Fernanda Benitez,fernanda.benitez10@gmail.com,161,1,55.57,2026-05-05
1282,10,Sofia Torres,sofia.torres60@gmail.com,100,1,62.0,2026-05-16
1283,50,Juan Castro,juan.castro81@gmail.com,61,1,98.57,2026-05-04
1284,86,Maria Flores,maria.flores52@gmail.com,198,1,58.18,2026-05-25
1285,94,Valeria Flores,valeria.flores75@gmail.com,35,1,62.95,2026-05-29
1286,56,Luis Cruz,luis.cruz91@gmail.com,79,1,33.23,2026-05-17
1287,92,Paula Torres,paula.torres53@gmail.com,163,1,58.31,2026-05-28
1288,53,Fernanda Paspuel,fernanda.paspuel45@gmail.com,102,1,64.74,2026-05-10
1289,72,Mateo Paspuel,mateo.paspuel64@gmail.com,171,1,69.27,2026-05-27
1290,32,Pedro Cruz,pedro.cruz61@gmail.com,111,1,77.07,2026-05-24
1291,95,Ana Cruz,ana.cruz50@gmail.com,70,1,20.9,2026-05-27
1292,15,Jose Castro,jose.castro82@gmail.com,50,1,83.5,2026-05-10
1293,17,Pedro Gomez,pedro.gomez67@gmail.com,44,1,75.28,2026-05-09
1294,7,Miguel Flores,miguel.flores68@gmail.com,14,1,34.18,2026-05-13
1295,71,Mateo Navarro,mateo.navarro72@gmail.com,93,1,52.41,2026-05-17
1296,38,Lucia Castro,lucia.castro3@gmail.com,113,1,79.81,2026-05-21
1297,88,Sofia Paspuel,sofia.paspuel45@gmail.com,72,1,23.64,2026-05-02
1298,20,Carlos Lopez,carlos.lopez18@gmail.com,185,1,33.35,2026-05-10
1299,34,Camila Paspuel,camila.paspuel92@gmail.com,141,1,28.17,2026-05-07
1300,49,Miguel Benitez,miguel.benitez4@gmail.com,9,1,27.33,2026-05-14
1301,91,Camila Acosta,camila.acosta41@gmail.com,108,1,72.96,2026-05-16
1302,62,Diego Perez,diego.perez69@gmail.com,173,1,72.01,2026-05-21
1303,68,Miguel Rojas,miguel.rojas85@gmail.com,21,1,43.77,2026-05-23
1304,50,Juan Castro,juan.castro81@gmail.com,61,1,98.57,2026-05-13
1305,26,Pedro Castro,pedro.castro94@gmail.com,152,1,43.24,2026-05-27
1306,77,Jose Lopez,jose.lopez69@gmail.com,56,1,91.72,2026-05-30
1307,77,Jose Lopez,jose.lopez69@gmail.com,175,1,74.75,2026-05-04
1308,58,Carlos Vega,carlos.vega32@gmail.com,188,1,39.08,2026-05-03
1309,31,Jose Perez,jose.perez2@gmail.com,168,1,65.16,2026-05-18
1310,16,Miguel Romero,miguel.romero59@gmail.com,4,1,20.48,2026-05-08
1311,11,Ana Flores,ana.flores99@gmail.com,67,1,16.79,2026-05-25
1312,45,Fernanda Ruiz,fernanda.ruiz48@gmail.com,99,1,60.63,2026-05-18
1313,60,Diana Torres,diana.torres20@gmail.com,53,1,87.61,2026-05-02
1314,88,Sofia Paspuel,sofia.paspuel45@gmail.com,148,1,37.76,2026-05-10
1315,47,Valeria Benitez,valeria.benitez19@gmail.com,104,1,67.48,2026-05-12
1316,51,Daniel Gomez,daniel.gomez14@gmail.com,63,1,101.31,2026-05-04
1317,39,Ana Castro,ana.castro27@gmail.com,115,1,82.55,2026-05-12
1318,50,Juan Castro,juan.castro81@gmail.com,105,1,68.85,2026-05-21
1319,53,Fernanda Paspuel,fernanda.paspuel45@gmail.com,152,1,43.24,2026-05-25
1320,17,Pedro Gomez,pedro.gomez67@gmail.com,3,1,19.11,2026-05-13
1321,34,Camila Paspuel,camila.paspuel92@gmail.com,63,1,101.31,2026-05-19
1322,52,Camila Mora,camila.mora82@gmail.com,150,1,40.5,2026-05-03
1323,24,Jose Gomez,jose.gomez27@gmail.com,37,1,65.69,2026-05-03
1324,84,Daniel Flores,daniel.flores75@gmail.com,191,1,44.81,2026-05-20
1325,46,Daniel Mora,daniel.mora2@gmail.com,3,1,19.11,2026-05-08
1326,2,Carlos Suarez,carlos.suarez87@gmail.com,54,1,88.98,2026-05-28
1327,92,Paula Torres,paula.torres53@gmail.com,22,1,45.14,2026-05-11
1328,98,Ana Navarro,ana.navarro44@gmail.com,178,1,78.86,2026-05-21
1329,76,Maria Gomez,maria.gomez80@gmail.com,65,1,104.05,2026-05-25
1330,73,Miguel Navarro,miguel.navarro4@gmail.com,147,1,36.39,2026-05-06
1331,22,Emily Perez,emily.perez82@gmail.com,31,1,57.47,2026-05-13
1332,85,Fernanda Herrera,fernanda.herrera13@gmail.com,3,1,19.11,2026-05-08
1333,100,Ana Torres,ana.torres87@gmail.com,2,1,17.74,2026-05-13
1334,19,Diana Romero,diana.romero86@gmail.com,129,1,101.73,2026-05-08
1335,28,Fernanda Acosta,fernanda.acosta52@gmail.com,4,1,20.48,2026-05-14
1336,65,Paula Vega,paula.vega31@gmail.com,58,1,94.46,2026-05-10
1337,59,Luis Paspuel,luis.paspuel81@gmail.com,32,1,58.84,2026-05-10
1338,8,Paula Benitez,paula.benitez90@gmail.com,41,1,71.17,2026-05-07
1339,87,Emily Paspuel,emily.paspuel93@gmail.com,18,1,39.66,2026-05-21
1340,24,Jose Gomez,jose.gomez27@gmail.com,128,1,100.36,2026-05-26
1341,27,Luis Mora,luis.mora33@gmail.com,22,1,45.14,2026-05-10
1342,16,Miguel Romero,miguel.romero59@gmail.com,113,1,79.81,2026-05-10
1343,30,Lucia Acosta,lucia.acosta28@gmail.com,32,1,58.84,2026-05-10
1344,81,Carlos Perez,carlos.perez8@gmail.com,172,1,70.64,2026-05-04
1345,84,Daniel Flores,daniel.flores75@gmail.com,12,1,31.44,2026-05-05
1346,17,Pedro Gomez,pedro.gomez67@gmail.com,25,1,49.25,2026-05-24
1347,17,Pedro Gomez,pedro.gomez67@gmail.com,21,1,43.77,2026-05-08
1348,63,Luis Salazar,luis.salazar83@gmail.com,128,1,100.36,2026-05-24
1349,36,Andres Rojas,andres.rojas47@gmail.com,169,1,66.53,2026-05-01
1350,91,Camila Acosta,camila.acosta41@gmail.com,152,1,43.24,2026-05-05
1351,41,Luis Gomez,luis.gomez94@gmail.com,114,1,81.18,2026-05-14
1352,29,Mateo Romero,mateo.romero24@gmail.com,177,1,77.49,2026-05-02
1353,35,Ana Lopez,ana.lopez61@gmail.com,14,1,34.18,2026-05-01
1354,93,Fernanda Benitez,fernanda.benitez10@gmail.com,145,1,33.65,2026-05-17
1355,39,Ana Castro,ana.castro27@gmail.com,91,1,49.67,2026-05-29
1356,76,Maria Gomez,maria.gomez80@gmail.com,177,1,77.49,2026-05-13
1357,66,Daniel Cruz,daniel.cruz12@gmail.com,61,1,98.57,2026-05-14
1358,88,Sofia Paspuel,sofia.paspuel45@gmail.com,142,1,29.54,2026-05-26
1359,66,Daniel Cruz,daniel.cruz12@gmail.com,97,1,57.89,2026-05-15
1360,34,Camila Paspuel,camila.paspuel92@gmail.com,44,1,75.28,2026-05-06
1361,30,Lucia Acosta,lucia.acosta28@gmail.com,25,1,49.25,2026-05-10
1362,53,Fernanda Paspuel,fernanda.paspuel45@gmail.com,37,1,65.69,2026-05-09
1363,4,Pedro Salazar,pedro.salazar91@gmail.com,5,1,21.85,2026-05-09
1364,24,Jose Gomez,jose.gomez27@gmail.com,97,1,57.89,2026-05-18
1365,58,Carlos Vega,carlos.vega32@gmail.com,74,1,26.38,2026-05-05
1366,90,Andres Ruiz,andres.ruiz70@gmail.com,134,1,18.58,2026-05-05
1367,20,Carlos Lopez,carlos.lopez18@gmail.com,183,1,29.53,2026-05-05
1368,78,Emily Herrera,emily.herrera26@gmail.com,187,1,37.17,2026-05-02
1369,73,Miguel Navarro,miguel.navarro4@gmail.com,61,1,98.57,2026-05-02
1370,5,Daniel Acosta,daniel.acosta85@gmail.com,141,1,28.17,2026-05-29
1371,77,Jose Lopez,jose.lopez69@gmail.com,47,1,79.39,2026-05-13
1372,11,Ana Flores,ana.flores99@gmail.com,163,1,58.31,2026-05-09
1373,37,Camila Rojas,camila.rojas50@gmail.com,32,1,58.84,2026-05-29
1374,2,Carlos Suarez,carlos.suarez87@gmail.com,120,1,89.4,2026-05-23
1375,11,Ana Flores,ana.flores99@gmail.com,155,1,47.35,2026-05-29
1376,36,Andres Rojas,andres.rojas47@gmail.com,28,1,53.36,2026-05-04
1377,77,Jose Lopez,jose.lopez69@gmail.com,194,1,50.54,2026-05-24
1378,45,Fernanda Ruiz,fernanda.ruiz48@gmail.com,197,1,56.27,2026-05-22
1379,31,Jose Perez,jose.perez2@gmail.com,22,1,45.14,2026-05-07
1380,77,Jose Lopez,jose.lopez69@gmail.com,185,1,33.35,2026-05-16
1381,17,Pedro Gomez,pedro.gomez67@gmail.com,127,1,98.99,2026-05-05
1382,54,Diego Flores,diego.flores78@gmail.com,186,1,35.26,2026-05-20
1383,2,Carlos Suarez,carlos.suarez87@gmail.com,88,1,45.56,2026-05-17
1384,11,Ana Flores,ana.flores99@gmail.com,84,1,40.08,2026-05-28
1385,23,Camila Castro,camila.castro71@gmail.com,164,1,59.68,2026-05-07
1386,40,Luis Castro,luis.castro1@gmail.com,36,1,64.32,2026-05-21
1387,76,Maria Gomez,maria.gomez80@gmail.com,115,1,82.55,2026-05-12
1388,87,Emily Paspuel,emily.paspuel93@gmail.com,6,1,23.22,2026-05-22
1389,59,Luis Paspuel,luis.paspuel81@gmail.com,77,1,30.49,2026-05-24
1390,6,Andres Flores,andres.flores67@gmail.com,106,1,70.22,2026-05-20
1391,80,Mateo Gomez,mateo.gomez40@gmail.com,171,1,69.27,2026-05-19
1392,37,Camila Rojas,camila.rojas50@gmail.com,158,1,51.46,2026-05-19
1393,62,Diego Perez,diego.perez69@gmail.com,3,1,19.11,2026-05-25
1394,89,Ana Gomez,ana.gomez98@gmail.com,139,1,25.43,2026-05-06
1395,90,Andres Ruiz,andres.ruiz70@gmail.com,56,1,91.72,2026-05-07
1396,32,Pedro Cruz,pedro.cruz61@gmail.com,192,1,46.72,2026-05-13
1397,73,Miguel Navarro,miguel.navarro4@gmail.com,192,1,46.72,2026-05-29
1398,76,Maria Gomez,maria.gomez80@gmail.com,59,1,95.83,2026-05-16
1399,5,Daniel Acosta,daniel.acosta85@gmail.com,137,1,22.69,2026-05-06
1400,67,Miguel Paspuel,miguel.paspuel30@gmail.com,56,1,91.72,2026-05-04
1401,76,Maria Gomez,maria.gomez80@gmail.com,179,1,80.23,2026-05-15
1402,89,Ana Gomez,ana.gomez98@gmail.com,107,1,71.59,2026-05-17
1403,17,Pedro Gomez,pedro.gomez67@gmail.com,93,1,52.41,2026-05-22
1404,39,Ana Castro,ana.castro27@gmail.com,175,1,74.75,2026-05-11
1405,12,Sofia Gomez,sofia.gomez66@gmail.com,87,1,44.19,2026-05-17
1406,100,Ana Torres,ana.torres87@gmail.com,36,1,64.32,2026-05-25
1407,47,Valeria Benitez,valeria.benitez19@gmail.com,23,1,46.51,2026-05-08
1408,89,Ana Gomez,ana.gomez98@gmail.com,64,1,102.68,2026-05-14
1409,64,Emily Salazar,emily.salazar93@gmail.com,9,1,27.33,2026-05-28
1410,33,Emily Ruiz,emily.ruiz87@gmail.com,2,1,17.74,2026-05-10
1411,59,Luis Paspuel,luis.paspuel81@gmail.com,139,1,25.43,2026-05-16
1412,72,Mateo Paspuel,mateo.paspuel64@gmail.com,115,1,82.55,2026-05-17
1413,12,Sofia Gomez,sofia.gomez66@gmail.com,185,1,33.35,2026-05-06
1414,88,Sofia Paspuel,sofia.paspuel45@gmail.com,130,1,103.1,2026-05-14
1415,7,Miguel Flores,miguel.flores68@gmail.com,56,1,91.72,2026-05-26
1416,14,Luis Flores,luis.flores15@gmail.com,142,1,29.54,2026-05-16
1417,20,Carlos Lopez,carlos.lopez18@gmail.com,123,1,93.51,2026-05-11
1418,23,Camila Castro,camila.castro71@gmail.com,200,1,62.0,2026-05-04
1419,74,Ana Mora,ana.mora16@gmail.com,98,1,59.26,2026-05-20
1420,64,Emily Salazar,emily.salazar93@gmail.com,47,1,79.39,2026-05-15
1421,77,Jose Lopez,jose.lopez69@gmail.com,63,1,101.31,2026-05-30
1422,60,Diana Torres,diana.torres20@gmail.com,167,1,63.79,2026-05-30
1423,88,Sofia Paspuel,sofia.paspuel45@gmail.com,77,1,30.49,2026-05-28
1424,35,Ana Lopez,ana.lopez61@gmail.com,158,1,51.46,2026-05-11
1425,5,Daniel Acosta,daniel.acosta85@gmail.com,40,1,69.8,2026-05-03
1426,72,Mateo Paspuel,mateo.paspuel64@gmail.com,30,1,56.1,2026-05-14
1427,57,Luis Acosta,luis.acosta47@gmail.com,21,1,43.77,2026-05-25
1428,5,Daniel Acosta,daniel.acosta85@gmail.com,75,1,27.75,2026-05-23
1429,27,Luis Mora,luis.mora33@gmail.com,78,1,31.86,2026-05-28
1430,55,Ana Acosta,ana.acosta99@gmail.com,181,1,25.71,2026-05-16
1431,78,Emily Herrera,emily.herrera26@gmail.com,20,1,42.4,2026-05-06
1432,67,Miguel Paspuel,miguel.paspuel30@gmail.com,15,1,35.55,2026-05-14
1433,36,Andres Rojas,andres.rojas47@gmail.com,146,1,35.02,2026-05-10
1434,28,Fernanda Acosta,fernanda.acosta52@gmail.com,112,1,78.44,2026-05-08
1435,76,Maria Gomez,maria.gomez80@gmail.com,24,1,47.88,2026-05-29
1436,87,Emily Paspuel,emily.paspuel93@gmail.com,77,1,30.49,2026-05-24
1437,21,Lucia Suarez,lucia.suarez43@gmail.com,30,1,56.1,2026-05-02
1438,46,Daniel Mora,daniel.mora2@gmail.com,73,1,25.01,2026-05-05
1439,39,Ana Castro,ana.castro27@gmail.com,142,1,29.54,2026-05-11
1440,90,Andres Ruiz,andres.ruiz70@gmail.com,101,1,63.37,2026-05-11
1441,57,Luis Acosta,luis.acosta47@gmail.com,15,1,35.55,2026-05-19
1442,55,Ana Acosta,ana.acosta99@gmail.com,200,1,62.0,2026-05-08
1443,66,Daniel Cruz,daniel.cruz12@gmail.com,93,1,52.41,2026-05-23
1444,67,Miguel Paspuel,miguel.paspuel30@gmail.com,197,1,56.27,2026-05-14
1445,55,Ana Acosta,ana.acosta99@gmail.com,198,1,58.18,2026-05-27
1446,26,Pedro Castro,pedro.castro94@gmail.com,77,1,30.49,2026-05-09
1447,20,Carlos Lopez,carlos.lopez18@gmail.com,19,1,41.03,2026-05-08
1448,77,Jose Lopez,jose.lopez69@gmail.com,5,1,21.85,2026-05-15
1449,50,Juan Castro,juan.castro81@gmail.com,80,1,34.6,2026-05-17
1450,29,Mateo Romero,mateo.romero24@gmail.com,129,1,101.73,2026-05-28
1451,25,Diego Suarez,diego.suarez45@gmail.com,16,1,36.92,2026-05-04
1452,24,Jose Gomez,jose.gomez27@gmail.com,69,1,19.53,2026-05-12
1453,99,Valeria Herrera,valeria.herrera1@gmail.com,2,1,17.74,2026-05-06
1454,28,Fernanda Acosta,fernanda.acosta52@gmail.com,70,1,20.9,2026-05-11
1455,48,Miguel Torres,miguel.torres90@gmail.com,121,1,90.77,2026-05-20
1456,73,Miguel Navarro,miguel.navarro4@gmail.com,50,1,83.5,2026-05-12
1457,97,Diego Rojas,diego.rojas44@gmail.com,93,1,52.41,2026-05-02
1458,65,Paula Vega,paula.vega31@gmail.com,161,1,55.57,2026-05-25
1459,64,Emily Salazar,emily.salazar93@gmail.com,82,1,37.34,2026-05-02
1460,96,Mateo Mora,mateo.mora34@gmail.com,157,1,50.09,2026-05-06
1461,86,Maria Flores,maria.flores52@gmail.com,133,1,17.21,2026-05-16
1462,94,Valeria Flores,valeria.flores75@gmail.com,30,1,56.1,2026-05-06
1463,53,Fernanda Paspuel,fernanda.paspuel45@gmail.com,63,1,101.31,2026-05-15
1464,48,Miguel Torres,miguel.torres90@gmail.com,51,1,84.87,2026-05-09
1465,21,Lucia Suarez,lucia.suarez43@gmail.com,66,1,15.42,2026-05-13
1466,60,Diana Torres,diana.torres20@gmail.com,48,1,80.76,2026-05-10
1467,91,Camila Acosta,camila.acosta41@gmail.com,58,1,94.46,2026-05-02
1468,23,Camila Castro,camila.castro71@gmail.com,62,1,99.94,2026-05-25
1469,17,Pedro Gomez,pedro.gomez67@gmail.com,97,1,57.89,2026-05-03
1470,15,Jose Castro,jose.castro82@gmail.com,1,1,16.37,2026-05-26
1471,41,Luis Gomez,luis.gomez94@gmail.com,51,1,84.87,2026-05-22
1472,48,Miguel Torres,miguel.torres90@gmail.com,189,1,40.99,2026-05-03
1473,51,Daniel Gomez,daniel.gomez14@gmail.com,52,1,86.24,2026-05-17
1474,21,Lucia Suarez,lucia.suarez43@gmail.com,195,1,52.45,2026-05-11
1475,35,Ana Lopez,ana.lopez61@gmail.com,10,1,28.7,2026-05-05
1476,59,Luis Paspuel,luis.paspuel81@gmail.com,74,1,26.38,2026-05-30
1477,8,Paula Benitez,paula.benitez90@gmail.com,130,1,103.1,2026-05-20
1478,8,Paula Benitez,paula.benitez90@gmail.com,164,1,59.68,2026-05-12
1479,10,Sofia Torres,sofia.torres60@gmail.com,125,1,96.25,2026-05-07
1480,26,Pedro Castro,pedro.castro94@gmail.com,82,1,37.34,2026-05-24
1481,92,Paula Torres,paula.torres53@gmail.com,151,1,41.87,2026-05-05
1482,29,Mateo Romero,mateo.romero24@gmail.com,152,1,43.24,2026-05-05
1483,56,Luis Cruz,luis.cruz91@gmail.com,169,1,66.53,2026-05-21
1484,2,Carlos Suarez,carlos.suarez87@gmail.com,116,1,83.92,2026-05-20
1485,3,Daniel Suarez,daniel.suarez49@gmail.com,104,1,67.48,2026-05-28
1486,94,Valeria Flores,valeria.flores75@gmail.com,60,1,97.2,2026-05-10
1487,78,Emily Herrera,emily.herrera26@gmail.com,20,1,42.4,2026-05-08
1488,5,Daniel Acosta,daniel.acosta85@gmail.com,44,1,75.28,2026-05-10
1489,95,Ana Cruz,ana.cruz50@gmail.com,188,1,39.08,2026-05-13
1490,41,Luis Gomez,luis.gomez94@gmail.com,100,1,62.0,2026-05-05
1491,81,Carlos Perez,carlos.perez8@gmail.com,107,1,71.59,2026-05-11
1492,61,Ana Benitez,ana.benitez19@gmail.com,67,1,16.79,2026-05-07
1493,42,Fernanda Navarro,fernanda.navarro34@gmail.com,105,1,68.85,2026-05-26
1494,94,Valeria Flores,valeria.flores75@gmail.com,77,1,30.49,2026-05-24
1495,80,Mateo Gomez,mateo.gomez40@gmail.com,124,1,94.88,2026-05-12
1496,20,Carlos Lopez,carlos.lopez18@gmail.com,136,1,21.32,2026-05-06
1497,65,Paula Vega,paula.vega31@gmail.com,168,1,65.16,2026-05-12
1498,30,Lucia Acosta,lucia.acosta28@gmail.com,74,1,26.38,2026-05-04
1499,53,Fernanda Paspuel,fernanda.paspuel45@gmail.com,120,1,89.4,2026-05-06
1500,66,Daniel Cruz,daniel.cruz12@gmail.com,107,1,71.59,2026-05-14
1501,35,Ana Lopez,ana.lopez61@gmail.com,199,1,60.09,2026-05-28
1502,66,Daniel Cruz,daniel.cruz12@gmail.com,154,1,45.98,2026-05-27
1503,29,Mateo Romero,mateo.romero24@gmail.com,88,1,45.56,2026-05-11
1504,46,Daniel Mora,daniel.mora2@gmail.com,72,1,23.64,2026-05-09
1505,44,Fernanda Torres,fernanda.torres34@gmail.com,42,1,72.54,2026-05-30
1506,31,Jose Perez,jose.perez2@gmail.com,90,1,48.3,2026-05-12
1507,14,Luis Flores,luis.flores15@gmail.com,196,1,54.36,2026-05-03
1508,87,Emily Paspuel,emily.paspuel93@gmail.com,168,1,65.16,2026-05-12
1509,5,Daniel Acosta,daniel.acosta85@gmail.com,147,1,36.39,2026-05-11
1510,36,Andres Rojas,andres.rojas47@gmail.com,87,1,44.19,2026-05-25
1511,65,Paula Vega,paula.vega31@gmail.com,43,1,73.91,2026-05-17
1512,89,Ana Gomez,ana.gomez98@gmail.com,105,1,68.85,2026-05-29
1513,55,Ana Acosta,ana.acosta99@gmail.com,186,1,35.26,2026-05-03
1514,38,Lucia Castro,lucia.castro3@gmail.com,9,1,27.33,2026-05-26
1515,33,Emily Ruiz,emily.ruiz87@gmail.com,157,1,50.09,2026-05-27
1516,21,Lucia Suarez,lucia.suarez43@gmail.com,34,1,61.58,2026-05-13
1517,82,Sofia Romero,sofia.romero21@gmail.com,115,1,82.55,2026-05-12
1518,8,Paula Benitez,paula.benitez90@gmail.com,119,1,88.03,2026-05-29
1519,36,Andres Rojas,andres.rojas47@gmail.com,84,1,40.08,2026-05-19
1520,21,Lucia Suarez,lucia.suarez43@gmail.com,41,1,71.17,2026-05-24
1521,1,Jose Suarez,jose.suarez11@gmail.com,49,1,82.13,2026-05-22
1522,45,Fernanda Ruiz,fernanda.ruiz48@gmail.com,14,1,34.18,2026-05-05
1523,52,Camila Mora,camila.mora82@gmail.com,42,1,72.54,2026-05-09
1524,43,Jose Rojas,jose.rojas67@gmail.com,88,1,45.56,2026-05-13
1525,68,Miguel Rojas,miguel.rojas85@gmail.com,19,1,41.03,2026-05-22
1526,54,Diego Flores,diego.flores78@gmail.com,83,1,38.71,2026-05-04
1527,79,Valeria Cruz,valeria.cruz58@gmail.com,88,1,45.56,2026-05-10
1528,64,Emily Salazar,emily.salazar93@gmail.com,18,1,39.66,2026-05-10
1529,55,Ana Acosta,ana.acosta99@gmail.com,38,1,67.06,2026-05-29
1530,65,Paula Vega,paula.vega31@gmail.com,17,1,38.29,2026-05-27
1531,33,Emily Ruiz,emily.ruiz87@gmail.com,45,1,76.65,2026-05-02
1532,65,Paula Vega,paula.vega31@gmail.com,124,1,94.88,2026-05-26
1533,7,Miguel Flores,miguel.flores68@gmail.com,58,1,94.46,2026-05-01
1534,14,Luis Flores,luis.flores15@gmail.com,79,1,33.23,2026-05-12
1535,97,Diego Rojas,diego.rojas44@gmail.com,200,1,62.0,2026-05-04
1536,68,Miguel Rojas,miguel.rojas85@gmail.com,89,1,46.93,2026-05-06
1537,85,Fernanda Herrera,fernanda.herrera13@gmail.com,23,1,46.51,2026-05-24
1538,51,Daniel Gomez,daniel.gomez14@gmail.com,199,1,60.09,2026-05-03
1539,91,Camila Acosta,camila.acosta41@gmail.com,154,1,45.98,2026-05-16
1540,23,Camila Castro,camila.castro71@gmail.com,145,1,33.65,2026-05-23
1541,33,Emily Ruiz,emily.ruiz87@gmail.com,171,1,69.27,2026-05-04
1542,53,Fernanda Paspuel,fernanda.paspuel45@gmail.com,67,1,16.79,2026-05-03
1543,55,Ana Acosta,ana.acosta99@gmail.com,186,1,35.26,2026-05-06
1544,38,Lucia Castro,lucia.castro3@gmail.com,151,1,41.87,2026-05-11
1545,85,Fernanda Herrera,fernanda.herrera13@gmail.com,24,1,47.88,2026-05-18
1546,93,Fernanda Benitez,fernanda.benitez10@gmail.com,77,1,30.49,2026-05-02
1547,85,Fernanda Herrera,fernanda.herrera13@gmail.com,115,1,82.55,2026-05-05
1548,84,Daniel Flores,daniel.flores75@gmail.com,52,1,86.24,2026-05-05
1549,70,Diana Ruiz,diana.ruiz90@gmail.com,79,1,33.23,2026-05-27
1550,73,Miguel Navarro,miguel.navarro4@gmail.com,42,1,72.54,2026-05-14
1551,32,Pedro Cruz,pedro.cruz61@gmail.com,64,1,102.68,2026-05-17
1552,96,Mateo Mora,mateo.mora34@gmail.com,162,1,56.94,2026-05-29
1553,26,Pedro Castro,pedro.castro94@gmail.com,154,1,45.98,2026-05-19
1554,84,Daniel Flores,daniel.flores75@gmail.com,6,1,23.22,2026-05-18
1555,83,Maria Castro,maria.castro9@gmail.com,162,1,56.94,2026-05-08
1556,71,Mateo Navarro,mateo.navarro72@gmail.com,46,1,78.02,2026-05-02
1557,11,Ana Flores,ana.flores99@gmail.com,143,1,30.91,2026-05-12
1558,62,Diego Perez,diego.perez69@gmail.com,86,1,42.82,2026-05-11
1559,9,Miguel Mora,miguel.mora18@gmail.com,117,1,85.29,2026-05-18
1560,86,Maria Flores,maria.flores52@gmail.com,73,1,25.01,2026-05-11
1561,50,Juan Castro,juan.castro81@gmail.com,92,1,51.04,2026-05-28
1562,66,Daniel Cruz,daniel.cruz12@gmail.com,22,1,45.14,2026-05-01
1563,13,Luis Lopez,luis.lopez65@gmail.com,37,1,65.69,2026-05-03
1564,12,Sofia Gomez,sofia.gomez66@gmail.com,162,1,56.94,2026-05-27
1565,5,Daniel Acosta,daniel.acosta85@gmail.com,192,1,46.72,2026-05-17
1566,26,Pedro Castro,pedro.castro94@gmail.com,50,1,83.5,2026-05-15
1567,77,Jose Lopez,jose.lopez69@gmail.com,9,1,27.33,2026-05-14
1568,72,Mateo Paspuel,mateo.paspuel64@gmail.com,138,1,24.06,2026-05-15
1569,44,Fernanda Torres,fernanda.torres34@gmail.com,45,1,76.65,2026-05-02
1570,6,Andres Flores,andres.flores67@gmail.com,11,1,30.07,2026-05-12
1571,91,Camila Acosta,camila.acosta41@gmail.com,51,1,84.87,2026-05-02
1572,82,Sofia Romero,sofia.romero21@gmail.com,29,1,54.73,2026-05-20
1573,26,Pedro Castro,pedro.castro94@gmail.com,74,1,26.38,2026-05-17
1574,46,Daniel Mora,daniel.mora2@gmail.com,69,1,19.53,2026-05-30
1575,99,Valeria Herrera,valeria.herrera1@gmail.com,190,1,42.9,2026-05-14
1576,58,Carlos Vega,carlos.vega32@gmail.com,117,1,85.29,2026-05-06
1577,88,Sofia Paspuel,sofia.paspuel45@gmail.com,192,1,46.72,2026-05-08
1578,63,Luis Salazar,luis.salazar83@gmail.com,40,1,69.8,2026-05-05
1579,68,Miguel Rojas,miguel.rojas85@gmail.com,194,1,50.54,2026-05-02
1580,2,Carlos Suarez,carlos.suarez87@gmail.com,2,1,17.74,2026-05-17
1581,96,Mateo Mora,mateo.mora34@gmail.com,148,1,37.76,2026-05-21
1582,53,Fernanda Paspuel,fernanda.paspuel45@gmail.com,167,1,63.79,2026-05-30
1583,55,Ana Acosta,ana.acosta99@gmail.com,30,1,56.1,2026-05-17
1584,61,Ana Benitez,ana.benitez19@gmail.com,131,1,104.47,2026-05-07
1585,76,Maria Gomez,maria.gomez80@gmail.com,59,1,95.83,2026-05-13
1586,38,Lucia Castro,lucia.castro3@gmail.com,104,1,67.48,2026-05-24
1587,48,Miguel Torres,miguel.torres90@gmail.com,159,1,52.83,2026-05-17
1588,85,Fernanda Herrera,fernanda.herrera13@gmail.com,55,1,90.35,2026-05-25
1589,2,Carlos Suarez,carlos.suarez87@gmail.com,12,1,31.44,2026-05-04
1590,11,Ana Flores,ana.flores99@gmail.com,46,1,78.02,2026-05-27
1591,51,Daniel Gomez,daniel.gomez14@gmail.com,153,1,44.61,2026-05-28
1592,98,Ana Navarro,ana.navarro44@gmail.com,195,1,52.45,2026-05-27
1593,20,Carlos Lopez,carlos.lopez18@gmail.com,108,1,72.96,2026-05-02
1594,27,Luis Mora,luis.mora33@gmail.com,45,1,76.65,2026-05-18
1595,61,Ana Benitez,ana.benitez19@gmail.com,177,1,77.49,2026-05-02
1596,69,Lucia Herrera,lucia.herrera62@gmail.com,59,1,95.83,2026-05-29
1597,14,Luis Flores,luis.flores15@gmail.com,152,1,43.24,2026-05-07
1598,46,Daniel Mora,daniel.mora2@gmail.com,16,1,36.92,2026-05-15
1599,81,Carlos Perez,carlos.perez8@gmail.com,122,1,92.14,2026-05-04
1600,65,Paula Vega,paula.vega31@gmail.com,80,1,34.6,2026-05-04
1601,9,Miguel Mora,miguel.mora18@gmail.com,108,1,72.96,2026-05-13
1602,14,Luis Flores,luis.flores15@gmail.com,2,1,17.74,2026-05-05
1603,96,Mateo Mora,mateo.mora34@gmail.com,40,1,69.8,2026-05-29
1604,68,Miguel Rojas,miguel.rojas85@gmail.com,167,1,63.79,2026-05-09
1605,94,Valeria Flores,valeria.flores75@gmail.com,123,1,93.51,2026-05-04
1606,74,Ana Mora,ana.mora16@gmail.com,72,1,23.64,2026-05-20
1607,71,Mateo Navarro,mateo.navarro72@gmail.com,41,1,71.17,2026-05-17
1608,39,Ana Castro,ana.castro27@gmail.com,34,1,61.58,2026-05-05
1609,88,Sofia Paspuel,sofia.paspuel45@gmail.com,64,1,102.68,2026-05-01
1610,79,Valeria Cruz,valeria.cruz58@gmail.com,17,1,38.29,2026-05-17
1611,34,Camila Paspuel,camila.paspuel92@gmail.com,93,1,52.41,2026-05-10
1612,32,Pedro Cruz,pedro.cruz61@gmail.com,4,1,20.48,2026-05-14
1613,69,Lucia Herrera,lucia.herrera62@gmail.com,41,1,71.17,2026-05-23
1614,8,Paula Benitez,paula.benitez90@gmail.com,158,1,51.46,2026-05-28
1615,35,Ana Lopez,ana.lopez61@gmail.com,116,1,83.92,2026-05-21
1616,7,Miguel Flores,miguel.flores68@gmail.com,113,1,79.81,2026-05-10
1617,53,Fernanda Paspuel,fernanda.paspuel45@gmail.com,158,1,51.46,2026-05-22
1618,100,Ana Torres,ana.torres87@gmail.com,94,1,53.78,2026-05-08
1619,28,Fernanda Acosta,fernanda.acosta52@gmail.com,89,1,46.93,2026-05-19
1620,91,Camila Acosta,camila.acosta41@gmail.com,98,1,59.26,2026-05-03
1621,92,Paula Torres,paula.torres53@gmail.com,101,1,63.37,2026-05-18
1622,39,Ana Castro,ana.castro27@gmail.com,138,1,24.06,2026-05-20
1623,27,Luis Mora,luis.mora33@gmail.com,66,1,15.42,2026-05-27
1624,22,Emily Perez,emily.perez82@gmail.com,147,1,36.39,2026-05-28
1625,8,Paula Benitez,paula.benitez90@gmail.com,5,1,21.85,2026-05-22
1626,80,Mateo Gomez,mateo.gomez40@gmail.com,11,1,30.07,2026-05-02
1627,20,Carlos Lopez,carlos.lopez18@gmail.com,179,1,80.23,2026-05-02
1628,32,Pedro Cruz,pedro.cruz61@gmail.com,146,1,35.02,2026-05-09
1629,17,Pedro Gomez,pedro.gomez67@gmail.com,3,1,19.11,2026-05-14
1630,39,Ana Castro,ana.castro27@gmail.com,13,1,32.81,2026-05-27
1631,75,Miguel Vega,miguel.vega53@gmail.com,96,1,56.52,2026-05-12
1632,24,Jose Gomez,jose.gomez27@gmail.com,1,1,16.37,2026-05-12
1633,10,Sofia Torres,sofia.torres60@gmail.com,158,1,51.46,2026-05-07
1634,33,Emily Ruiz,emily.ruiz87@gmail.com,92,1,51.04,2026-05-24
1635,1,Jose Suarez,jose.suarez11@gmail.com,29,1,54.73,2026-05-21
1636,34,Camila Paspuel,camila.paspuel92@gmail.com,43,1,73.91,2026-05-14
1637,70,Diana Ruiz,diana.ruiz90@gmail.com,82,1,37.34,2026-05-27
1638,22,Emily Perez,emily.perez82@gmail.com,184,1,31.44,2026-05-26
1639,23,Camila Castro,camila.castro71@gmail.com,43,1,73.91,2026-05-06
1640,91,Camila Acosta,camila.acosta41@gmail.com,43,1,73.91,2026-05-01
1641,98,Ana Navarro,ana.navarro44@gmail.com,60,1,97.2,2026-05-26
1642,90,Andres Ruiz,andres.ruiz70@gmail.com,136,1,21.32,2026-05-17
1643,44,Fernanda Torres,fernanda.torres34@gmail.com,41,1,71.17,2026-05-16
1644,52,Camila Mora,camila.mora82@gmail.com,188,1,39.08,2026-05-30
1645,80,Mateo Gomez,mateo.gomez40@gmail.com,153,1,44.61,2026-05-08
1646,52,Camila Mora,camila.mora82@gmail.com,32,1,58.84,2026-05-04
1647,20,Carlos Lopez,carlos.lopez18@gmail.com,107,1,71.59,2026-05-30
1648,3,Daniel Suarez,daniel.suarez49@gmail.com,192,1,46.72,2026-05-17
1649,97,Diego Rojas,diego.rojas44@gmail.com,103,1,66.11,2026-05-16
1650,34,Camila Paspuel,camila.paspuel92@gmail.com,10,1,28.7,2026-05-19
1651,69,Lucia Herrera,lucia.herrera62@gmail.com,166,1,62.42,2026-05-18
1652,35,Ana Lopez,ana.lopez61@gmail.com,77,1,30.49,2026-05-30
1653,14,Luis Flores,luis.flores15@gmail.com,150,1,40.5,2026-05-20
1654,97,Diego Rojas,diego.rojas44@gmail.com,96,1,56.52,2026-05-15
1655,34,Camila Paspuel,camila.paspuel92@gmail.com,56,1,91.72,2026-05-23
1656,18,Diego Lopez,diego.lopez92@gmail.com,155,1,47.35,2026-05-30
1657,26,Pedro Castro,pedro.castro94@gmail.com,70,1,20.9,2026-05-03
1658,63,Luis Salazar,luis.salazar83@gmail.com,5,1,21.85,2026-05-09
1659,21,Lucia Suarez,lucia.suarez43@gmail.com,196,1,54.36,2026-05-09
1660,10,Sofia Torres,sofia.torres60@gmail.com,197,1,56.27,2026-05-07
1661,22,Emily Perez,emily.perez82@gmail.com,60,1,97.2,2026-05-20
1662,67,Miguel Paspuel,miguel.paspuel30@gmail.com,11,1,30.07,2026-05-03
1663,70,Diana Ruiz,diana.ruiz90@gmail.com,51,1,84.87,2026-05-13
1664,23,Camila Castro,camila.castro71@gmail.com,120,1,89.4,2026-05-16
1665,60,Diana Torres,diana.torres20@gmail.com,120,1,89.4,2026-05-16
1666,33,Emily Ruiz,emily.ruiz87@gmail.com,160,1,54.2,2026-05-12
1667,76,Maria Gomez,maria.gomez80@gmail.com,101,1,63.37,2026-05-16
1668,70,Diana Ruiz,diana.ruiz90@gmail.com,144,1,32.28,2026-05-02
1669,86,Maria Flores,maria.flores52@gmail.com,157,1,50.09,2026-05-11
1670,80,Mateo Gomez,mateo.gomez40@gmail.com,11,1,30.07,2026-05-20
1671,39,Ana Castro,ana.castro27@gmail.com,54,1,88.98,2026-05-14
1672,92,Paula Torres,paula.torres53@gmail.com,16,1,36.92,2026-05-23
1673,29,Mateo Romero,mateo.romero24@gmail.com,104,1,67.48,2026-05-09
1674,46,Daniel Mora,daniel.mora2@gmail.com,154,1,45.98,2026-05-12
1675,89,Ana Gomez,ana.gomez98@gmail.com,30,1,56.1,2026-05-16
1676,55,Ana Acosta,ana.acosta99@gmail.com,73,1,25.01,2026-05-09
1677,37,Camila Rojas,camila.rojas50@gmail.com,119,1,88.03,2026-05-25
1678,42,Fernanda Navarro,fernanda.navarro34@gmail.com,44,1,75.28,2026-05-21
1679,91,Camila Acosta,camila.acosta41@gmail.com,72,1,23.64,2026-05-27
1680,47,Valeria Benitez,valeria.benitez19@gmail.com,109,1,74.33,2026-05-14
1681,40,Luis Castro,luis.castro1@gmail.com,71,1,22.27,2026-05-16
1682,68,Miguel Rojas,miguel.rojas85@gmail.com,68,1,18.16,2026-05-24
1683,69,Lucia Herrera,lucia.herrera62@gmail.com,9,1,27.33,2026-05-01
1684,8,Paula Benitez,paula.benitez90@gmail.com,93,1,52.41,2026-05-05
1685,72,Mateo Paspuel,mateo.paspuel64@gmail.com,131,1,104.47,2026-05-15
1686,39,Ana Castro,ana.castro27@gmail.com,3,1,19.11,2026-05-26
1687,10,Sofia Torres,sofia.torres60@gmail.com,103,1,66.11,2026-05-17
1688,45,Fernanda Ruiz,fernanda.ruiz48@gmail.com,152,1,43.24,2026-05-22
1689,64,Emily Salazar,emily.salazar93@gmail.com,38,1,67.06,2026-05-09
1690,13,Luis Lopez,luis.lopez65@gmail.com,127,1,98.99,2026-05-22
1691,33,Emily Ruiz,emily.ruiz87@gmail.com,75,1,27.75,2026-05-23
1692,35,Ana Lopez,ana.lopez61@gmail.com,32,1,58.84,2026-05-25
1693,98,Ana Navarro,ana.navarro44@gmail.com,77,1,30.49,2026-05-28
1694,82,Sofia Romero,sofia.romero21@gmail.com,28,1,53.36,2026-05-03
1695,45,Fernanda Ruiz,fernanda.ruiz48@gmail.com,131,1,104.47,2026-05-24
1696,4,Pedro Salazar,pedro.salazar91@gmail.com,145,1,33.65,2026-05-07
1697,31,Jose Perez,jose.perez2@gmail.com,196,1,54.36,2026-05-15
1698,2,Carlos Suarez,carlos.suarez87@gmail.com,7,1,24.59,2026-05-02
1699,73,Miguel Navarro,miguel.navarro4@gmail.com,181,1,25.71,2026-05-11
1700,22,Emily Perez,emily.perez82@gmail.com,74,1,26.38,2026-05-26
1701,70,Diana Ruiz,diana.ruiz90@gmail.com,194,1,50.54,2026-05-19
1702,44,Fernanda Torres,fernanda.torres34@gmail.com,74,1,26.38,2026-05-07
1703,9,Miguel Mora,miguel.mora18@gmail.com,154,1,45.98,2026-05-03
1704,48,Miguel Torres,miguel.torres90@gmail.com,22,1,45.14,2026-05-15
1705,14,Luis Flores,luis.flores15@gmail.com,124,1,94.88,2026-05-13
1706,2,Carlos Suarez,carlos.suarez87@gmail.com,135,1,19.95,2026-05-18
1707,52,Camila Mora,camila.mora82@gmail.com,92,1,51.04,2026-05-23
1708,71,Mateo Navarro,mateo.navarro72@gmail.com,193,1,48.63,2026-05-04
1709,15,Jose Castro,jose.castro82@gmail.com,17,1,38.29,2026-05-11
1710,82,Sofia Romero,sofia.romero21@gmail.com,10,1,28.7,2026-05-23
1711,86,Maria Flores,maria.flores52@gmail.com,61,1,98.57,2026-05-28
1712,41,Luis Gomez,luis.gomez94@gmail.com,42,1,72.54,2026-05-10
1713,91,Camila Acosta,camila.acosta41@gmail.com,75,1,27.75,2026-05-17
1714,6,Andres Flores,andres.flores67@gmail.com,54,1,88.98,2026-05-11
1715,88,Sofia Paspuel,sofia.paspuel45@gmail.com,129,1,101.73,2026-05-01
1716,70,Diana Ruiz,diana.ruiz90@gmail.com,192,1,46.72,2026-05-15
1717,52,Camila Mora,camila.mora82@gmail.com,76,1,29.12,2026-05-25
1718,37,Camila Rojas,camila.rojas50@gmail.com,135,1,19.95,2026-05-25
1719,24,Jose Gomez,jose.gomez27@gmail.com,68,1,18.16,2026-05-11
1720,34,Camila Paspuel,camila.paspuel92@gmail.com,77,1,30.49,2026-05-29
1721,34,Camila Paspuel,camila.paspuel92@gmail.com,20,1,42.4,2026-05-08
1722,87,Emily Paspuel,emily.paspuel93@gmail.com,185,1,33.35,2026-05-30
1723,19,Diana Romero,diana.romero86@gmail.com,69,1,19.53,2026-05-18
1724,96,Mateo Mora,mateo.mora34@gmail.com,170,1,67.9,2026-05-24
1725,49,Miguel Benitez,miguel.benitez4@gmail.com,77,1,30.49,2026-05-24
1726,51,Daniel Gomez,daniel.gomez14@gmail.com,78,1,31.86,2026-05-15
1727,90,Andres Ruiz,andres.ruiz70@gmail.com,22,1,45.14,2026-05-17
1728,55,Ana Acosta,ana.acosta99@gmail.com,82,1,37.34,2026-05-18
1729,48,Miguel Torres,miguel.torres90@gmail.com,7,1,24.59,2026-05-30
1730,67,Miguel Paspuel,miguel.paspuel30@gmail.com,164,1,59.68,2026-05-10
1731,45,Fernanda Ruiz,fernanda.ruiz48@gmail.com,156,1,48.72,2026-05-01
1732,28,Fernanda Acosta,fernanda.acosta52@gmail.com,117,1,85.29,2026-05-13
1733,74,Ana Mora,ana.mora16@gmail.com,128,1,100.36,2026-05-29
1734,47,Valeria Benitez,valeria.benitez19@gmail.com,78,1,31.86,2026-05-24
1735,31,Jose Perez,jose.perez2@gmail.com,171,1,69.27,2026-05-27
1736,94,Valeria Flores,valeria.flores75@gmail.com,55,1,90.35,2026-05-11
1737,59,Luis Paspuel,luis.paspuel81@gmail.com,9,1,27.33,2026-05-04
1738,53,Fernanda Paspuel,fernanda.paspuel45@gmail.com,173,1,72.01,2026-05-23
1739,80,Mateo Gomez,mateo.gomez40@gmail.com,37,1,65.69,2026-05-01
1740,11,Ana Flores,ana.flores99@gmail.com,175,1,74.75,2026-05-26
1741,42,Fernanda Navarro,fernanda.navarro34@gmail.com,35,1,62.95,2026-05-03
1742,63,Luis Salazar,luis.salazar83@gmail.com,95,1,55.15,2026-05-23
1743,63,Luis Salazar,luis.salazar83@gmail.com,34,1,61.58,2026-05-25
1744,89,Ana Gomez,ana.gomez98@gmail.com,41,1,71.17,2026-05-18
1745,47,Valeria Benitez,valeria.benitez19@gmail.com,136,1,21.32,2026-05-09
1746,61,Ana Benitez,ana.benitez19@gmail.com,160,1,54.2,2026-05-10
1747,84,Daniel Flores,daniel.flores75@gmail.com,83,1,38.71,2026-05-13
1748,2,Carlos Suarez,carlos.suarez87@gmail.com,152,1,43.24,2026-05-05
1749,59,Luis Paspuel,luis.paspuel81@gmail.com,144,1,32.28,2026-05-15
1750,23,Camila Castro,camila.castro71@gmail.com,54,1,88.98,2026-05-08
1751,85,Fernanda Herrera,fernanda.herrera13@gmail.com,44,1,75.28,2026-05-24
1752,99,Valeria Herrera,valeria.herrera1@gmail.com,17,1,38.29,2026-05-15
1753,36,Andres Rojas,andres.rojas47@gmail.com,83,1,38.71,2026-05-03
1754,7,Miguel Flores,miguel.flores68@gmail.com,51,1,84.87,2026-05-14
1755,39,Ana Castro,ana.castro27@gmail.com,192,1,46.72,2026-05-01
1756,95,Ana Cruz,ana.cruz50@gmail.com,128,1,100.36,2026-05-16
1757,3,Daniel Suarez,daniel.suarez49@gmail.com,38,1,67.06,2026-05-12
1758,1,Jose Suarez,jose.suarez11@gmail.com,182,1,27.62,2026-05-26
1759,77,Jose Lopez,jose.lopez69@gmail.com,108,1,72.96,2026-05-04
1760,23,Camila Castro,camila.castro71@gmail.com,96,1,56.52,2026-05-07
1761,10,Sofia Torres,sofia.torres60@gmail.com,178,1,78.86,2026-05-18
1762,45,Fernanda Ruiz,fernanda.ruiz48@gmail.com,153,1,44.61,2026-05-04
1763,94,Valeria Flores,valeria.flores75@gmail.com,47,1,79.39,2026-05-16
1764,83,Maria Castro,maria.castro9@gmail.com,55,1,90.35,2026-05-04
1765,21,Lucia Suarez,lucia.suarez43@gmail.com,75,1,27.75,2026-05-07
1766,12,Sofia Gomez,sofia.gomez66@gmail.com,29,1,54.73,2026-05-07
1767,36,Andres Rojas,andres.rojas47@gmail.com,61,1,98.57,2026-05-11
1768,3,Daniel Suarez,daniel.suarez49@gmail.com,198,1,58.18,2026-05-24
1769,28,Fernanda Acosta,fernanda.acosta52@gmail.com,10,1,28.7,2026-05-15
1770,89,Ana Gomez,ana.gomez98@gmail.com,165,1,61.05,2026-05-04
1771,94,Valeria Flores,valeria.flores75@gmail.com,33,1,60.21,2026-05-14
1772,38,Lucia Castro,lucia.castro3@gmail.com,68,1,18.16,2026-05-26
1773,3,Daniel Suarez,daniel.suarez49@gmail.com,179,1,80.23,2026-05-22
1774,19,Diana Romero,diana.romero86@gmail.com,39,1,68.43,2026-05-20
1775,81,Carlos Perez,carlos.perez8@gmail.com,55,1,90.35,2026-05-20
1776,18,Diego Lopez,diego.lopez92@gmail.com,113,1,79.81,2026-05-24
1777,24,Jose Gomez,jose.gomez27@gmail.com,96,1,56.52,2026-05-13
1778,23,Camila Castro,camila.castro71@gmail.com,70,1,20.9,2026-05-02
1779,71,Mateo Navarro,mateo.navarro72@gmail.com,60,1,97.2,2026-05-11
1780,86,Maria Flores,maria.flores52@gmail.com,123,1,93.51,2026-05-01
1781,76,Maria Gomez,maria.gomez80@gmail.com,149,1,39.13,2026-05-07
1782,55,Ana Acosta,ana.acosta99@gmail.com,152,1,43.24,2026-05-10
1783,84,Daniel Flores,daniel.flores75@gmail.com,156,1,48.72,2026-05-01
1784,63,Luis Salazar,luis.salazar83@gmail.com,7,1,24.59,2026-05-21
1785,43,Jose Rojas,jose.rojas67@gmail.com,75,1,27.75,2026-05-25
1786,25,Diego Suarez,diego.suarez45@gmail.com,54,1,88.98,2026-05-13
1787,57,Luis Acosta,luis.acosta47@gmail.com,21,1,43.77,2026-05-11
1788,29,Mateo Romero,mateo.romero24@gmail.com,179,1,80.23,2026-05-19
1789,33,Emily Ruiz,emily.ruiz87@gmail.com,31,1,57.47,2026-05-25
1790,95,Ana Cruz,ana.cruz50@gmail.com,18,1,39.66,2026-05-02
1791,51,Daniel Gomez,daniel.gomez14@gmail.com,91,1,49.67,2026-05-26
1792,56,Luis Cruz,luis.cruz91@gmail.com,17,1,38.29,2026-05-26
1793,41,Luis Gomez,luis.gomez94@gmail.com,183,1,29.53,2026-05-20
1794,23,Camila Castro,camila.castro71@gmail.com,5,1,21.85,2026-05-22
1795,44,Fernanda Torres,fernanda.torres34@gmail.com,26,1,50.62,2026-05-24
1796,30,Lucia Acosta,lucia.acosta28@gmail.com,29,1,54.73,2026-05-27
1797,80,Mateo Gomez,mateo.gomez40@gmail.com,88,1,45.56,2026-05-30
1798,29,Mateo Romero,mateo.romero24@gmail.com,1,1,16.37,2026-05-12
1799,43,Jose Rojas,jose.rojas67@gmail.com,131,1,104.47,2026-05-22
1800,37,Camila Rojas,camila.rojas50@gmail.com,48,1,80.76,2026-05-29
1801,36,Andres Rojas,andres.rojas47@gmail.com,195,1,52.45,2026-05-15
1802,74,Ana Mora,ana.mora16@gmail.com,34,1,61.58,2026-05-30
1803,16,Miguel Romero,miguel.romero59@gmail.com,35,1,62.95,2026-05-23
1804,63,Luis Salazar,luis.salazar83@gmail.com,117,1,85.29,2026-05-26
1805,70,Diana Ruiz,diana.ruiz90@gmail.com,28,1,53.36,2026-05-26
1806,13,Luis Lopez,luis.lopez65@gmail.com,36,1,64.32,2026-05-23
1807,5,Daniel Acosta,daniel.acosta85@gmail.com,128,1,100.36,2026-05-11
1808,33,Emily Ruiz,emily.ruiz87@gmail.com,150,1,40.5,2026-05-09
1809,17,Pedro Gomez,pedro.gomez67@gmail.com,85,1,41.45,2026-05-24
1810,48,Miguel Torres,miguel.torres90@gmail.com,97,1,57.89,2026-05-09
1811,10,Sofia Torres,sofia.torres60@gmail.com,130,1,103.1,2026-05-30
1812,4,Pedro Salazar,pedro.salazar91@gmail.com,118,1,86.66,2026-05-03
1813,58,Carlos Vega,carlos.vega32@gmail.com,129,1,101.73,2026-05-21
1814,6,Andres Flores,andres.flores67@gmail.com,40,1,69.8,2026-05-03
1815,58,Carlos Vega,carlos.vega32@gmail.com,9,1,27.33,2026-05-18
1816,13,Luis Lopez,luis.lopez65@gmail.com,76,1,29.12,2026-05-30
1817,23,Camila Castro,camila.castro71@gmail.com,110,1,75.7,2026-05-27
1818,21,Lucia Suarez,lucia.suarez43@gmail.com,33,1,60.21,2026-05-07
1819,90,Andres Ruiz,andres.ruiz70@gmail.com,159,1,52.83,2026-05-15
1820,4,Pedro Salazar,pedro.salazar91@gmail.com,147,1,36.39,2026-05-13
1821,100,Ana Torres,ana.torres87@gmail.com,1,1,16.37,2026-05-23
1822,25,Diego Suarez,diego.suarez45@gmail.com,32,1,58.84,2026-05-06
1823,57,Luis Acosta,luis.acosta47@gmail.com,50,1,83.5,2026-05-15
1824,56,Luis Cruz,luis.cruz91@gmail.com,98,1,59.26,2026-05-22
1825,53,Fernanda Paspuel,fernanda.paspuel45@gmail.com,38,1,67.06,2026-05-18
1826,49,Miguel Benitez,miguel.benitez4@gmail.com,13,1,32.81,2026-05-02
1827,42,Fernanda Navarro,fernanda.navarro34@gmail.com,84,1,40.08,2026-05-16
1828,72,Mateo Paspuel,mateo.paspuel64@gmail.com,58,1,94.46,2026-05-19
1829,66,Daniel Cruz,daniel.cruz12@gmail.com,146,1,35.02,2026-05-19
1830,60,Diana Torres,diana.torres20@gmail.com,156,1,48.72,2026-05-03
1831,28,Fernanda Acosta,fernanda.acosta52@gmail.com,114,1,81.18,2026-05-30
1832,5,Daniel Acosta,daniel.acosta85@gmail.com,187,1,37.17,2026-05-14
1833,83,Maria Castro,maria.castro9@gmail.com,152,1,43.24,2026-05-30
1834,58,Carlos Vega,carlos.vega32@gmail.com,9,1,27.33,2026-05-27
1835,22,Emily Perez,emily.perez82@gmail.com,69,1,19.53,2026-05-17
1836,67,Miguel Paspuel,miguel.paspuel30@gmail.com,190,1,42.9,2026-05-21
1837,57,Luis Acosta,luis.acosta47@gmail.com,153,1,44.61,2026-05-26
1838,47,Valeria Benitez,valeria.benitez19@gmail.com,70,1,20.9,2026-05-15
1839,42,Fernanda Navarro,fernanda.navarro34@gmail.com,85,1,41.45,2026-05-15
1840,83,Maria Castro,maria.castro9@gmail.com,118,1,86.66,2026-05-01
1841,83,Maria Castro,maria.castro9@gmail.com,39,1,68.43,2026-05-28
1842,63,Luis Salazar,luis.salazar83@gmail.com,169,1,66.53,2026-05-25
1843,11,Ana Flores,ana.flores99@gmail.com,138,1,24.06,2026-05-20
1844,65,Paula Vega,paula.vega31@gmail.com,150,1,40.5,2026-05-13
1845,36,Andres Rojas,andres.rojas47@gmail.com,169,1,66.53,2026-05-24
1846,84,Daniel Flores,daniel.flores75@gmail.com,197,1,56.27,2026-05-17
1847,76,Maria Gomez,maria.gomez80@gmail.com,195,1,52.45,2026-05-26
1848,82,Sofia Romero,sofia.romero21@gmail.com,137,1,22.69,2026-05-22
1849,72,Mateo Paspuel,mateo.paspuel64@gmail.com,90,1,48.3,2026-05-17
1850,20,Carlos Lopez,carlos.lopez18@gmail.com,33,1,60.21,2026-05-21
1851,68,Miguel Rojas,miguel.rojas85@gmail.com,140,1,26.8,2026-05-10
1852,60,Diana Torres,diana.torres20@gmail.com,66,1,15.42,2026-05-26
1853,17,Pedro Gomez,pedro.gomez67@gmail.com,4,1,20.48,2026-05-07
1854,35,Ana Lopez,ana.lopez61@gmail.com,188,1,39.08,2026-05-18
1855,77,Jose Lopez,jose.lopez69@gmail.com,155,1,47.35,2026-05-06
1856,70,Diana Ruiz,diana.ruiz90@gmail.com,26,1,50.62,2026-05-19
1857,52,Camila Mora,camila.mora82@gmail.com,39,1,68.43,2026-05-23
1858,67,Miguel Paspuel,miguel.paspuel30@gmail.com,150,1,40.5,2026-05-10
1859,75,Miguel Vega,miguel.vega53@gmail.com,154,1,45.98,2026-05-12
1860,12,Sofia Gomez,sofia.gomez66@gmail.com,197,1,56.27,2026-05-08
1861,63,Luis Salazar,luis.salazar83@gmail.com,8,1,25.96,2026-05-20
1862,65,Paula Vega,paula.vega31@gmail.com,8,1,25.96,2026-05-03
1863,31,Jose Perez,jose.perez2@gmail.com,94,1,53.78,2026-05-15
1864,65,Paula Vega,paula.vega31@gmail.com,99,1,60.63,2026-05-12
1865,7,Miguel Flores,miguel.flores68@gmail.com,145,1,33.65,2026-05-27
1866,3,Daniel Suarez,daniel.suarez49@gmail.com,141,1,28.17,2026-05-08
1867,21,Lucia Suarez,lucia.suarez43@gmail.com,164,1,59.68,2026-05-08
1868,42,Fernanda Navarro,fernanda.navarro34@gmail.com,58,1,94.46,2026-05-15
1869,3,Daniel Suarez,daniel.suarez49@gmail.com,168,1,65.16,2026-05-24
1870,94,Valeria Flores,valeria.flores75@gmail.com,89,1,46.93,2026-05-17
1871,94,Valeria Flores,valeria.flores75@gmail.com,125,1,96.25,2026-05-10
1872,65,Paula Vega,paula.vega31@gmail.com,89,1,46.93,2026-05-15
1873,53,Fernanda Paspuel,fernanda.paspuel45@gmail.com,62,1,99.94,2026-05-24
1874,11,Ana Flores,ana.flores99@gmail.com,68,1,18.16,2026-05-26
1875,77,Jose Lopez,jose.lopez69@gmail.com,45,1,76.65,2026-05-29
1876,57,Luis Acosta,luis.acosta47@gmail.com,24,1,47.88,2026-05-06
1877,62,Diego Perez,diego.perez69@gmail.com,74,1,26.38,2026-05-06
1878,66,Daniel Cruz,daniel.cruz12@gmail.com,55,1,90.35,2026-05-27
1879,54,Diego Flores,diego.flores78@gmail.com,38,1,67.06,2026-05-17
1880,54,Diego Flores,diego.flores78@gmail.com,141,1,28.17,2026-05-06
1881,85,Fernanda Herrera,fernanda.herrera13@gmail.com,89,1,46.93,2026-05-02
1882,36,Andres Rojas,andres.rojas47@gmail.com,56,1,91.72,2026-05-02
1883,32,Pedro Cruz,pedro.cruz61@gmail.com,184,1,31.44,2026-05-20
1884,37,Camila Rojas,camila.rojas50@gmail.com,75,1,27.75,2026-05-21
1885,50,Juan Castro,juan.castro81@gmail.com,93,1,52.41,2026-05-23
1886,70,Diana Ruiz,diana.ruiz90@gmail.com,176,1,76.12,2026-05-30
1887,6,Andres Flores,andres.flores67@gmail.com,31,1,57.47,2026-05-16
1888,2,Carlos Suarez,carlos.suarez87@gmail.com,178,1,78.86,2026-05-03
1889,52,Camila Mora,camila.mora82@gmail.com,153,1,44.61,2026-05-03
1890,61,Ana Benitez,ana.benitez19@gmail.com,126,1,97.62,2026-05-20
1891,22,Emily Perez,emily.perez82@gmail.com,77,1,30.49,2026-05-14
1892,18,Diego Lopez,diego.lopez92@gmail.com,160,1,54.2,2026-05-28
1893,77,Jose Lopez,jose.lopez69@gmail.com,106,1,70.22,2026-05-19
1894,60,Diana Torres,diana.torres20@gmail.com,146,1,35.02,2026-05-16
1895,79,Valeria Cruz,valeria.cruz58@gmail.com,84,1,40.08,2026-05-16
1896,33,Emily Ruiz,emily.ruiz87@gmail.com,148,1,37.76,2026-05-15
1897,57,Luis Acosta,luis.acosta47@gmail.com,114,1,81.18,2026-05-19
1898,42,Fernanda Navarro,fernanda.navarro34@gmail.com,81,1,35.97,2026-05-06
1899,64,Emily Salazar,emily.salazar93@gmail.com,134,1,18.58,2026-05-28
1900,68,Miguel Rojas,miguel.rojas85@gmail.com,121,1,90.77,2026-05-21
1901,78,Emily Herrera,emily.herrera26@gmail.com,46,1,78.02,2026-05-16
1902,65,Paula Vega,paula.vega31@gmail.com,38,1,67.06,2026-05-14
1903,47,Valeria Benitez,valeria.benitez19@gmail.com,1,1,16.37,2026-05-25
1904,47,Valeria Benitez,valeria.benitez19@gmail.com,122,1,92.14,2026-05-02
1905,63,Luis Salazar,luis.salazar83@gmail.com,45,1,76.65,2026-05-28
1906,13,Luis Lopez,luis.lopez65@gmail.com,112,1,78.44,2026-05-10
1907,59,Luis Paspuel,luis.paspuel81@gmail.com,128,1,100.36,2026-05-15
1908,26,Pedro Castro,pedro.castro94@gmail.com,175,1,74.75,2026-05-26
1909,63,Luis Salazar,luis.salazar83@gmail.com,92,1,51.04,2026-05-04
1910,74,Ana Mora,ana.mora16@gmail.com,148,1,37.76,2026-05-24
1911,95,Ana Cruz,ana.cruz50@gmail.com,195,1,52.45,2026-05-16
1912,93,Fernanda Benitez,fernanda.benitez10@gmail.com,66,1,15.42,2026-05-06
1913,43,Jose Rojas,jose.rojas67@gmail.com,179,1,80.23,2026-05-04
1914,44,Fernanda Torres,fernanda.torres34@gmail.com,60,1,97.2,2026-05-22
1915,48,Miguel Torres,miguel.torres90@gmail.com,5,1,21.85,2026-05-13
1916,51,Daniel Gomez,daniel.gomez14@gmail.com,178,1,78.86,2026-05-23
1917,30,Lucia Acosta,lucia.acosta28@gmail.com,50,1,83.5,2026-05-24
1918,47,Valeria Benitez,valeria.benitez19@gmail.com,68,1,18.16,2026-05-05
1919,44,Fernanda Torres,fernanda.torres34@gmail.com,168,1,65.16,2026-05-26
1920,45,Fernanda Ruiz,fernanda.ruiz48@gmail.com,130,1,103.1,2026-05-24
1921,24,Jose Gomez,jose.gomez27@gmail.com,62,1,99.94,2026-05-11
1922,32,Pedro Cruz,pedro.cruz61@gmail.com,104,1,67.48,2026-05-11
1923,30,Lucia Acosta,lucia.acosta28@gmail.com,23,1,46.51,2026-05-22
1924,12,Sofia Gomez,sofia.gomez66@gmail.com,177,1,77.49,2026-05-15
1925,7,Miguel Flores,miguel.flores68@gmail.com,95,1,55.15,2026-05-24
1926,91,Camila Acosta,camila.acosta41@gmail.com,197,1,56.27,2026-05-12
1927,41,Luis Gomez,luis.gomez94@gmail.com,52,1,86.24,2026-05-09
1928,34,Camila Paspuel,camila.paspuel92@gmail.com,190,1,42.9,2026-05-17
1929,100,Ana Torres,ana.torres87@gmail.com,131,1,104.47,2026-05-23
1930,63,Luis Salazar,luis.salazar83@gmail.com,107,1,71.59,2026-05-26
1931,67,Miguel Paspuel,miguel.paspuel30@gmail.com,10,1,28.7,2026-05-15
1932,3,Daniel Suarez,daniel.suarez49@gmail.com,185,1,33.35,2026-05-22
1933,11,Ana Flores,ana.flores99@gmail.com,76,1,29.12,2026-05-12
1934,83,Maria Castro,maria.castro9@gmail.com,140,1,26.8,2026-05-27
1935,70,Diana Ruiz,diana.ruiz90@gmail.com,59,1,95.83,2026-05-14
1936,15,Jose Castro,jose.castro82@gmail.com,200,1,62.0,2026-05-17
1937,12,Sofia Gomez,sofia.gomez66@gmail.com,134,1,18.58,2026-05-15
1938,52,Camila Mora,camila.mora82@gmail.com,97,1,57.89,2026-05-19
1939,42,Fernanda Navarro,fernanda.navarro34@gmail.com,19,1,41.03,2026-05-13
1940,74,Ana Mora,ana.mora16@gmail.com,160,1,54.2,2026-05-29
1941,34,Camila Paspuel,camila.paspuel92@gmail.com,82,1,37.34,2026-05-14
1942,55,Ana Acosta,ana.acosta99@gmail.com,102,1,64.74,2026-05-10
1943,50,Juan Castro,juan.castro81@gmail.com,111,1,77.07,2026-05-25
1944,96,Mateo Mora,mateo.mora34@gmail.com,168,1,65.16,2026-05-09
1945,29,Mateo Romero,mateo.romero24@gmail.com,108,1,72.96,2026-05-28
1946,68,Miguel Rojas,miguel.rojas85@gmail.com,8,1,25.96,2026-05-22
1947,46,Daniel Mora,daniel.mora2@gmail.com,71,1,22.27,2026-05-22
1948,8,Paula Benitez,paula.benitez90@gmail.com,39,1,68.43,2026-05-22
1949,98,Ana Navarro,ana.navarro44@gmail.com,174,1,73.38,2026-05-08
1950,53,Fernanda Paspuel,fernanda.paspuel45@gmail.com,20,1,42.4,2026-05-19
1951,16,Miguel Romero,miguel.romero59@gmail.com,189,1,40.99,2026-05-04
1952,47,Valeria Benitez,valeria.benitez19@gmail.com,15,1,35.55,2026-05-02
1953,67,Miguel Paspuel,miguel.paspuel30@gmail.com,53,1,87.61,2026-05-16
1954,100,Ana Torres,ana.torres87@gmail.com,56,1,91.72,2026-05-29
1955,2,Carlos Suarez,carlos.suarez87@gmail.com,161,1,55.57,2026-05-03
1956,85,Fernanda Herrera,fernanda.herrera13@gmail.com,115,1,82.55,2026-05-01
1957,46,Daniel Mora,daniel.mora2@gmail.com,49,1,82.13,2026-05-10
1958,38,Lucia Castro,lucia.castro3@gmail.com,46,1,78.02,2026-05-13
1959,98,Ana Navarro,ana.navarro44@gmail.com,192,1,46.72,2026-05-01
1960,61,Ana Benitez,ana.benitez19@gmail.com,51,1,84.87,2026-05-10
1961,45,Fernanda Ruiz,fernanda.ruiz48@gmail.com,105,1,68.85,2026-05-03
1962,10,Sofia Torres,sofia.torres60@gmail.com,190,1,42.9,2026-05-13
1963,68,Miguel Rojas,miguel.rojas85@gmail.com,119,1,88.03,2026-05-08
1964,7,Miguel Flores,miguel.flores68@gmail.com,88,1,45.56,2026-05-20
1965,48,Miguel Torres,miguel.torres90@gmail.com,73,1,25.01,2026-05-26
1966,1,Jose Suarez,jose.suarez11@gmail.com,25,1,49.25,2026-05-26
1967,53,Fernanda Paspuel,fernanda.paspuel45@gmail.com,126,1,97.62,2026-05-23
1968,49,Miguel Benitez,miguel.benitez4@gmail.com,10,1,28.7,2026-05-29
1969,50,Juan Castro,juan.castro81@gmail.com,42,1,72.54,2026-05-26
1970,88,Sofia Paspuel,sofia.paspuel45@gmail.com,78,1,31.86,2026-05-13
1971,60,Diana Torres,diana.torres20@gmail.com,1,1,16.37,2026-05-23
1972,89,Ana Gomez,ana.gomez98@gmail.com,195,1,52.45,2026-05-24
1973,47,Valeria Benitez,valeria.benitez19@gmail.com,146,1,35.02,2026-05-28
1974,5,Daniel Acosta,daniel.acosta85@gmail.com,78,1,31.86,2026-05-21
1975,7,Miguel Flores,miguel.flores68@gmail.com,113,1,79.81,2026-05-01
1976,78,Emily Herrera,emily.herrera26@gmail.com,72,1,23.64,2026-05-01
1977,69,Lucia Herrera,lucia.herrera62@gmail.com,31,1,57.47,2026-05-06
1978,7,Miguel Flores,miguel.flores68@gmail.com,164,1,59.68,2026-05-02
1979,92,Paula Torres,paula.torres53@gmail.com,104,1,67.48,2026-05-21
1980,34,Camila Paspuel,camila.paspuel92@gmail.com,40,1,69.8,2026-05-26
1981,75,Miguel Vega,miguel.vega53@gmail.com,114,1,81.18,2026-05-10
1982,65,Paula Vega,paula.vega31@gmail.com,30,1,56.1,2026-05-19
1983,15,Jose Castro,jose.castro82@gmail.com,159,1,52.83,2026-05-14
1984,93,Fernanda Benitez,fernanda.benitez10@gmail.com,133,1,17.21,2026-05-02
1985,8,Paula Benitez,paula.benitez90@gmail.com,158,1,51.46,2026-05-14
1986,26,Pedro Castro,pedro.castro94@gmail.com,181,1,25.71,2026-05-02
1987,32,Pedro Cruz,pedro.cruz61@gmail.com,176,1,76.12,2026-05-18
1988,35,Ana Lopez,ana.lopez61@gmail.com,37,1,65.69,2026-05-01
1989,4,Pedro Salazar,pedro.salazar91@gmail.com,110,1,75.7,2026-05-28
1990,46,Daniel Mora,daniel.mora2@gmail.com,104,1,67.48,2026-05-08
1991,49,Miguel Benitez,miguel.benitez4@gmail.com,54,1,88.98,2026-05-17
1992,73,Miguel Navarro,miguel.navarro4@gmail.com,47,1,79.39,2026-05-08
1993,99,Valeria Herrera,valeria.herrera1@gmail.com,131,1,104.47,2026-05-21
1994,19,Diana Romero,diana.romero86@gmail.com,128,1,100.36,2026-05-04
1995,7,Miguel Flores,miguel.flores68@gmail.com,20,1,42.4,2026-05-20
1996,86,Maria Flores,maria.flores52@gmail.com,178,1,78.86,2026-05-09
1997,31,Jose Perez,jose.perez2@gmail.com,42,1,72.54,2026-05-14
1998,34,Camila Paspuel,camila.paspuel92@gmail.com,112,1,78.44,2026-05-23
1999,63,Luis Salazar,luis.salazar83@gmail.com,46,1,78.02,2026-05-10
2000,18,Diego Lopez,diego.lopez92@gmail.com,179,1,80.23,2026-05-15
2001,82,Sofia Romero,sofia.romero21@gmail.com,17,1,38.29,2026-05-17
2002,99,Valeria Herrera,valeria.herrera1@gmail.com,9,1,27.33,2026-05-04
2003,25,Diego Suarez,diego.suarez45@gmail.com,155,1,47.35,2026-05-10
2004,97,Diego Rojas,diego.rojas44@gmail.com,145,1,33.65,2026-05-13
2005,90,Andres Ruiz,andres.ruiz70@gmail.com,91,1,49.67,2026-05-21
2006,5,Daniel Acosta,daniel.acosta85@gmail.com,66,1,15.42,2026-05-19
2007,7,Miguel Flores,miguel.flores68@gmail.com,167,1,63.79,2026-05-25
2008,73,Miguel Navarro,miguel.navarro4@gmail.com,123,1,93.51,2026-05-22
2009,95,Ana Cruz,ana.cruz50@gmail.com,89,1,46.93,2026-05-08
2010,73,Miguel Navarro,miguel.navarro4@gmail.com,49,1,82.13,2026-05-12
2011,77,Jose Lopez,jose.lopez69@gmail.com,43,1,73.91,2026-05-07
2012,33,Emily Ruiz,emily.ruiz87@gmail.com,179,1,80.23,2026-05-07
2013,52,Camila Mora,camila.mora82@gmail.com,153,1,44.61,2026-05-20
2014,99,Valeria Herrera,valeria.herrera1@gmail.com,144,1,32.28,2026-05-15
2015,77,Jose Lopez,jose.lopez69@gmail.com,151,1,41.87,2026-05-14
2016,20,Carlos Lopez,carlos.lopez18@gmail.com,9,1,27.33,2026-05-19
2017,15,Jose Castro,jose.castro82@gmail.com,147,1,36.39,2026-05-21
2018,67,Miguel Paspuel,miguel.paspuel30@gmail.com,161,1,55.57,2026-05-26
2019,43,Jose Rojas,jose.rojas67@gmail.com,41,1,71.17,2026-05-19
2020,33,Emily Ruiz,emily.ruiz87@gmail.com,21,1,43.77,2026-05-10
2021,62,Diego Perez,diego.perez69@gmail.com,184,1,31.44,2026-05-09
2022,76,Maria Gomez,maria.gomez80@gmail.com,24,1,47.88,2026-05-16
2023,36,Andres Rojas,andres.rojas47@gmail.com,119,1,88.03,2026-05-25
2024,12,Sofia Gomez,sofia.gomez66@gmail.com,149,1,39.13,2026-05-30
2025,43,Jose Rojas,jose.rojas67@gmail.com,101,1,63.37,2026-05-17
2026,74,Ana Mora,ana.mora16@gmail.com,110,1,75.7,2026-05-21
2027,29,Mateo Romero,mateo.romero24@gmail.com,83,1,38.71,2026-05-01
2028,63,Luis Salazar,luis.salazar83@gmail.com,42,1,72.54,2026-05-09
2029,6,Andres Flores,andres.flores67@gmail.com,82,1,37.34,2026-05-30
2030,19,Diana Romero,diana.romero86@gmail.com,35,1,62.95,2026-05-23
2031,27,Luis Mora,luis.mora33@gmail.com,72,1,23.64,2026-05-03
2032,9,Miguel Mora,miguel.mora18@gmail.com,155,1,47.35,2026-05-27
2033,5,Daniel Acosta,daniel.acosta85@gmail.com,61,1,98.57,2026-05-29
2034,36,Andres Rojas,andres.rojas47@gmail.com,30,1,56.1,2026-05-24
2035,92,Paula Torres,paula.torres53@gmail.com,149,1,39.13,2026-05-16
2036,34,Camila Paspuel,camila.paspuel92@gmail.com,166,1,62.42,2026-05-06
2037,26,Pedro Castro,pedro.castro94@gmail.com,159,1,52.83,2026-05-07
2038,92,Paula Torres,paula.torres53@gmail.com,26,1,50.62,2026-05-22
2039,79,Valeria Cruz,valeria.cruz58@gmail.com,75,1,27.75,2026-05-22
2040,63,Luis Salazar,luis.salazar83@gmail.com,178,1,78.86,2026-05-02
2041,36,Andres Rojas,andres.rojas47@gmail.com,33,1,60.21,2026-05-01
2042,65,Paula Vega,paula.vega31@gmail.com,30,1,56.1,2026-05-07
2043,32,Pedro Cruz,pedro.cruz61@gmail.com,47,1,79.39,2026-05-01
2044,72,Mateo Paspuel,mateo.paspuel64@gmail.com,23,1,46.51,2026-05-01
2045,11,Ana Flores,ana.flores99@gmail.com,147,1,36.39,2026-05-20
2046,83,Maria Castro,maria.castro9@gmail.com,109,1,74.33,2026-05-03
2047,71,Mateo Navarro,mateo.navarro72@gmail.com,56,1,91.72,2026-05-18
2048,51,Daniel Gomez,daniel.gomez14@gmail.com,99,1,60.63,2026-05-01
2049,54,Diego Flores,diego.flores78@gmail.com,167,1,63.79,2026-05-19
2050,45,Fernanda Ruiz,fernanda.ruiz48@gmail.com,75,1,27.75,2026-05-13
2051,66,Daniel Cruz,daniel.cruz12@gmail.com,34,1,61.58,2026-05-23
2052,10,Sofia Torres,sofia.torres60@gmail.com,23,1,46.51,2026-05-24
2053,39,Ana Castro,ana.castro27@gmail.com,90,1,48.3,2026-05-01
2054,85,Fernanda Herrera,fernanda.herrera13@gmail.com,73,1,25.01,2026-05-22
2055,92,Paula Torres,paula.torres53@gmail.com,21,1,43.77,2026-05-28
2056,42,Fernanda Navarro,fernanda.navarro34@gmail.com,11,1,30.07,2026-05-18
2057,34,Camila Paspuel,camila.paspuel92@gmail.com,149,1,39.13,2026-05-01
2058,85,Fernanda Herrera,fernanda.herrera13@gmail.com,148,1,37.76,2026-05-26
2059,13,Luis Lopez,luis.lopez65@gmail.com,121,1,90.77,2026-05-02
2060,75,Miguel Vega,miguel.vega53@gmail.com,79,1,33.23,2026-05-24
2061,53,Fernanda Paspuel,fernanda.paspuel45@gmail.com,148,1,37.76,2026-05-04
2062,96,Mateo Mora,mateo.mora34@gmail.com,130,1,103.1,2026-05-11
2063,36,Andres Rojas,andres.rojas47@gmail.com,101,1,63.37,2026-05-26
2064,71,Mateo Navarro,mateo.navarro72@gmail.com,143,1,30.91,2026-05-28
2065,68,Miguel Rojas,miguel.rojas85@gmail.com,191,1,44.81,2026-05-25
2066,20,Carlos Lopez,carlos.lopez18@gmail.com,200,1,62.0,2026-05-15
2067,41,Luis Gomez,luis.gomez94@gmail.com,90,1,48.3,2026-05-01
2068,57,Luis Acosta,luis.acosta47@gmail.com,192,1,46.72,2026-05-02
2069,85,Fernanda Herrera,fernanda.herrera13@gmail.com,193,1,48.63,2026-05-06
2070,43,Jose Rojas,jose.rojas67@gmail.com,83,1,38.71,2026-05-08
2071,8,Paula Benitez,paula.benitez90@gmail.com,124,1,94.88,2026-05-06
2072,38,Lucia Castro,lucia.castro3@gmail.com,56,1,91.72,2026-05-15
2073,36,Andres Rojas,andres.rojas47@gmail.com,110,1,75.7,2026-05-13
2074,60,Diana Torres,diana.torres20@gmail.com,181,1,25.71,2026-05-30
2075,71,Mateo Navarro,mateo.navarro72@gmail.com,155,1,47.35,2026-05-03
2076,85,Fernanda Herrera,fernanda.herrera13@gmail.com,113,1,79.81,2026-05-08
2077,69,Lucia Herrera,lucia.herrera62@gmail.com,106,1,70.22,2026-05-06
2078,51,Daniel Gomez,daniel.gomez14@gmail.com,78,1,31.86,2026-05-20
2079,20,Carlos Lopez,carlos.lopez18@gmail.com,48,1,80.76,2026-05-21
2080,54,Diego Flores,diego.flores78@gmail.com,152,1,43.24,2026-05-09
2081,51,Daniel Gomez,daniel.gomez14@gmail.com,36,1,64.32,2026-05-27
2082,53,Fernanda Paspuel,fernanda.paspuel45@gmail.com,161,1,55.57,2026-05-24
2083,36,Andres Rojas,andres.rojas47@gmail.com,9,1,27.33,2026-05-16
2084,74,Ana Mora,ana.mora16@gmail.com,190,1,42.9,2026-05-23
2085,100,Ana Torres,ana.torres87@gmail.com,154,1,45.98,2026-05-30
2086,28,Fernanda Acosta,fernanda.acosta52@gmail.com,144,1,32.28,2026-05-25
2087,22,Emily Perez,emily.perez82@gmail.com,28,1,53.36,2026-05-10
2088,20,Carlos Lopez,carlos.lopez18@gmail.com,38,1,67.06,2026-05-10
2089,36,Andres Rojas,andres.rojas47@gmail.com,162,1,56.94,2026-05-28
2090,100,Ana Torres,ana.torres87@gmail.com,148,1,37.76,2026-05-12
2091,27,Luis Mora,luis.mora33@gmail.com,74,1,26.38,2026-05-05
2092,91,Camila Acosta,camila.acosta41@gmail.com,132,1,15.84,2026-05-04
2093,40,Luis Castro,luis.castro1@gmail.com,64,1,102.68,2026-05-02
2094,26,Pedro Castro,pedro.castro94@gmail.com,159,1,52.83,2026-05-14
2095,82,Sofia Romero,sofia.romero21@gmail.com,163,1,58.31,2026-05-02
2096,92,Paula Torres,paula.torres53@gmail.com,87,1,44.19,2026-05-05
2097,51,Daniel Gomez,daniel.gomez14@gmail.com,160,1,54.2,2026-05-19
2098,46,Daniel Mora,daniel.mora2@gmail.com,87,1,44.19,2026-05-14
2099,92,Paula Torres,paula.torres53@gmail.com,9,1,27.33,2026-05-26
2100,60,Diana Torres,diana.torres20@gmail.com,76,1,29.12,2026-05-18
2101,70,Diana Ruiz,diana.ruiz90@gmail.com,67,1,16.79,2026-05-25
2102,97,Diego Rojas,diego.rojas44@gmail.com,166,1,62.42,2026-05-29
2103,17,Pedro Gomez,pedro.gomez67@gmail.com,193,1,48.63,2026-05-29
2104,71,Mateo Navarro,mateo.navarro72@gmail.com,27,1,51.99,2026-05-04
2105,90,Andres Ruiz,andres.ruiz70@gmail.com,185,1,33.35,2026-05-23
2106,33,Emily Ruiz,emily.ruiz87@gmail.com,170,1,67.9,2026-05-17
2107,62,Diego Perez,diego.perez69@gmail.com,191,1,44.81,2026-05-03
2108,13,Luis Lopez,luis.lopez65@gmail.com,10,1,28.7,2026-05-17
2109,41,Luis Gomez,luis.gomez94@gmail.com,31,1,57.47,2026-05-09
2110,69,Lucia Herrera,lucia.herrera62@gmail.com,169,1,66.53,2026-05-22
2111,48,Miguel Torres,miguel.torres90@gmail.com,99,1,60.63,2026-05-27
2112,36,Andres Rojas,andres.rojas47@gmail.com,15,1,35.55,2026-05-10
2113,94,Valeria Flores,valeria.flores75@gmail.com,183,1,29.53,2026-05-02
2114,77,Jose Lopez,jose.lopez69@gmail.com,26,1,50.62,2026-05-20
2115,14,Luis Flores,luis.flores15@gmail.com,115,1,82.55,2026-05-20
2116,49,Miguel Benitez,miguel.benitez4@gmail.com,28,1,53.36,2026-05-07
2117,73,Miguel Navarro,miguel.navarro4@gmail.com,63,1,101.31,2026-05-15
2118,87,Emily Paspuel,emily.paspuel93@gmail.com,26,1,50.62,2026-05-14
2119,1,Jose Suarez,jose.suarez11@gmail.com,165,1,61.05,2026-05-04
2120,89,Ana Gomez,ana.gomez98@gmail.com,106,1,70.22,2026-05-23
2121,66,Daniel Cruz,daniel.cruz12@gmail.com,130,1,103.1,2026-05-25
2122,33,Emily Ruiz,emily.ruiz87@gmail.com,31,1,57.47,2026-05-29
2123,6,Andres Flores,andres.flores67@gmail.com,139,1,25.43,2026-05-01
2124,60,Diana Torres,diana.torres20@gmail.com,160,1,54.2,2026-05-24
2125,5,Daniel Acosta,daniel.acosta85@gmail.com,180,1,81.6,2026-05-16
2126,15,Jose Castro,jose.castro82@gmail.com,94,1,53.78,2026-05-11
2127,11,Ana Flores,ana.flores99@gmail.com,158,1,51.46,2026-05-18
2128,96,Mateo Mora,mateo.mora34@gmail.com,102,1,64.74,2026-05-05
2129,78,Emily Herrera,emily.herrera26@gmail.com,20,1,42.4,2026-05-13
2130,29,Mateo Romero,mateo.romero24@gmail.com,3,1,19.11,2026-05-01
2131,36,Andres Rojas,andres.rojas47@gmail.com,13,1,32.81,2026-05-16
2132,35,Ana Lopez,ana.lopez61@gmail.com,180,1,81.6,2026-05-28
2133,99,Valeria Herrera,valeria.herrera1@gmail.com,151,1,41.87,2026-05-17
2134,94,Valeria Flores,valeria.flores75@gmail.com,106,1,70.22,2026-05-14
2135,89,Ana Gomez,ana.gomez98@gmail.com,95,1,55.15,2026-05-17
2136,26,Pedro Castro,pedro.castro94@gmail.com,166,1,62.42,2026-05-29
2137,9,Miguel Mora,miguel.mora18@gmail.com,123,1,93.51,2026-05-25
2138,99,Valeria Herrera,valeria.herrera1@gmail.com,16,1,36.92,2026-05-30
2139,10,Sofia Torres,sofia.torres60@gmail.com,119,1,88.03,2026-05-13
2140,56,Luis Cruz,luis.cruz91@gmail.com,6,1,23.22,2026-05-12
2141,41,Luis Gomez,luis.gomez94@gmail.com,198,1,58.18,2026-05-11
2142,79,Valeria Cruz,valeria.cruz58@gmail.com,64,1,102.68,2026-05-15
2143,46,Daniel Mora,daniel.mora2@gmail.com,136,1,21.32,2026-05-24
2144,44,Fernanda Torres,fernanda.torres34@gmail.com,93,1,52.41,2026-05-30
2145,52,Camila Mora,camila.mora82@gmail.com,38,1,67.06,2026-05-13
2146,48,Miguel Torres,miguel.torres90@gmail.com,108,1,72.96,2026-05-06
2147,38,Lucia Castro,lucia.castro3@gmail.com,164,1,59.68,2026-05-13
2148,36,Andres Rojas,andres.rojas47@gmail.com,14,1,34.18,2026-05-26
2149,5,Daniel Acosta,daniel.acosta85@gmail.com,154,1,45.98,2026-05-04
2150,25,Diego Suarez,diego.suarez45@gmail.com,125,1,96.25,2026-05-09
2151,100,Ana Torres,ana.torres87@gmail.com,187,1,37.17,2026-05-29
2152,92,Paula Torres,paula.torres53@gmail.com,136,1,21.32,2026-05-25
2153,79,Valeria Cruz,valeria.cruz58@gmail.com,151,1,41.87,2026-05-08
2154,20,Carlos Lopez,carlos.lopez18@gmail.com,113,1,79.81,2026-05-25
2155,60,Diana Torres,diana.torres20@gmail.com,152,1,43.24,2026-05-28
2156,78,Emily Herrera,emily.herrera26@gmail.com,171,1,69.27,2026-05-23
2157,64,Emily Salazar,emily.salazar93@gmail.com,82,1,37.34,2026-05-28
2158,85,Fernanda Herrera,fernanda.herrera13@gmail.com,144,1,32.28,2026-05-07
2159,10,Sofia Torres,sofia.torres60@gmail.com,49,1,82.13,2026-05-09
2160,66,Daniel Cruz,daniel.cruz12@gmail.com,162,1,56.94,2026-05-15
2161,51,Daniel Gomez,daniel.gomez14@gmail.com,140,1,26.8,2026-05-24
2162,61,Ana Benitez,ana.benitez19@gmail.com,91,1,49.67,2026-05-12
2163,97,Diego Rojas,diego.rojas44@gmail.com,76,1,29.12,2026-05-21
2164,43,Jose Rojas,jose.rojas67@gmail.com,12,1,31.44,2026-05-05
2165,63,Luis Salazar,luis.salazar83@gmail.com,40,1,69.8,2026-05-19
2166,40,Luis Castro,luis.castro1@gmail.com,173,1,72.01,2026-05-15
2167,98,Ana Navarro,ana.navarro44@gmail.com,186,1,35.26,2026-05-03
2168,88,Sofia Paspuel,sofia.paspuel45@gmail.com,143,1,30.91,2026-05-01
2169,15,Jose Castro,jose.castro82@gmail.com,19,1,41.03,2026-05-20
2170,88,Sofia Paspuel,sofia.paspuel45@gmail.com,87,1,44.19,2026-05-18
2171,82,Sofia Romero,sofia.romero21@gmail.com,54,1,88.98,2026-05-03
2172,57,Luis Acosta,luis.acosta47@gmail.com,68,1,18.16,2026-05-10
2173,92,Paula Torres,paula.torres53@gmail.com,93,1,52.41,2026-05-15
2174,74,Ana Mora,ana.mora16@gmail.com,72,1,23.64,2026-05-07
2175,70,Diana Ruiz,diana.ruiz90@gmail.com,61,1,98.57,2026-05-24
2176,10,Sofia Torres,sofia.torres60@gmail.com,58,1,94.46,2026-05-17
2177,24,Jose Gomez,jose.gomez27@gmail.com,74,1,26.38,2026-05-06
2178,17,Pedro Gomez,pedro.gomez67@gmail.com,189,1,40.99,2026-05-28
2179,90,Andres Ruiz,andres.ruiz70@gmail.com,51,1,84.87,2026-05-09
2180,7,Miguel Flores,miguel.flores68@gmail.com,62,1,99.94,2026-05-16
2181,30,Lucia Acosta,lucia.acosta28@gmail.com,168,1,65.16,2026-05-20
2182,63,Luis Salazar,luis.salazar83@gmail.com,28,1,53.36,2026-05-13
2183,39,Ana Castro,ana.castro27@gmail.com,9,1,27.33,2026-05-22
2184,16,Miguel Romero,miguel.romero59@gmail.com,109,1,74.33,2026-05-13
2185,67,Miguel Paspuel,miguel.paspuel30@gmail.com,85,1,41.45,2026-05-19
2186,4,Pedro Salazar,pedro.salazar91@gmail.com,125,1,96.25,2026-05-01
2187,96,Mateo Mora,mateo.mora34@gmail.com,19,1,41.03,2026-05-19
2188,90,Andres Ruiz,andres.ruiz70@gmail.com,195,1,52.45,2026-05-27
2189,38,Lucia Castro,lucia.castro3@gmail.com,153,1,44.61,2026-05-28
2190,48,Miguel Torres,miguel.torres90@gmail.com,41,1,71.17,2026-05-21
2191,9,Miguel Mora,miguel.mora18@gmail.com,91,1,49.67,2026-05-06
2192,95,Ana Cruz,ana.cruz50@gmail.com,26,1,50.62,2026-05-15
2193,7,Miguel Flores,miguel.flores68@gmail.com,71,1,22.27,2026-05-05
2194,99,Valeria Herrera,valeria.herrera1@gmail.com,61,1,98.57,2026-05-25
2195,20,Carlos Lopez,carlos.lopez18@gmail.com,84,1,40.08,2026-05-27
2196,19,Diana Romero,diana.romero86@gmail.com,120,1,89.4,2026-05-24
2197,16,Miguel Romero,miguel.romero59@gmail.com,121,1,90.77,2026-05-07
2198,97,Diego Rojas,diego.rojas44@gmail.com,75,1,27.75,2026-05-26
2199,76,Maria Gomez,maria.gomez80@gmail.com,9,1,27.33,2026-05-12
2200,13,Luis Lopez,luis.lopez65@gmail.com,72,1,23.64,2026-05-06
2201,52,Camila Mora,camila.mora82@gmail.com,72,1,23.64,2026-05-06
2202,31,Jose Perez,jose.perez2@gmail.com,146,1,35.02,2026-05-01
2203,44,Fernanda Torres,fernanda.torres34@gmail.com,116,1,83.92,2026-05-09
2204,14,Luis Flores,luis.flores15@gmail.com,43,1,73.91,2026-05-23
2205,76,Maria Gomez,maria.gomez80@gmail.com,199,1,60.09,2026-05-03
2206,91,Camila Acosta,camila.acosta41@gmail.com,27,1,51.99,2026-05-05
2207,60,Diana Torres,diana.torres20@gmail.com,11,1,30.07,2026-05-18
2208,7,Miguel Flores,miguel.flores68@gmail.com,8,1,25.96,2026-05-11
2209,5,Daniel Acosta,daniel.acosta85@gmail.com,100,1,62.0,2026-05-25
2210,53,Fernanda Paspuel,fernanda.paspuel45@gmail.com,154,1,45.98,2026-05-07
2211,2,Carlos Suarez,carlos.suarez87@gmail.com,27,1,51.99,2026-05-28
2212,17,Pedro Gomez,pedro.gomez67@gmail.com,36,1,64.32,2026-05-28
2213,74,Ana Mora,ana.mora16@gmail.com,47,1,79.39,2026-05-02
2214,86,Maria Flores,maria.flores52@gmail.com,120,1,89.4,2026-05-13
2215,61,Ana Benitez,ana.benitez19@gmail.com,180,1,81.6,2026-05-30
2216,61,Ana Benitez,ana.benitez19@gmail.com,145,1,33.65,2026-05-29
2217,85,Fernanda Herrera,fernanda.herrera13@gmail.com,55,1,90.35,2026-05-01
2218,37,Camila Rojas,camila.rojas50@gmail.com,87,1,44.19,2026-05-23
2219,79,Valeria Cruz,valeria.cruz58@gmail.com,1,1,16.37,2026-05-28
2220,3,Daniel Suarez,daniel.suarez49@gmail.com,110,1,75.7,2026-05-25
2221,9,Miguel Mora,miguel.mora18@gmail.com,183,1,29.53,2026-05-05
2222,24,Jose Gomez,jose.gomez27@gmail.com,163,1,58.31,2026-05-23
2223,18,Diego Lopez,diego.lopez92@gmail.com,129,1,101.73,2026-05-16
2224,58,Carlos Vega,carlos.vega32@gmail.com,30,1,56.1,2026-05-27
2225,2,Carlos Suarez,carlos.suarez87@gmail.com,62,1,99.94,2026-05-08
2226,83,Maria Castro,maria.castro9@gmail.com,177,1,77.49,2026-05-04
2227,76,Maria Gomez,maria.gomez80@gmail.com,127,1,98.99,2026-05-19
2228,97,Diego Rojas,diego.rojas44@gmail.com,29,1,54.73,2026-05-23
2229,87,Emily Paspuel,emily.paspuel93@gmail.com,200,1,62.0,2026-05-26
2230,2,Carlos Suarez,carlos.suarez87@gmail.com,195,1,52.45,2026-05-04
2231,4,Pedro Salazar,pedro.salazar91@gmail.com,198,1,58.18,2026-05-08
2232,17,Pedro Gomez,pedro.gomez67@gmail.com,5,1,21.85,2026-05-25
2233,26,Pedro Castro,pedro.castro94@gmail.com,119,1,88.03,2026-05-16
2234,85,Fernanda Herrera,fernanda.herrera13@gmail.com,51,1,84.87,2026-05-26
2235,28,Fernanda Acosta,fernanda.acosta52@gmail.com,138,1,24.06,2026-05-22
2236,10,Sofia Torres,sofia.torres60@gmail.com,114,1,81.18,2026-05-23
2237,99,Valeria Herrera,valeria.herrera1@gmail.com,27,1,51.99,2026-05-23
2238,38,Lucia Castro,lucia.castro3@gmail.com,50,1,83.5,2026-05-12
2239,84,Daniel Flores,daniel.flores75@gmail.com,69,1,19.53,2026-05-09
2240,37,Camila Rojas,camila.rojas50@gmail.com,72,1,23.64,2026-05-18
2241,89,Ana Gomez,ana.gomez98@gmail.com,199,1,60.09,2026-05-23
2242,72,Mateo Paspuel,mateo.paspuel64@gmail.com,5,1,21.85,2026-05-23
2243,72,Mateo Paspuel,mateo.paspuel64@gmail.com,11,1,30.07,2026-05-05
2244,43,Jose Rojas,jose.rojas67@gmail.com,119,1,88.03,2026-05-18
2245,78,Emily Herrera,emily.herrera26@gmail.com,178,1,78.86,2026-05-03
2246,69,Lucia Herrera,lucia.herrera62@gmail.com,57,1,93.09,2026-05-11
2247,35,Ana Lopez,ana.lopez61@gmail.com,6,1,23.22,2026-05-04
2248,30,Lucia Acosta,lucia.acosta28@gmail.com,16,1,36.92,2026-05-17
2249,7,Miguel Flores,miguel.flores68@gmail.com,4,1,20.48,2026-05-15
2250,15,Jose Castro,jose.castro82@gmail.com,34,1,61.58,2026-05-28
2251,8,Paula Benitez,paula.benitez90@gmail.com,41,1,71.17,2026-05-16
2252,38,Lucia Castro,lucia.castro3@gmail.com,124,1,94.88,2026-05-27
2253,6,Andres Flores,andres.flores67@gmail.com,26,1,50.62,2026-05-05
2254,69,Lucia Herrera,lucia.herrera62@gmail.com,121,1,90.77,2026-05-01
2255,82,Sofia Romero,sofia.romero21@gmail.com,129,1,101.73,2026-05-15
2256,13,Luis Lopez,luis.lopez65@gmail.com,114,1,81.18,2026-05-01
2257,21,Lucia Suarez,lucia.suarez43@gmail.com,30,1,56.1,2026-05-28
2258,68,Miguel Rojas,miguel.rojas85@gmail.com,93,1,52.41,2026-05-08
2259,3,Daniel Suarez,daniel.suarez49@gmail.com,48,1,80.76,2026-05-15
2260,63,Luis Salazar,luis.salazar83@gmail.com,28,1,53.36,2026-05-08
2261,15,Jose Castro,jose.castro82@gmail.com,169,1,66.53,2026-05-22
2262,7,Miguel Flores,miguel.flores68@gmail.com,87,1,44.19,2026-05-03
2263,19,Diana Romero,diana.romero86@gmail.com,28,1,53.36,2026-05-28
2264,72,Mateo Paspuel,mateo.paspuel64@gmail.com,79,1,33.23,2026-05-29
2265,74,Ana Mora,ana.mora16@gmail.com,11,1,30.07,2026-05-02
2266,75,Miguel Vega,miguel.vega53@gmail.com,108,1,72.96,2026-05-09
2267,26,Pedro Castro,pedro.castro94@gmail.com,22,1,45.14,2026-05-20
2268,68,Miguel Rojas,miguel.rojas85@gmail.com,94,1,53.78,2026-05-07
2269,86,Maria Flores,maria.flores52@gmail.com,4,1,20.48,2026-05-09
2270,39,Ana Castro,ana.castro27@gmail.com,146,1,35.02,2026-05-07
2271,9,Miguel Mora,miguel.mora18@gmail.com,32,1,58.84,2026-05-10
2272,42,Fernanda Navarro,fernanda.navarro34@gmail.com,72,1,23.64,2026-05-21
2273,86,Maria Flores,maria.flores52@gmail.com,121,1,90.77,2026-05-08
2274,86,Maria Flores,maria.flores52@gmail.com,120,1,89.4,2026-05-09
2275,16,Miguel Romero,miguel.romero59@gmail.com,166,1,62.42,2026-05-15
2276,49,Miguel Benitez,miguel.benitez4@gmail.com,21,1,43.77,2026-05-02
2277,44,Fernanda Torres,fernanda.torres34@gmail.com,91,1,49.67,2026-05-29
2278,29,Mateo Romero,mateo.romero24@gmail.com,77,1,30.49,2026-05-29
2279,79,Valeria Cruz,valeria.cruz58@gmail.com,130,1,103.1,2026-05-09
2280,50,Juan Castro,juan.castro81@gmail.com,122,1,92.14,2026-05-03
2281,4,Pedro Salazar,pedro.salazar91@gmail.com,98,1,59.26,2026-05-13
2282,35,Ana Lopez,ana.lopez61@gmail.com,189,1,40.99,2026-05-02
2283,22,Emily Perez,emily.perez82@gmail.com,152,1,43.24,2026-05-22
2284,98,Ana Navarro,ana.navarro44@gmail.com,98,1,59.26,2026-05-10
2285,4,Pedro Salazar,pedro.salazar91@gmail.com,116,1,83.92,2026-05-20
2286,42,Fernanda Navarro,fernanda.navarro34@gmail.com,183,1,29.53,2026-05-27
2287,63,Luis Salazar,luis.salazar83@gmail.com,168,1,65.16,2026-05-18
2288,21,Lucia Suarez,lucia.suarez43@gmail.com,108,1,72.96,2026-05-29
2289,11,Ana Flores,ana.flores99@gmail.com,170,1,67.9,2026-05-01
2290,88,Sofia Paspuel,sofia.paspuel45@gmail.com,140,1,26.8,2026-05-11
2291,64,Emily Salazar,emily.salazar93@gmail.com,35,1,62.95,2026-05-25
2292,33,Emily Ruiz,emily.ruiz87@gmail.com,16,1,36.92,2026-05-07
2293,11,Ana Flores,ana.flores99@gmail.com,134,1,18.58,2026-05-19
2294,42,Fernanda Navarro,fernanda.navarro34@gmail.com,18,1,39.66,2026-05-30
2295,60,Diana Torres,diana.torres20@gmail.com,15,1,35.55,2026-05-04
2296,42,Fernanda Navarro,fernanda.navarro34@gmail.com,113,1,79.81,2026-05-22
2297,48,Miguel Torres,miguel.torres90@gmail.com,42,1,72.54,2026-05-04
2298,62,Diego Perez,diego.perez69@gmail.com,63,1,101.31,2026-05-07
2299,5,Daniel Acosta,daniel.acosta85@gmail.com,145,1,33.65,2026-05-27
2300,43,Jose Rojas,jose.rojas67@gmail.com,185,1,33.35,2026-05-04
2301,97,Diego Rojas,diego.rojas44@gmail.com,8,1,25.96,2026-05-06
2302,5,Daniel Acosta,daniel.acosta85@gmail.com,69,1,19.53,2026-05-23
2303,95,Ana Cruz,ana.cruz50@gmail.com,19,1,41.03,2026-05-29
2304,41,Luis Gomez,luis.gomez94@gmail.com,29,1,54.73,2026-05-15
2305,71,Mateo Navarro,mateo.navarro72@gmail.com,125,1,96.25,2026-05-14
2306,75,Miguel Vega,miguel.vega53@gmail.com,166,1,62.42,2026-05-23
2307,40,Luis Castro,luis.castro1@gmail.com,114,1,81.18,2026-05-26
2308,76,Maria Gomez,maria.gomez80@gmail.com,48,1,80.76,2026-05-07
2309,15,Jose Castro,jose.castro82@gmail.com,9,1,27.33,2026-05-03
2310,8,Paula Benitez,paula.benitez90@gmail.com,175,1,74.75,2026-05-14
2311,14,Luis Flores,luis.flores15@gmail.com,155,1,47.35,2026-05-07
2312,10,Sofia Torres,sofia.torres60@gmail.com,111,1,77.07,2026-05-23
2313,41,Luis Gomez,luis.gomez94@gmail.com,179,1,80.23,2026-05-12
2314,73,Miguel Navarro,miguel.navarro4@gmail.com,188,1,39.08,2026-05-12
2315,27,Luis Mora,luis.mora33@gmail.com,42,1,72.54,2026-05-28
2316,61,Ana Benitez,ana.benitez19@gmail.com,126,1,97.62,2026-05-25
2317,57,Luis Acosta,luis.acosta47@gmail.com,21,1,43.77,2026-05-30
2318,82,Sofia Romero,sofia.romero21@gmail.com,160,1,54.2,2026-05-13
2319,48,Miguel Torres,miguel.torres90@gmail.com,75,1,27.75,2026-05-05
2320,96,Mateo Mora,mateo.mora34@gmail.com,63,1,101.31,2026-05-01
2321,41,Luis Gomez,luis.gomez94@gmail.com,25,1,49.25,2026-05-28
2322,47,Valeria Benitez,valeria.benitez19@gmail.com,63,1,101.31,2026-05-23
2323,31,Jose Perez,jose.perez2@gmail.com,63,1,101.31,2026-05-16
2324,51,Daniel Gomez,daniel.gomez14@gmail.com,188,1,39.08,2026-05-23
2325,48,Miguel Torres,miguel.torres90@gmail.com,187,1,37.17,2026-05-28
2326,11,Ana Flores,ana.flores99@gmail.com,162,1,56.94,2026-05-12
2327,25,Diego Suarez,diego.suarez45@gmail.com,167,1,63.79,2026-05-27
2328,35,Ana Lopez,ana.lopez61@gmail.com,50,1,83.5,2026-05-24
2329,36,Andres Rojas,andres.rojas47@gmail.com,26,1,50.62,2026-05-26
2330,40,Luis Castro,luis.castro1@gmail.com,158,1,51.46,2026-05-12
2331,49,Miguel Benitez,miguel.benitez4@gmail.com,19,1,41.03,2026-05-04
2332,21,Lucia Suarez,lucia.suarez43@gmail.com,180,1,81.6,2026-05-11
2333,70,Diana Ruiz,diana.ruiz90@gmail.com,151,1,41.87,2026-05-02
2334,32,Pedro Cruz,pedro.cruz61@gmail.com,18,1,39.66,2026-05-12
2335,15,Jose Castro,jose.castro82@gmail.com,138,1,24.06,2026-05-23
2336,89,Ana Gomez,ana.gomez98@gmail.com,122,1,92.14,2026-05-04
2337,51,Daniel Gomez,daniel.gomez14@gmail.com,69,1,19.53,2026-05-26
2338,92,Paula Torres,paula.torres53@gmail.com,63,1,101.31,2026-05-18
2339,35,Ana Lopez,ana.lopez61@gmail.com,9,1,27.33,2026-05-09
2340,55,Ana Acosta,ana.acosta99@gmail.com,18,1,39.66,2026-05-07
2341,71,Mateo Navarro,mateo.navarro72@gmail.com,46,1,78.02,2026-05-12
2342,75,Miguel Vega,miguel.vega53@gmail.com,113,1,79.81,2026-05-07
2343,41,Luis Gomez,luis.gomez94@gmail.com,120,1,89.4,2026-05-10
2344,32,Pedro Cruz,pedro.cruz61@gmail.com,149,1,39.13,2026-05-22
2345,12,Sofia Gomez,sofia.gomez66@gmail.com,67,1,16.79,2026-05-28
2346,92,Paula Torres,paula.torres53@gmail.com,150,1,40.5,2026-05-08
2347,50,Juan Castro,juan.castro81@gmail.com,2,1,17.74,2026-05-26
2348,5,Daniel Acosta,daniel.acosta85@gmail.com,160,1,54.2,2026-05-10
2349,58,Carlos Vega,carlos.vega32@gmail.com,56,1,91.72,2026-05-26
2350,23,Camila Castro,camila.castro71@gmail.com,134,1,18.58,2026-05-03
2351,83,Maria Castro,maria.castro9@gmail.com,115,1,82.55,2026-05-04
2352,84,Daniel Flores,daniel.flores75@gmail.com,40,1,69.8,2026-05-23
2353,83,Maria Castro,maria.castro9@gmail.com,4,1,20.48,2026-05-21
2354,30,Lucia Acosta,lucia.acosta28@gmail.com,5,1,21.85,2026-05-18
2355,97,Diego Rojas,diego.rojas44@gmail.com,191,1,44.81,2026-05-26
2356,19,Diana Romero,diana.romero86@gmail.com,172,1,70.64,2026-05-05
2357,71,Mateo Navarro,mateo.navarro72@gmail.com,22,1,45.14,2026-05-01
2358,2,Carlos Suarez,carlos.suarez87@gmail.com,40,1,69.8,2026-05-02
2359,64,Emily Salazar,emily.salazar93@gmail.com,85,1,41.45,2026-05-29
2360,85,Fernanda Herrera,fernanda.herrera13@gmail.com,59,1,95.83,2026-05-11
2361,100,Ana Torres,ana.torres87@gmail.com,29,1,54.73,2026-05-09
2362,53,Fernanda Paspuel,fernanda.paspuel45@gmail.com,25,1,49.25,2026-05-24
2363,25,Diego Suarez,diego.suarez45@gmail.com,196,1,54.36,2026-05-19
2364,57,Luis Acosta,luis.acosta47@gmail.com,110,1,75.7,2026-05-13
2365,94,Valeria Flores,valeria.flores75@gmail.com,16,1,36.92,2026-05-22
2366,25,Diego Suarez,diego.suarez45@gmail.com,1,1,16.37,2026-05-06
2367,100,Ana Torres,ana.torres87@gmail.com,197,1,56.27,2026-05-19
2368,66,Daniel Cruz,daniel.cruz12@gmail.com,99,1,60.63,2026-05-22
2369,67,Miguel Paspuel,miguel.paspuel30@gmail.com,151,1,41.87,2026-05-30
2370,87,Emily Paspuel,emily.paspuel93@gmail.com,188,1,39.08,2026-05-06
2371,6,Andres Flores,andres.flores67@gmail.com,53,1,87.61,2026-05-07
2372,47,Valeria Benitez,valeria.benitez19@gmail.com,21,1,43.77,2026-05-05
2373,55,Ana Acosta,ana.acosta99@gmail.com,50,1,83.5,2026-05-21
2374,50,Juan Castro,juan.castro81@gmail.com,94,1,53.78,2026-05-29
2375,38,Lucia Castro,lucia.castro3@gmail.com,24,1,47.88,2026-05-11
2376,61,Ana Benitez,ana.benitez19@gmail.com,40,1,69.8,2026-05-06
2377,87,Emily Paspuel,emily.paspuel93@gmail.com,119,1,88.03,2026-05-23
2378,77,Jose Lopez,jose.lopez69@gmail.com,8,1,25.96,2026-05-21
2379,22,Emily Perez,emily.perez82@gmail.com,32,1,58.84,2026-05-11
2380,53,Fernanda Paspuel,fernanda.paspuel45@gmail.com,87,1,44.19,2026-05-01
2381,13,Luis Lopez,luis.lopez65@gmail.com,143,1,30.91,2026-05-10
2382,27,Luis Mora,luis.mora33@gmail.com,35,1,62.95,2026-05-30
2383,27,Luis Mora,luis.mora33@gmail.com,129,1,101.73,2026-05-25
2384,51,Daniel Gomez,daniel.gomez14@gmail.com,137,1,22.69,2026-05-23
2385,26,Pedro Castro,pedro.castro94@gmail.com,144,1,32.28,2026-05-04
2386,37,Camila Rojas,camila.rojas50@gmail.com,148,1,37.76,2026-05-08
2387,14,Luis Flores,luis.flores15@gmail.com,109,1,74.33,2026-05-02
2388,49,Miguel Benitez,miguel.benitez4@gmail.com,24,1,47.88,2026-05-22
2389,32,Pedro Cruz,pedro.cruz61@gmail.com,17,1,38.29,2026-05-18
2390,33,Emily Ruiz,emily.ruiz87@gmail.com,15,1,35.55,2026-05-05
2391,92,Paula Torres,paula.torres53@gmail.com,113,1,79.81,2026-05-12
2392,53,Fernanda Paspuel,fernanda.paspuel45@gmail.com,73,1,25.01,2026-05-05
2393,39,Ana Castro,ana.castro27@gmail.com,148,1,37.76,2026-05-18
2394,36,Andres Rojas,andres.rojas47@gmail.com,36,1,64.32,2026-05-19
2395,77,Jose Lopez,jose.lopez69@gmail.com,23,1,46.51,2026-05-27
2396,32,Pedro Cruz,pedro.cruz61@gmail.com,150,1,40.5,2026-05-20
2397,96,Mateo Mora,mateo.mora34@gmail.com,141,1,28.17,2026-05-02
2398,42,Fernanda Navarro,fernanda.navarro34@gmail.com,32,1,58.84,2026-05-27
2399,8,Paula Benitez,paula.benitez90@gmail.com,67,1,16.79,2026-05-24
2400,87,Emily Paspuel,emily.paspuel93@gmail.com,132,1,15.84,2026-05-21
2401,13,Luis Lopez,luis.lopez65@gmail.com,101,1,63.37,2026-05-04
2402,56,Luis Cruz,luis.cruz91@gmail.com,47,1,79.39,2026-05-25
2403,15,Jose Castro,jose.castro82@gmail.com,68,1,18.16,2026-05-27
2404,8,Paula Benitez,paula.benitez90@gmail.com,36,1,64.32,2026-05-14
2405,21,Lucia Suarez,lucia.suarez43@gmail.com,105,1,68.85,2026-05-12
2406,64,Emily Salazar,emily.salazar93@gmail.com,78,1,31.86,2026-05-29
2407,89,Ana Gomez,ana.gomez98@gmail.com,6,1,23.22,2026-05-26
2408,86,Maria Flores,maria.flores52@gmail.com,199,1,60.09,2026-05-15
2409,94,Valeria Flores,valeria.flores75@gmail.com,26,1,50.62,2026-05-11
2410,86,Maria Flores,maria.flores52@gmail.com,76,1,29.12,2026-05-06
2411,79,Valeria Cruz,valeria.cruz58@gmail.com,29,1,54.73,2026-05-15
2412,40,Luis Castro,luis.castro1@gmail.com,58,1,94.46,2026-05-15
2413,51,Daniel Gomez,daniel.gomez14@gmail.com,120,1,89.4,2026-05-02
2414,42,Fernanda Navarro,fernanda.navarro34@gmail.com,77,1,30.49,2026-05-05
2415,35,Ana Lopez,ana.lopez61@gmail.com,122,1,92.14,2026-05-15
2416,18,Diego Lopez,diego.lopez92@gmail.com,175,1,74.75,2026-05-04
2417,4,Pedro Salazar,pedro.salazar91@gmail.com,126,1,97.62,2026-05-20
2418,53,Fernanda Paspuel,fernanda.paspuel45@gmail.com,195,1,52.45,2026-05-17
2419,47,Valeria Benitez,valeria.benitez19@gmail.com,124,1,94.88,2026-05-16
2420,38,Lucia Castro,lucia.castro3@gmail.com,65,1,104.05,2026-05-10
2421,56,Luis Cruz,luis.cruz91@gmail.com,147,1,36.39,2026-05-21
2422,16,Miguel Romero,miguel.romero59@gmail.com,35,1,62.95,2026-05-23
2423,25,Diego Suarez,diego.suarez45@gmail.com,138,1,24.06,2026-05-08
2424,63,Luis Salazar,luis.salazar83@gmail.com,194,1,50.54,2026-05-24
2425,82,Sofia Romero,sofia.romero21@gmail.com,135,1,19.95,2026-05-18
2426,92,Paula Torres,paula.torres53@gmail.com,106,1,70.22,2026-05-05
2427,39,Ana Castro,ana.castro27@gmail.com,51,1,84.87,2026-05-29
2428,35,Ana Lopez,ana.lopez61@gmail.com,172,1,70.64,2026-05-17
2429,65,Paula Vega,paula.vega31@gmail.com,154,1,45.98,2026-05-17
2430,70,Diana Ruiz,diana.ruiz90@gmail.com,192,1,46.72,2026-05-17
2431,21,Lucia Suarez,lucia.suarez43@gmail.com,96,1,56.52,2026-05-09
2432,38,Lucia Castro,lucia.castro3@gmail.com,124,1,94.88,2026-05-04
2433,81,Carlos Perez,carlos.perez8@gmail.com,23,1,46.51,2026-05-19
2434,16,Miguel Romero,miguel.romero59@gmail.com,177,1,77.49,2026-05-18
2435,54,Diego Flores,diego.flores78@gmail.com,111,1,77.07,2026-05-28
2436,77,Jose Lopez,jose.lopez69@gmail.com,197,1,56.27,2026-05-07
2437,11,Ana Flores,ana.flores99@gmail.com,74,1,26.38,2026-05-12
2438,32,Pedro Cruz,pedro.cruz61@gmail.com,148,1,37.76,2026-05-22
2439,34,Camila Paspuel,camila.paspuel92@gmail.com,165,1,61.05,2026-05-07
2440,77,Jose Lopez,jose.lopez69@gmail.com,72,1,23.64,2026-05-22
2441,17,Pedro Gomez,pedro.gomez67@gmail.com,72,1,23.64,2026-05-17
2442,35,Ana Lopez,ana.lopez61@gmail.com,78,1,31.86,2026-05-02
2443,89,Ana Gomez,ana.gomez98@gmail.com,15,1,35.55,2026-05-16
2444,11,Ana Flores,ana.flores99@gmail.com,65,1,104.05,2026-05-09
2445,55,Ana Acosta,ana.acosta99@gmail.com,100,1,62.0,2026-05-23
2446,91,Camila Acosta,camila.acosta41@gmail.com,34,1,61.58,2026-05-10
2447,70,Diana Ruiz,diana.ruiz90@gmail.com,101,1,63.37,2026-05-18
2448,3,Daniel Suarez,daniel.suarez49@gmail.com,34,1,61.58,2026-05-24
2449,61,Ana Benitez,ana.benitez19@gmail.com,148,1,37.76,2026-05-18
2450,29,Mateo Romero,mateo.romero24@gmail.com,110,1,75.7,2026-05-24
2451,67,Miguel Paspuel,miguel.paspuel30@gmail.com,14,1,34.18,2026-05-24
2452,71,Mateo Navarro,mateo.navarro72@gmail.com,170,1,67.9,2026-05-21
2453,24,Jose Gomez,jose.gomez27@gmail.com,165,1,61.05,2026-05-17
2454,47,Valeria Benitez,valeria.benitez19@gmail.com,23,1,46.51,2026-05-16
2455,46,Daniel Mora,daniel.mora2@gmail.com,42,1,72.54,2026-05-25
2456,51,Daniel Gomez,daniel.gomez14@gmail.com,129,1,101.73,2026-05-13
2457,3,Daniel Suarez,daniel.suarez49@gmail.com,79,1,33.23,2026-05-25
2458,77,Jose Lopez,jose.lopez69@gmail.com,137,1,22.69,2026-05-29
2459,80,Mateo Gomez,mateo.gomez40@gmail.com,92,1,51.04,2026-05-16
2460,75,Miguel Vega,miguel.vega53@gmail.com,143,1,30.91,2026-05-16
2461,90,Andres Ruiz,andres.ruiz70@gmail.com,157,1,50.09,2026-05-26
2462,18,Diego Lopez,diego.lopez92@gmail.com,133,1,17.21,2026-05-07
2463,62,Diego Perez,diego.perez69@gmail.com,172,1,70.64,2026-05-14
2464,37,Camila Rojas,camila.rojas50@gmail.com,75,1,27.75,2026-05-13
2465,33,Emily Ruiz,emily.ruiz87@gmail.com,82,1,37.34,2026-05-04
2466,7,Miguel Flores,miguel.flores68@gmail.com,112,1,78.44,2026-05-22
2467,48,Miguel Torres,miguel.torres90@gmail.com,151,1,41.87,2026-05-10
2468,92,Paula Torres,paula.torres53@gmail.com,108,1,72.96,2026-05-26
2469,50,Juan Castro,juan.castro81@gmail.com,2,1,17.74,2026-05-04
2470,61,Ana Benitez,ana.benitez19@gmail.com,130,1,103.1,2026-05-24
2471,46,Daniel Mora,daniel.mora2@gmail.com,40,1,69.8,2026-05-25
2472,57,Luis Acosta,luis.acosta47@gmail.com,7,1,24.59,2026-05-09
2473,27,Luis Mora,luis.mora33@gmail.com,35,1,62.95,2026-05-14
2474,5,Daniel Acosta,daniel.acosta85@gmail.com,19,1,41.03,2026-05-15
2475,14,Luis Flores,luis.flores15@gmail.com,17,1,38.29,2026-05-17
2476,45,Fernanda Ruiz,fernanda.ruiz48@gmail.com,166,1,62.42,2026-05-24
2477,13,Luis Lopez,luis.lopez65@gmail.com,83,1,38.71,2026-05-27
2478,76,Maria Gomez,maria.gomez80@gmail.com,174,1,73.38,2026-05-22
2479,27,Luis Mora,luis.mora33@gmail.com,163,1,58.31,2026-05-18
2480,96,Mateo Mora,mateo.mora34@gmail.com,31,1,57.47,2026-05-18
2481,29,Mateo Romero,mateo.romero24@gmail.com,32,1,58.84,2026-05-21
2482,100,Ana Torres,ana.torres87@gmail.com,101,1,63.37,2026-05-02
2483,55,Ana Acosta,ana.acosta99@gmail.com,115,1,82.55,2026-05-18
2484,48,Miguel Torres,miguel.torres90@gmail.com,110,1,75.7,2026-05-15
2485,91,Camila Acosta,camila.acosta41@gmail.com,19,1,41.03,2026-05-01
2486,23,Camila Castro,camila.castro71@gmail.com,123,1,93.51,2026-05-20
2487,93,Fernanda Benitez,fernanda.benitez10@gmail.com,2,1,17.74,2026-05-22
2488,52,Camila Mora,camila.mora82@gmail.com,97,1,57.89,2026-05-16
2489,59,Luis Paspuel,luis.paspuel81@gmail.com,136,1,21.32,2026-05-12
2490,28,Fernanda Acosta,fernanda.acosta52@gmail.com,117,1,85.29,2026-05-10
2491,71,Mateo Navarro,mateo.navarro72@gmail.com,125,1,96.25,2026-05-20
2492,8,Paula Benitez,paula.benitez90@gmail.com,182,1,27.62,2026-05-16
2493,31,Jose Perez,jose.perez2@gmail.com,162,1,56.94,2026-05-16
2494,42,Fernanda Navarro,fernanda.navarro34@gmail.com,31,1,57.47,2026-05-04
2495,41,Luis Gomez,luis.gomez94@gmail.com,37,1,65.69,2026-05-30
2496,21,Lucia Suarez,lucia.suarez43@gmail.com,80,1,34.6,2026-05-06
2497,100,Ana Torres,ana.torres87@gmail.com,52,1,86.24,2026-05-12
2498,17,Pedro Gomez,pedro.gomez67@gmail.com,197,1,56.27,2026-05-08
2499,70,Diana Ruiz,diana.ruiz90@gmail.com,180,1,81.6,2026-05-15
2500,28,Fernanda Acosta,fernanda.acosta52@gmail.com,1,1,16.37,2026-05-08
2501,76,Maria Gomez,maria.gomez80@gmail.com,159,1,52.83,2026-05-06
2502,72,Mateo Paspuel,mateo.paspuel64@gmail.com,58,1,94.46,2026-05-25
2503,32,Pedro Cruz,pedro.cruz61@gmail.com,134,1,18.58,2026-05-16
2504,95,Ana Cruz,ana.cruz50@gmail.com,174,1,73.38,2026-05-02
2505,35,Ana Lopez,ana.lopez61@gmail.com,142,1,29.54,2026-05-23
2506,69,Lucia Herrera,lucia.herrera62@gmail.com,112,1,78.44,2026-05-14
2507,79,Valeria Cruz,valeria.cruz58@gmail.com,4,1,20.48,2026-05-04
2508,92,Paula Torres,paula.torres53@gmail.com,164,1,59.68,2026-05-01
2509,7,Miguel Flores,miguel.flores68@gmail.com,17,1,38.29,2026-05-22
2510,18,Diego Lopez,diego.lopez92@gmail.com,35,1,62.95,2026-05-07
2511,99,Valeria Herrera,valeria.herrera1@gmail.com,35,1,62.95,2026-05-03
2512,58,Carlos Vega,carlos.vega32@gmail.com,157,1,50.09,2026-05-01
2513,40,Luis Castro,luis.castro1@gmail.com,198,1,58.18,2026-05-24
2514,19,Diana Romero,diana.romero86@gmail.com,61,1,98.57,2026-05-04
2515,41,Luis Gomez,luis.gomez94@gmail.com,69,1,19.53,2026-05-29
2516,35,Ana Lopez,ana.lopez61@gmail.com,137,1,22.69,2026-05-08
2517,14,Luis Flores,luis.flores15@gmail.com,126,1,97.62,2026-05-03
2518,82,Sofia Romero,sofia.romero21@gmail.com,192,1,46.72,2026-05-02
2519,73,Miguel Navarro,miguel.navarro4@gmail.com,40,1,69.8,2026-05-19
2520,95,Ana Cruz,ana.cruz50@gmail.com,163,1,58.31,2026-05-03
2521,57,Luis Acosta,luis.acosta47@gmail.com,105,1,68.85,2026-05-11
2522,98,Ana Navarro,ana.navarro44@gmail.com,76,1,29.12,2026-05-08
2523,72,Mateo Paspuel,mateo.paspuel64@gmail.com,54,1,88.98,2026-05-22
2524,100,Ana Torres,ana.torres87@gmail.com,58,1,94.46,2026-05-13
2525,15,Jose Castro,jose.castro82@gmail.com,178,1,78.86,2026-05-09
2526,91,Camila Acosta,camila.acosta41@gmail.com,194,1,50.54,2026-05-21
2527,26,Pedro Castro,pedro.castro94@gmail.com,46,1,78.02,2026-05-24
2528,57,Luis Acosta,luis.acosta47@gmail.com,197,1,56.27,2026-05-14
2529,100,Ana Torres,ana.torres87@gmail.com,102,1,64.74,2026-05-30
2530,31,Jose Perez,jose.perez2@gmail.com,42,1,72.54,2026-05-20
2531,96,Mateo Mora,mateo.mora34@gmail.com,188,1,39.08,2026-05-24
2532,61,Ana Benitez,ana.benitez19@gmail.com,161,1,55.57,2026-05-22
2533,87,Emily Paspuel,emily.paspuel93@gmail.com,139,1,25.43,2026-05-28
2534,63,Luis Salazar,luis.salazar83@gmail.com,95,1,55.15,2026-05-27
2535,58,Carlos Vega,carlos.vega32@gmail.com,89,1,46.93,2026-05-07
2536,20,Carlos Lopez,carlos.lopez18@gmail.com,137,1,22.69,2026-05-12
2537,67,Miguel Paspuel,miguel.paspuel30@gmail.com,71,1,22.27,2026-05-02
2538,56,Luis Cruz,luis.cruz91@gmail.com,148,1,37.76,2026-05-10
2539,86,Maria Flores,maria.flores52@gmail.com,67,1,16.79,2026-05-08
2540,54,Diego Flores,diego.flores78@gmail.com,134,1,18.58,2026-05-28
2541,10,Sofia Torres,sofia.torres60@gmail.com,102,1,64.74,2026-05-15
2542,13,Luis Lopez,luis.lopez65@gmail.com,57,1,93.09,2026-05-26
2543,54,Diego Flores,diego.flores78@gmail.com,56,1,91.72,2026-05-24
2544,45,Fernanda Ruiz,fernanda.ruiz48@gmail.com,162,1,56.94,2026-05-20
2545,60,Diana Torres,diana.torres20@gmail.com,75,1,27.75,2026-05-01
2546,23,Camila Castro,camila.castro71@gmail.com,50,1,83.5,2026-05-09
2547,65,Paula Vega,paula.vega31@gmail.com,18,1,39.66,2026-05-27
2548,42,Fernanda Navarro,fernanda.navarro34@gmail.com,30,1,56.1,2026-05-23
2549,24,Jose Gomez,jose.gomez27@gmail.com,92,1,51.04,2026-05-17
2550,72,Mateo Paspuel,mateo.paspuel64@gmail.com,141,1,28.17,2026-05-27
2551,99,Valeria Herrera,valeria.herrera1@gmail.com,25,1,49.25,2026-05-30
2552,44,Fernanda Torres,fernanda.torres34@gmail.com,45,1,76.65,2026-05-25
2553,43,Jose Rojas,jose.rojas67@gmail.com,57,1,93.09,2026-05-11
2554,31,Jose Perez,jose.perez2@gmail.com,75,1,27.75,2026-05-03
2555,54,Diego Flores,diego.flores78@gmail.com,112,1,78.44,2026-05-08
2556,9,Miguel Mora,miguel.mora18@gmail.com,146,1,35.02,2026-05-10
2557,47,Valeria Benitez,valeria.benitez19@gmail.com,141,1,28.17,2026-05-10
2558,79,Valeria Cruz,valeria.cruz58@gmail.com,117,1,85.29,2026-05-10
2559,37,Camila Rojas,camila.rojas50@gmail.com,186,1,35.26,2026-05-19
2560,78,Emily Herrera,emily.herrera26@gmail.com,150,1,40.5,2026-05-29
2561,87,Emily Paspuel,emily.paspuel93@gmail.com,37,1,65.69,2026-05-17
2562,9,Miguel Mora,miguel.mora18@gmail.com,41,1,71.17,2026-05-29
2563,75,Miguel Vega,miguel.vega53@gmail.com,179,1,80.23,2026-05-01
2564,59,Luis Paspuel,luis.paspuel81@gmail.com,183,1,29.53,2026-05-16
2565,14,Luis Flores,luis.flores15@gmail.com,8,1,25.96,2026-05-06
2566,78,Emily Herrera,emily.herrera26@gmail.com,101,1,63.37,2026-05-04
2567,1,Jose Suarez,jose.suarez11@gmail.com,112,1,78.44,2026-05-30
2568,64,Emily Salazar,emily.salazar93@gmail.com,75,1,27.75,2026-05-24
2569,68,Miguel Rojas,miguel.rojas85@gmail.com,7,1,24.59,2026-05-21
2570,25,Diego Suarez,diego.suarez45@gmail.com,123,1,93.51,2026-05-04
2571,36,Andres Rojas,andres.rojas47@gmail.com,46,1,78.02,2026-05-21
2572,72,Mateo Paspuel,mateo.paspuel64@gmail.com,200,1,62.0,2026-05-03
2573,22,Emily Perez,emily.perez82@gmail.com,159,1,52.83,2026-05-29
2574,18,Diego Lopez,diego.lopez92@gmail.com,65,1,104.05,2026-05-08
2575,42,Fernanda Navarro,fernanda.navarro34@gmail.com,22,1,45.14,2026-05-08
2576,58,Carlos Vega,carlos.vega32@gmail.com,83,1,38.71,2026-05-21
2577,47,Valeria Benitez,valeria.benitez19@gmail.com,170,1,67.9,2026-05-27
2578,17,Pedro Gomez,pedro.gomez67@gmail.com,34,1,61.58,2026-05-14
2579,59,Luis Paspuel,luis.paspuel81@gmail.com,48,1,80.76,2026-05-02
2580,23,Camila Castro,camila.castro71@gmail.com,179,1,80.23,2026-05-13
2581,4,Pedro Salazar,pedro.salazar91@gmail.com,92,1,51.04,2026-05-09
2582,36,Andres Rojas,andres.rojas47@gmail.com,130,1,103.1,2026-05-06
2583,54,Diego Flores,diego.flores78@gmail.com,120,1,89.4,2026-05-04
2584,44,Fernanda Torres,fernanda.torres34@gmail.com,150,1,40.5,2026-05-26
2585,19,Diana Romero,diana.romero86@gmail.com,17,1,38.29,2026-05-10
2586,57,Luis Acosta,luis.acosta47@gmail.com,62,1,99.94,2026-05-03
2587,39,Ana Castro,ana.castro27@gmail.com,122,1,92.14,2026-05-12
2588,90,Andres Ruiz,andres.ruiz70@gmail.com,25,1,49.25,2026-05-02
2589,61,Ana Benitez,ana.benitez19@gmail.com,105,1,68.85,2026-05-26
2590,83,Maria Castro,maria.castro9@gmail.com,185,1,33.35,2026-05-01
2591,65,Paula Vega,paula.vega31@gmail.com,134,1,18.58,2026-05-15
2592,44,Fernanda Torres,fernanda.torres34@gmail.com,86,1,42.82,2026-05-01
2593,18,Diego Lopez,diego.lopez92@gmail.com,194,1,50.54,2026-05-05
2594,81,Carlos Perez,carlos.perez8@gmail.com,131,1,104.47,2026-05-05
2595,27,Luis Mora,luis.mora33@gmail.com,45,1,76.65,2026-05-16
2596,96,Mateo Mora,mateo.mora34@gmail.com,88,1,45.56,2026-05-18
2597,24,Jose Gomez,jose.gomez27@gmail.com,99,1,60.63,2026-05-24
2598,16,Miguel Romero,miguel.romero59@gmail.com,47,1,79.39,2026-05-15
2599,23,Camila Castro,camila.castro71@gmail.com,50,1,83.5,2026-05-30
2600,32,Pedro Cruz,pedro.cruz61@gmail.com,52,1,86.24,2026-05-14
2601,31,Jose Perez,jose.perez2@gmail.com,145,1,33.65,2026-05-17
2602,76,Maria Gomez,maria.gomez80@gmail.com,113,1,79.81,2026-05-25
2603,86,Maria Flores,maria.flores52@gmail.com,21,1,43.77,2026-05-06
2604,50,Juan Castro,juan.castro81@gmail.com,160,1,54.2,2026-05-06
2605,27,Luis Mora,luis.mora33@gmail.com,32,1,58.84,2026-05-30
2606,60,Diana Torres,diana.torres20@gmail.com,195,1,52.45,2026-05-22
2607,31,Jose Perez,jose.perez2@gmail.com,73,1,25.01,2026-05-17
2608,14,Luis Flores,luis.flores15@gmail.com,33,1,60.21,2026-05-20
2609,37,Camila Rojas,camila.rojas50@gmail.com,181,1,25.71,2026-05-27
2610,92,Paula Torres,paula.torres53@gmail.com,72,1,23.64,2026-05-20
2611,61,Ana Benitez,ana.benitez19@gmail.com,82,1,37.34,2026-05-28
2612,5,Daniel Acosta,daniel.acosta85@gmail.com,130,1,103.1,2026-05-13
2613,8,Paula Benitez,paula.benitez90@gmail.com,84,1,40.08,2026-05-10
2614,35,Ana Lopez,ana.lopez61@gmail.com,9,1,27.33,2026-05-27
2615,84,Daniel Flores,daniel.flores75@gmail.com,90,1,48.3,2026-05-18
2616,6,Andres Flores,andres.flores67@gmail.com,79,1,33.23,2026-05-17
2617,81,Carlos Perez,carlos.perez8@gmail.com,87,1,44.19,2026-05-21
2618,5,Daniel Acosta,daniel.acosta85@gmail.com,170,1,67.9,2026-05-20
2619,65,Paula Vega,paula.vega31@gmail.com,198,1,58.18,2026-05-18
2620,35,Ana Lopez,ana.lopez61@gmail.com,134,1,18.58,2026-05-06
2621,83,Maria Castro,maria.castro9@gmail.com,71,1,22.27,2026-05-30
2622,66,Daniel Cruz,daniel.cruz12@gmail.com,31,1,57.47,2026-05-10
2623,17,Pedro Gomez,pedro.gomez67@gmail.com,174,1,73.38,2026-05-23
2624,29,Mateo Romero,mateo.romero24@gmail.com,189,1,40.99,2026-05-08
2625,57,Luis Acosta,luis.acosta47@gmail.com,179,1,80.23,2026-05-27
2626,79,Valeria Cruz,valeria.cruz58@gmail.com,1,1,16.37,2026-05-16
2627,67,Miguel Paspuel,miguel.paspuel30@gmail.com,77,1,30.49,2026-05-05
2628,90,Andres Ruiz,andres.ruiz70@gmail.com,90,1,48.3,2026-05-14
2629,40,Luis Castro,luis.castro1@gmail.com,65,1,104.05,2026-05-21
2630,56,Luis Cruz,luis.cruz91@gmail.com,84,1,40.08,2026-05-27
2631,76,Maria Gomez,maria.gomez80@gmail.com,118,1,86.66,2026-05-04
2632,93,Fernanda Benitez,fernanda.benitez10@gmail.com,139,1,25.43,2026-05-14
2633,47,Valeria Benitez,valeria.benitez19@gmail.com,41,1,71.17,2026-05-12
2634,82,Sofia Romero,sofia.romero21@gmail.com,193,1,48.63,2026-05-01
2635,29,Mateo Romero,mateo.romero24@gmail.com,35,1,62.95,2026-05-15
2636,3,Daniel Suarez,daniel.suarez49@gmail.com,168,1,65.16,2026-05-06
2637,67,Miguel Paspuel,miguel.paspuel30@gmail.com,51,1,84.87,2026-05-24
2638,74,Ana Mora,ana.mora16@gmail.com,77,1,30.49,2026-05-09
2639,60,Diana Torres,diana.torres20@gmail.com,27,1,51.99,2026-05-08
2640,47,Valeria Benitez,valeria.benitez19@gmail.com,29,1,54.73,2026-05-17
2641,47,Valeria Benitez,valeria.benitez19@gmail.com,170,1,67.9,2026-05-07
2642,55,Ana Acosta,ana.acosta99@gmail.com,151,1,41.87,2026-05-23
2643,49,Miguel Benitez,miguel.benitez4@gmail.com,26,1,50.62,2026-05-26
2644,40,Luis Castro,luis.castro1@gmail.com,169,1,66.53,2026-05-13
2645,94,Valeria Flores,valeria.flores75@gmail.com,84,1,40.08,2026-05-14
2646,82,Sofia Romero,sofia.romero21@gmail.com,12,1,31.44,2026-05-30
2647,2,Carlos Suarez,carlos.suarez87@gmail.com,43,1,73.91,2026-05-16
2648,12,Sofia Gomez,sofia.gomez66@gmail.com,167,1,63.79,2026-05-20
2649,84,Daniel Flores,daniel.flores75@gmail.com,31,1,57.47,2026-05-19
2650,51,Daniel Gomez,daniel.gomez14@gmail.com,64,1,102.68,2026-05-09
2651,80,Mateo Gomez,mateo.gomez40@gmail.com,110,1,75.7,2026-05-09
2652,23,Camila Castro,camila.castro71@gmail.com,71,1,22.27,2026-05-06
2653,25,Diego Suarez,diego.suarez45@gmail.com,75,1,27.75,2026-05-27
2654,22,Emily Perez,emily.perez82@gmail.com,139,1,25.43,2026-05-26
2655,87,Emily Paspuel,emily.paspuel93@gmail.com,156,1,48.72,2026-05-29
2656,33,Emily Ruiz,emily.ruiz87@gmail.com,135,1,19.95,2026-05-23
2657,88,Sofia Paspuel,sofia.paspuel45@gmail.com,58,1,94.46,2026-05-24
2658,82,Sofia Romero,sofia.romero21@gmail.com,156,1,48.72,2026-05-20
2659,49,Miguel Benitez,miguel.benitez4@gmail.com,144,1,32.28,2026-05-22
2660,69,Lucia Herrera,lucia.herrera62@gmail.com,10,1,28.7,2026-05-13
2661,96,Mateo Mora,mateo.mora34@gmail.com,169,1,66.53,2026-05-23
2662,14,Luis Flores,luis.flores15@gmail.com,64,1,102.68,2026-05-17
2663,26,Pedro Castro,pedro.castro94@gmail.com,73,1,25.01,2026-05-20
2664,97,Diego Rojas,diego.rojas44@gmail.com,183,1,29.53,2026-05-23
2665,83,Maria Castro,maria.castro9@gmail.com,20,1,42.4,2026-05-05
2666,41,Luis Gomez,luis.gomez94@gmail.com,17,1,38.29,2026-05-24
2667,97,Diego Rojas,diego.rojas44@gmail.com,82,1,37.34,2026-05-02
2668,23,Camila Castro,camila.castro71@gmail.com,56,1,91.72,2026-05-18
2669,55,Ana Acosta,ana.acosta99@gmail.com,143,1,30.91,2026-05-25
2670,56,Luis Cruz,luis.cruz91@gmail.com,63,1,101.31,2026-05-04
2671,27,Luis Mora,luis.mora33@gmail.com,171,1,69.27,2026-05-18
2672,29,Mateo Romero,mateo.romero24@gmail.com,82,1,37.34,2026-05-02
2673,17,Pedro Gomez,pedro.gomez67@gmail.com,171,1,69.27,2026-05-25
2674,2,Carlos Suarez,carlos.suarez87@gmail.com,73,1,25.01,2026-05-09
2675,100,Ana Torres,ana.torres87@gmail.com,164,1,59.68,2026-05-25
2676,78,Emily Herrera,emily.herrera26@gmail.com,166,1,62.42,2026-05-07
2677,87,Emily Paspuel,emily.paspuel93@gmail.com,92,1,51.04,2026-05-04
2678,14,Luis Flores,luis.flores15@gmail.com,99,1,60.63,2026-05-30
2679,37,Camila Rojas,camila.rojas50@gmail.com,37,1,65.69,2026-05-22
2680,42,Fernanda Navarro,fernanda.navarro34@gmail.com,78,1,31.86,2026-05-15
2681,35,Ana Lopez,ana.lopez61@gmail.com,97,1,57.89,2026-05-19
2682,90,Andres Ruiz,andres.ruiz70@gmail.com,140,1,26.8,2026-05-11
2683,56,Luis Cruz,luis.cruz91@gmail.com,83,1,38.71,2026-05-01
2684,8,Paula Benitez,paula.benitez90@gmail.com,148,1,37.76,2026-05-20
2685,8,Paula Benitez,paula.benitez90@gmail.com,125,1,96.25,2026-05-03
2686,48,Miguel Torres,miguel.torres90@gmail.com,100,1,62.0,2026-05-17
2687,51,Daniel Gomez,daniel.gomez14@gmail.com,114,1,81.18,2026-05-16
2688,14,Luis Flores,luis.flores15@gmail.com,200,1,62.0,2026-05-20
2689,68,Miguel Rojas,miguel.rojas85@gmail.com,1,1,16.37,2026-05-30
2690,94,Valeria Flores,valeria.flores75@gmail.com,30,1,56.1,2026-05-11
2691,45,Fernanda Ruiz,fernanda.ruiz48@gmail.com,105,1,68.85,2026-05-23
2692,58,Carlos Vega,carlos.vega32@gmail.com,138,1,24.06,2026-05-01
2693,6,Andres Flores,andres.flores67@gmail.com,37,1,65.69,2026-05-21
2694,20,Carlos Lopez,carlos.lopez18@gmail.com,105,1,68.85,2026-05-13
2695,3,Daniel Suarez,daniel.suarez49@gmail.com,36,1,64.32,2026-05-04
2696,19,Diana Romero,diana.romero86@gmail.com,31,1,57.47,2026-05-23
2697,88,Sofia Paspuel,sofia.paspuel45@gmail.com,28,1,53.36,2026-05-27
2698,64,Emily Salazar,emily.salazar93@gmail.com,39,1,68.43,2026-05-22
2699,89,Ana Gomez,ana.gomez98@gmail.com,133,1,17.21,2026-05-11
2700,78,Emily Herrera,emily.herrera26@gmail.com,115,1,82.55,2026-05-25
2701,3,Daniel Suarez,daniel.suarez49@gmail.com,190,1,42.9,2026-05-17
2702,54,Diego Flores,diego.flores78@gmail.com,112,1,78.44,2026-05-06
2703,90,Andres Ruiz,andres.ruiz70@gmail.com,98,1,59.26,2026-05-05
2704,22,Emily Perez,emily.perez82@gmail.com,123,1,93.51,2026-05-02
2705,62,Diego Perez,diego.perez69@gmail.com,61,1,98.57,2026-05-17
2706,96,Mateo Mora,mateo.mora34@gmail.com,192,1,46.72,2026-05-20
2707,78,Emily Herrera,emily.herrera26@gmail.com,199,1,60.09,2026-05-02
2708,75,Miguel Vega,miguel.vega53@gmail.com,61,1,98.57,2026-05-01
2709,66,Daniel Cruz,daniel.cruz12@gmail.com,60,1,97.2,2026-05-11
2710,78,Emily Herrera,emily.herrera26@gmail.com,149,1,39.13,2026-05-19
2711,91,Camila Acosta,camila.acosta41@gmail.com,131,1,104.47,2026-05-16
2712,30,Lucia Acosta,lucia.acosta28@gmail.com,58,1,94.46,2026-05-23
2713,5,Daniel Acosta,daniel.acosta85@gmail.com,102,1,64.74,2026-05-10
2714,22,Emily Perez,emily.perez82@gmail.com,178,1,78.86,2026-05-16
2715,35,Ana Lopez,ana.lopez61@gmail.com,58,1,94.46,2026-05-27
2716,26,Pedro Castro,pedro.castro94@gmail.com,191,1,44.81,2026-05-02
2717,98,Ana Navarro,ana.navarro44@gmail.com,181,1,25.71,2026-05-03
2718,45,Fernanda Ruiz,fernanda.ruiz48@gmail.com,121,1,90.77,2026-05-17
2719,84,Daniel Flores,daniel.flores75@gmail.com,125,1,96.25,2026-05-02
2720,55,Ana Acosta,ana.acosta99@gmail.com,18,1,39.66,2026-05-18
2721,94,Valeria Flores,valeria.flores75@gmail.com,173,1,72.01,2026-05-01
2722,44,Fernanda Torres,fernanda.torres34@gmail.com,145,1,33.65,2026-05-29
2723,40,Luis Castro,luis.castro1@gmail.com,82,1,37.34,2026-05-08
2724,98,Ana Navarro,ana.navarro44@gmail.com,150,1,40.5,2026-05-20
2725,66,Daniel Cruz,daniel.cruz12@gmail.com,54,1,88.98,2026-05-05
2726,19,Diana Romero,diana.romero86@gmail.com,9,1,27.33,2026-05-09
2727,78,Emily Herrera,emily.herrera26@gmail.com,176,1,76.12,2026-05-15
2728,25,Diego Suarez,diego.suarez45@gmail.com,197,1,56.27,2026-05-04
2729,16,Miguel Romero,miguel.romero59@gmail.com,135,1,19.95,2026-05-11
2730,74,Ana Mora,ana.mora16@gmail.com,187,1,37.17,2026-05-10
2731,30,Lucia Acosta,lucia.acosta28@gmail.com,26,1,50.62,2026-05-13
2732,32,Pedro Cruz,pedro.cruz61@gmail.com,119,1,88.03,2026-05-04
2733,75,Miguel Vega,miguel.vega53@gmail.com,42,1,72.54,2026-05-30
2734,76,Maria Gomez,maria.gomez80@gmail.com,113,1,79.81,2026-05-03
2735,3,Daniel Suarez,daniel.suarez49@gmail.com,198,1,58.18,2026-05-13
2736,50,Juan Castro,juan.castro81@gmail.com,193,1,48.63,2026-05-14
2737,62,Diego Perez,diego.perez69@gmail.com,76,1,29.12,2026-05-26
2738,86,Maria Flores,maria.flores52@gmail.com,200,1,62.0,2026-05-17
2739,44,Fernanda Torres,fernanda.torres34@gmail.com,151,1,41.87,2026-05-05
2740,13,Luis Lopez,luis.lopez65@gmail.com,7,1,24.59,2026-05-13
2741,78,Emily Herrera,emily.herrera26@gmail.com,117,1,85.29,2026-05-01
2742,50,Juan Castro,juan.castro81@gmail.com,5,1,21.85,2026-05-26
2743,29,Mateo Romero,mateo.romero24@gmail.com,82,1,37.34,2026-05-05
2744,47,Valeria Benitez,valeria.benitez19@gmail.com,21,1,43.77,2026-05-07
2745,71,Mateo Navarro,mateo.navarro72@gmail.com,159,1,52.83,2026-05-19
2746,80,Mateo Gomez,mateo.gomez40@gmail.com,36,1,64.32,2026-05-03
2747,91,Camila Acosta,camila.acosta41@gmail.com,198,1,58.18,2026-05-30
2748,30,Lucia Acosta,lucia.acosta28@gmail.com,192,1,46.72,2026-05-19
2749,80,Mateo Gomez,mateo.gomez40@gmail.com,195,1,52.45,2026-05-08
2750,35,Ana Lopez,ana.lopez61@gmail.com,172,1,70.64,2026-05-09
2751,7,Miguel Flores,miguel.flores68@gmail.com,23,1,46.51,2026-05-13
2752,47,Valeria Benitez,valeria.benitez19@gmail.com,193,1,48.63,2026-05-22
2753,2,Carlos Suarez,carlos.suarez87@gmail.com,71,1,22.27,2026-05-19
2754,11,Ana Flores,ana.flores99@gmail.com,121,1,90.77,2026-05-01
2755,53,Fernanda Paspuel,fernanda.paspuel45@gmail.com,180,1,81.6,2026-05-28
2756,78,Emily Herrera,emily.herrera26@gmail.com,75,1,27.75,2026-05-19
2757,81,Carlos Perez,carlos.perez8@gmail.com,11,1,30.07,2026-05-07
2758,2,Carlos Suarez,carlos.suarez87@gmail.com,129,1,101.73,2026-05-18
2759,64,Emily Salazar,emily.salazar93@gmail.com,26,1,50.62,2026-05-19
2760,63,Luis Salazar,luis.salazar83@gmail.com,186,1,35.26,2026-05-16
2761,83,Maria Castro,maria.castro9@gmail.com,87,1,44.19,2026-05-18
2762,46,Daniel Mora,daniel.mora2@gmail.com,185,1,33.35,2026-05-21
2763,43,Jose Rojas,jose.rojas67@gmail.com,190,1,42.9,2026-05-14
2764,87,Emily Paspuel,emily.paspuel93@gmail.com,5,1,21.85,2026-05-11
2765,73,Miguel Navarro,miguel.navarro4@gmail.com,172,1,70.64,2026-05-25
2766,22,Emily Perez,emily.perez82@gmail.com,72,1,23.64,2026-05-10
2767,73,Miguel Navarro,miguel.navarro4@gmail.com,193,1,48.63,2026-05-27
2768,99,Valeria Herrera,valeria.herrera1@gmail.com,72,1,23.64,2026-05-06
2769,64,Emily Salazar,emily.salazar93@gmail.com,175,1,74.75,2026-05-12
2770,44,Fernanda Torres,fernanda.torres34@gmail.com,164,1,59.68,2026-05-23
2771,89,Ana Gomez,ana.gomez98@gmail.com,101,1,63.37,2026-05-09
2772,58,Carlos Vega,carlos.vega32@gmail.com,160,1,54.2,2026-05-14
2773,72,Mateo Paspuel,mateo.paspuel64@gmail.com,39,1,68.43,2026-05-17
2774,77,Jose Lopez,jose.lopez69@gmail.com,162,1,56.94,2026-05-01
2775,94,Valeria Flores,valeria.flores75@gmail.com,95,1,55.15,2026-05-10
2776,2,Carlos Suarez,carlos.suarez87@gmail.com,106,1,70.22,2026-05-28
2777,80,Mateo Gomez,mateo.gomez40@gmail.com,51,1,84.87,2026-05-27
2778,67,Miguel Paspuel,miguel.paspuel30@gmail.com,200,1,62.0,2026-05-26
2779,26,Pedro Castro,pedro.castro94@gmail.com,45,1,76.65,2026-05-11
2780,43,Jose Rojas,jose.rojas67@gmail.com,14,1,34.18,2026-05-10
2781,47,Valeria Benitez,valeria.benitez19@gmail.com,191,1,44.81,2026-05-24
2782,11,Ana Flores,ana.flores99@gmail.com,200,1,62.0,2026-05-19
2783,59,Luis Paspuel,luis.paspuel81@gmail.com,164,1,59.68,2026-05-26
2784,99,Valeria Herrera,valeria.herrera1@gmail.com,153,1,44.61,2026-05-28
2785,87,Emily Paspuel,emily.paspuel93@gmail.com,120,1,89.4,2026-05-14
2786,72,Mateo Paspuel,mateo.paspuel64@gmail.com,142,1,29.54,2026-05-27
2787,89,Ana Gomez,ana.gomez98@gmail.com,51,1,84.87,2026-05-17
2788,8,Paula Benitez,paula.benitez90@gmail.com,103,1,66.11,2026-05-07
2789,11,Ana Flores,ana.flores99@gmail.com,3,1,19.11,2026-05-02
2790,60,Diana Torres,diana.torres20@gmail.com,90,1,48.3,2026-05-27
2791,43,Jose Rojas,jose.rojas67@gmail.com,67,1,16.79,2026-05-01
2792,85,Fernanda Herrera,fernanda.herrera13@gmail.com,65,1,104.05,2026-05-04
2793,40,Luis Castro,luis.castro1@gmail.com,114,1,81.18,2026-05-02
2794,56,Luis Cruz,luis.cruz91@gmail.com,135,1,19.95,2026-05-09
2795,59,Luis Paspuel,luis.paspuel81@gmail.com,29,1,54.73,2026-05-24
2796,61,Ana Benitez,ana.benitez19@gmail.com,199,1,60.09,2026-05-18
2797,40,Luis Castro,luis.castro1@gmail.com,190,1,42.9,2026-05-15
2798,46,Daniel Mora,daniel.mora2@gmail.com,139,1,25.43,2026-05-17
2799,42,Fernanda Navarro,fernanda.navarro34@gmail.com,123,1,93.51,2026-05-11
2800,38,Lucia Castro,lucia.castro3@gmail.com,164,1,59.68,2026-05-19
2801,22,Emily Perez,emily.perez82@gmail.com,59,1,95.83,2026-05-04
2802,24,Jose Gomez,jose.gomez27@gmail.com,10,1,28.7,2026-05-25
2803,98,Ana Navarro,ana.navarro44@gmail.com,181,1,25.71,2026-05-24
2804,34,Camila Paspuel,camila.paspuel92@gmail.com,113,1,79.81,2026-05-26
2805,60,Diana Torres,diana.torres20@gmail.com,176,1,76.12,2026-05-16
2806,37,Camila Rojas,camila.rojas50@gmail.com,113,1,79.81,2026-05-09
2807,44,Fernanda Torres,fernanda.torres34@gmail.com,30,1,56.1,2026-05-30
2808,73,Miguel Navarro,miguel.navarro4@gmail.com,61,1,98.57,2026-05-13
2809,40,Luis Castro,luis.castro1@gmail.com,66,1,15.42,2026-05-23
2810,27,Luis Mora,luis.mora33@gmail.com,188,1,39.08,2026-05-01
2811,81,Carlos Perez,carlos.perez8@gmail.com,127,1,98.99,2026-05-29
2812,46,Daniel Mora,daniel.mora2@gmail.com,140,1,26.8,2026-05-13
2813,23,Camila Castro,camila.castro71@gmail.com,5,1,21.85,2026-05-10
2814,11,Ana Flores,ana.flores99@gmail.com,179,1,80.23,2026-05-12
2815,87,Emily Paspuel,emily.paspuel93@gmail.com,37,1,65.69,2026-05-07
2816,79,Valeria Cruz,valeria.cruz58@gmail.com,61,1,98.57,2026-05-01
2817,50,Juan Castro,juan.castro81@gmail.com,112,1,78.44,2026-05-07
2818,83,Maria Castro,maria.castro9@gmail.com,65,1,104.05,2026-05-29
2819,9,Miguel Mora,miguel.mora18@gmail.com,122,1,92.14,2026-05-22
2820,1,Jose Suarez,jose.suarez11@gmail.com,55,1,90.35,2026-05-09
2821,45,Fernanda Ruiz,fernanda.ruiz48@gmail.com,173,1,72.01,2026-05-21
2822,61,Ana Benitez,ana.benitez19@gmail.com,151,1,41.87,2026-05-13
2823,17,Pedro Gomez,pedro.gomez67@gmail.com,147,1,36.39,2026-05-20
2824,88,Sofia Paspuel,sofia.paspuel45@gmail.com,80,1,34.6,2026-05-27
2825,81,Carlos Perez,carlos.perez8@gmail.com,183,1,29.53,2026-05-18
2826,66,Daniel Cruz,daniel.cruz12@gmail.com,129,1,101.73,2026-05-03
2827,44,Fernanda Torres,fernanda.torres34@gmail.com,159,1,52.83,2026-05-07
2828,76,Maria Gomez,maria.gomez80@gmail.com,192,1,46.72,2026-05-06
2829,89,Ana Gomez,ana.gomez98@gmail.com,3,1,19.11,2026-05-25
2830,41,Luis Gomez,luis.gomez94@gmail.com,88,1,45.56,2026-05-08
2831,93,Fernanda Benitez,fernanda.benitez10@gmail.com,192,1,46.72,2026-05-06
2832,70,Diana Ruiz,diana.ruiz90@gmail.com,30,1,56.1,2026-05-26
2833,52,Camila Mora,camila.mora82@gmail.com,34,1,61.58,2026-05-14
2834,55,Ana Acosta,ana.acosta99@gmail.com,67,1,16.79,2026-05-14
2835,33,Emily Ruiz,emily.ruiz87@gmail.com,24,1,47.88,2026-05-26
2836,23,Camila Castro,camila.castro71@gmail.com,194,1,50.54,2026-05-20
2837,10,Sofia Torres,sofia.torres60@gmail.com,19,1,41.03,2026-05-26
2838,37,Camila Rojas,camila.rojas50@gmail.com,142,1,29.54,2026-05-13
2839,17,Pedro Gomez,pedro.gomez67@gmail.com,46,1,78.02,2026-05-13
2840,64,Emily Salazar,emily.salazar93@gmail.com,100,1,62.0,2026-05-13
2841,34,Camila Paspuel,camila.paspuel92@gmail.com,73,1,25.01,2026-05-20
2842,44,Fernanda Torres,fernanda.torres34@gmail.com,192,1,46.72,2026-05-13
2843,85,Fernanda Herrera,fernanda.herrera13@gmail.com,12,1,31.44,2026-05-06
2844,86,Maria Flores,maria.flores52@gmail.com,76,1,29.12,2026-05-02
2845,2,Carlos Suarez,carlos.suarez87@gmail.com,66,1,15.42,2026-05-09
2846,10,Sofia Torres,sofia.torres60@gmail.com,16,1,36.92,2026-05-08
2847,69,Lucia Herrera,lucia.herrera62@gmail.com,127,1,98.99,2026-05-22
2848,69,Lucia Herrera,lucia.herrera62@gmail.com,173,1,72.01,2026-05-22
2849,70,Diana Ruiz,diana.ruiz90@gmail.com,100,1,62.0,2026-05-08
2850,72,Mateo Paspuel,mateo.paspuel64@gmail.com,181,1,25.71,2026-05-26
2851,27,Luis Mora,luis.mora33@gmail.com,54,1,88.98,2026-05-17
2852,91,Camila Acosta,camila.acosta41@gmail.com,98,1,59.26,2026-05-25
2853,4,Pedro Salazar,pedro.salazar91@gmail.com,118,1,86.66,2026-05-13
2854,53,Fernanda Paspuel,fernanda.paspuel45@gmail.com,31,1,57.47,2026-05-28
2855,80,Mateo Gomez,mateo.gomez40@gmail.com,161,1,55.57,2026-05-05
2856,76,Maria Gomez,maria.gomez80@gmail.com,132,1,15.84,2026-05-08
2857,64,Emily Salazar,emily.salazar93@gmail.com,96,1,56.52,2026-05-05
2858,32,Pedro Cruz,pedro.cruz61@gmail.com,135,1,19.95,2026-05-30
2859,54,Diego Flores,diego.flores78@gmail.com,80,1,34.6,2026-05-09
2860,82,Sofia Romero,sofia.romero21@gmail.com,169,1,66.53,2026-05-28
2861,61,Ana Benitez,ana.benitez19@gmail.com,22,1,45.14,2026-05-19
2862,48,Miguel Torres,miguel.torres90@gmail.com,50,1,83.5,2026-05-23
2863,85,Fernanda Herrera,fernanda.herrera13@gmail.com,47,1,79.39,2026-05-10
2864,6,Andres Flores,andres.flores67@gmail.com,174,1,73.38,2026-05-23
2865,19,Diana Romero,diana.romero86@gmail.com,130,1,103.1,2026-05-28
2866,50,Juan Castro,juan.castro81@gmail.com,42,1,72.54,2026-05-26
2867,43,Jose Rojas,jose.rojas67@gmail.com,55,1,90.35,2026-05-22
2868,95,Ana Cruz,ana.cruz50@gmail.com,198,1,58.18,2026-05-30
2869,52,Camila Mora,camila.mora82@gmail.com,27,1,51.99,2026-05-30
2870,25,Diego Suarez,diego.suarez45@gmail.com,165,1,61.05,2026-05-20
2871,18,Diego Lopez,diego.lopez92@gmail.com,103,1,66.11,2026-05-17
2872,83,Maria Castro,maria.castro9@gmail.com,190,1,42.9,2026-05-23
2873,63,Luis Salazar,luis.salazar83@gmail.com,51,1,84.87,2026-05-04
2874,53,Fernanda Paspuel,fernanda.paspuel45@gmail.com,180,1,81.6,2026-05-04
2875,16,Miguel Romero,miguel.romero59@gmail.com,20,1,42.4,2026-05-08
2876,4,Pedro Salazar,pedro.salazar91@gmail.com,5,1,21.85,2026-05-02
2877,18,Diego Lopez,diego.lopez92@gmail.com,33,1,60.21,2026-05-27
2878,47,Valeria Benitez,valeria.benitez19@gmail.com,108,1,72.96,2026-05-21
2879,58,Carlos Vega,carlos.vega32@gmail.com,30,1,56.1,2026-05-22
2880,58,Carlos Vega,carlos.vega32@gmail.com,47,1,79.39,2026-05-07
2881,98,Ana Navarro,ana.navarro44@gmail.com,132,1,15.84,2026-05-30
2882,72,Mateo Paspuel,mateo.paspuel64@gmail.com,28,1,53.36,2026-05-30
2883,38,Lucia Castro,lucia.castro3@gmail.com,72,1,23.64,2026-05-02
2884,74,Ana Mora,ana.mora16@gmail.com,104,1,67.48,2026-05-25
2885,62,Diego Perez,diego.perez69@gmail.com,126,1,97.62,2026-05-03
2886,93,Fernanda Benitez,fernanda.benitez10@gmail.com,169,1,66.53,2026-05-22
2887,26,Pedro Castro,pedro.castro94@gmail.com,174,1,73.38,2026-05-11
2888,61,Ana Benitez,ana.benitez19@gmail.com,94,1,53.78,2026-05-09
2889,71,Mateo Navarro,mateo.navarro72@gmail.com,52,1,86.24,2026-05-05
2890,33,Emily Ruiz,emily.ruiz87@gmail.com,112,1,78.44,2026-05-09
2891,12,Sofia Gomez,sofia.gomez66@gmail.com,118,1,86.66,2026-05-05
2892,6,Andres Flores,andres.flores67@gmail.com,84,1,40.08,2026-05-24
2893,7,Miguel Flores,miguel.flores68@gmail.com,25,1,49.25,2026-05-24
2894,91,Camila Acosta,camila.acosta41@gmail.com,88,1,45.56,2026-05-07
2895,8,Paula Benitez,paula.benitez90@gmail.com,122,1,92.14,2026-05-06
2896,63,Luis Salazar,luis.salazar83@gmail.com,70,1,20.9,2026-05-23
2897,43,Jose Rojas,jose.rojas67@gmail.com,68,1,18.16,2026-05-26
2898,44,Fernanda Torres,fernanda.torres34@gmail.com,67,1,16.79,2026-05-12
2899,4,Pedro Salazar,pedro.salazar91@gmail.com,37,1,65.69,2026-05-21
2900,61,Ana Benitez,ana.benitez19@gmail.com,180,1,81.6,2026-05-07
2901,18,Diego Lopez,diego.lopez92@gmail.com,95,1,55.15,2026-05-17
2902,30,Lucia Acosta,lucia.acosta28@gmail.com,25,1,49.25,2026-05-30
2903,34,Camila Paspuel,camila.paspuel92@gmail.com,116,1,83.92,2026-05-14
2904,48,Miguel Torres,miguel.torres90@gmail.com,4,1,20.48,2026-05-07
2905,7,Miguel Flores,miguel.flores68@gmail.com,67,1,16.79,2026-05-01
2906,90,Andres Ruiz,andres.ruiz70@gmail.com,49,1,82.13,2026-05-29
2907,94,Valeria Flores,valeria.flores75@gmail.com,176,1,76.12,2026-05-08
2908,99,Valeria Herrera,valeria.herrera1@gmail.com,85,1,41.45,2026-05-03
2909,38,Lucia Castro,lucia.castro3@gmail.com,79,1,33.23,2026-05-06
2910,70,Diana Ruiz,diana.ruiz90@gmail.com,147,1,36.39,2026-05-06
2911,51,Daniel Gomez,daniel.gomez14@gmail.com,16,1,36.92,2026-05-28
2912,45,Fernanda Ruiz,fernanda.ruiz48@gmail.com,197,1,56.27,2026-05-19
2913,82,Sofia Romero,sofia.romero21@gmail.com,52,1,86.24,2026-05-25
2914,64,Emily Salazar,emily.salazar93@gmail.com,52,1,86.24,2026-05-14
2915,61,Ana Benitez,ana.benitez19@gmail.com,125,1,96.25,2026-05-11
2916,66,Daniel Cruz,daniel.cruz12@gmail.com,73,1,25.01,2026-05-24
2917,100,Ana Torres,ana.torres87@gmail.com,82,1,37.34,2026-05-22
2918,1,Jose Suarez,jose.suarez11@gmail.com,45,1,76.65,2026-05-03
2919,71,Mateo Navarro,mateo.navarro72@gmail.com,199,1,60.09,2026-05-25
2920,74,Ana Mora,ana.mora16@gmail.com,186,1,35.26,2026-05-24
2921,80,Mateo Gomez,mateo.gomez40@gmail.com,44,1,75.28,2026-05-23
2922,27,Luis Mora,luis.mora33@gmail.com,188,1,39.08,2026-05-22
2923,16,Miguel Romero,miguel.romero59@gmail.com,1,1,16.37,2026-05-16
2924,14,Luis Flores,luis.flores15@gmail.com,189,1,40.99,2026-05-07
2925,92,Paula Torres,paula.torres53@gmail.com,64,1,102.68,2026-05-11
2926,33,Emily Ruiz,emily.ruiz87@gmail.com,35,1,62.95,2026-05-03
2927,66,Daniel Cruz,daniel.cruz12@gmail.com,24,1,47.88,2026-05-24
2928,85,Fernanda Herrera,fernanda.herrera13@gmail.com,53,1,87.61,2026-05-12
2929,34,Camila Paspuel,camila.paspuel92@gmail.com,71,1,22.27,2026-05-10
2930,61,Ana Benitez,ana.benitez19@gmail.com,181,1,25.71,2026-05-17
2931,71,Mateo Navarro,mateo.navarro72@gmail.com,64,1,102.68,2026-05-29
2932,44,Fernanda Torres,fernanda.torres34@gmail.com,98,1,59.26,2026-05-05
2933,2,Carlos Suarez,carlos.suarez87@gmail.com,82,1,37.34,2026-05-01
2934,32,Pedro Cruz,pedro.cruz61@gmail.com,33,1,60.21,2026-05-18
2935,72,Mateo Paspuel,mateo.paspuel64@gmail.com,150,1,40.5,2026-05-08
2936,14,Luis Flores,luis.flores15@gmail.com,112,1,78.44,2026-05-06
2937,17,Pedro Gomez,pedro.gomez67@gmail.com,105,1,68.85,2026-05-04
2938,57,Luis Acosta,luis.acosta47@gmail.com,15,1,35.55,2026-05-23
2939,1,Jose Suarez,jose.suarez11@gmail.com,18,1,39.66,2026-05-29
2940,9,Miguel Mora,miguel.mora18@gmail.com,7,1,24.59,2026-05-03
2941,81,Carlos Perez,carlos.perez8@gmail.com,27,1,51.99,2026-05-13
2942,9,Miguel Mora,miguel.mora18@gmail.com,172,1,70.64,2026-05-24
2943,87,Emily Paspuel,emily.paspuel93@gmail.com,38,1,67.06,2026-05-20
2944,85,Fernanda Herrera,fernanda.herrera13@gmail.com,10,1,28.7,2026-05-05
2945,8,Paula Benitez,paula.benitez90@gmail.com,132,1,15.84,2026-05-13
2946,57,Luis Acosta,luis.acosta47@gmail.com,116,1,83.92,2026-05-28
2947,12,Sofia Gomez,sofia.gomez66@gmail.com,113,1,79.81,2026-05-16
2948,1,Jose Suarez,jose.suarez11@gmail.com,188,1,39.08,2026-05-23
2949,74,Ana Mora,ana.mora16@gmail.com,10,1,28.7,2026-05-16
2950,38,Lucia Castro,lucia.castro3@gmail.com,149,1,39.13,2026-05-23
2951,2,Carlos Suarez,carlos.suarez87@gmail.com,19,1,41.03,2026-05-28
2952,11,Ana Flores,ana.flores99@gmail.com,190,1,42.9,2026-05-22
2953,70,Diana Ruiz,diana.ruiz90@gmail.com,118,1,86.66,2026-05-24
2954,35,Ana Lopez,ana.lopez61@gmail.com,85,1,41.45,2026-05-14
2955,64,Emily Salazar,emily.salazar93@gmail.com,90,1,48.3,2026-05-22
2956,15,Jose Castro,jose.castro82@gmail.com,13,1,32.81,2026-05-23
2957,23,Camila Castro,camila.castro71@gmail.com,29,1,54.73,2026-05-08
2958,69,Lucia Herrera,lucia.herrera62@gmail.com,166,1,62.42,2026-05-23
2959,85,Fernanda Herrera,fernanda.herrera13@gmail.com,172,1,70.64,2026-05-13
2960,97,Diego Rojas,diego.rojas44@gmail.com,48,1,80.76,2026-05-19
2961,50,Juan Castro,juan.castro81@gmail.com,136,1,21.32,2026-05-17
2962,96,Mateo Mora,mateo.mora34@gmail.com,64,1,102.68,2026-05-05
2963,73,Miguel Navarro,miguel.navarro4@gmail.com,5,1,21.85,2026-05-02
2964,87,Emily Paspuel,emily.paspuel93@gmail.com,94,1,53.78,2026-05-19
2965,51,Daniel Gomez,daniel.gomez14@gmail.com,179,1,80.23,2026-05-26
2966,50,Juan Castro,juan.castro81@gmail.com,161,1,55.57,2026-05-14
2967,20,Carlos Lopez,carlos.lopez18@gmail.com,78,1,31.86,2026-05-01
2968,34,Camila Paspuel,camila.paspuel92@gmail.com,27,1,51.99,2026-05-29
2969,33,Emily Ruiz,emily.ruiz87@gmail.com,146,1,35.02,2026-05-28
2970,20,Carlos Lopez,carlos.lopez18@gmail.com,72,1,23.64,2026-05-12
2971,15,Jose Castro,jose.castro82@gmail.com,54,1,88.98,2026-05-16
2972,18,Diego Lopez,diego.lopez92@gmail.com,191,1,44.81,2026-05-25
2973,62,Diego Perez,diego.perez69@gmail.com,135,1,19.95,2026-05-22
2974,71,Mateo Navarro,mateo.navarro72@gmail.com,79,1,33.23,2026-05-29
2975,64,Emily Salazar,emily.salazar93@gmail.com,200,1,62.0,2026-05-18
2976,41,Luis Gomez,luis.gomez94@gmail.com,95,1,55.15,2026-05-29
2977,80,Mateo Gomez,mateo.gomez40@gmail.com,172,1,70.64,2026-05-27
2978,88,Sofia Paspuel,sofia.paspuel45@gmail.com,68,1,18.16,2026-05-03
2979,8,Paula Benitez,paula.benitez90@gmail.com,149,1,39.13,2026-05-09
2980,36,Andres Rojas,andres.rojas47@gmail.com,141,1,28.17,2026-05-12
2981,21,Lucia Suarez,lucia.suarez43@gmail.com,73,1,25.01,2026-05-02
2982,8,Paula Benitez,paula.benitez90@gmail.com,196,1,54.36,2026-05-23
2983,58,Carlos Vega,carlos.vega32@gmail.com,66,1,15.42,2026-05-28
2984,100,Ana Torres,ana.torres87@gmail.com,126,1,97.62,2026-05-01
2985,48,Miguel Torres,miguel.torres90@gmail.com,71,1,22.27,2026-05-15
2986,47,Valeria Benitez,valeria.benitez19@gmail.com,190,1,42.9,2026-05-15
2987,11,Ana Flores,ana.flores99@gmail.com,66,1,15.42,2026-05-12
2988,77,Jose Lopez,jose.lopez69@gmail.com,182,1,27.62,2026-05-22
2989,12,Sofia Gomez,sofia.gomez66@gmail.com,53,1,87.61,2026-05-21
2990,27,Luis Mora,luis.mora33@gmail.com,135,1,19.95,2026-05-14
2991,45,Fernanda Ruiz,fernanda.ruiz48@gmail.com,82,1,37.34,2026-05-11
2992,76,Maria Gomez,maria.gomez80@gmail.com,153,1,44.61,2026-05-21
2993,85,Fernanda Herrera,fernanda.herrera13@gmail.com,147,1,36.39,2026-05-10
2994,31,Jose Perez,jose.perez2@gmail.com,30,1,56.1,2026-05-18
2995,16,Miguel Romero,miguel.romero59@gmail.com,200,1,62.0,2026-05-08
2996,76,Maria Gomez,maria.gomez80@gmail.com,44,1,75.28,2026-05-14
2997,72,Mateo Paspuel,mateo.paspuel64@gmail.com,131,1,104.47,2026-05-23
2998,57,Luis Acosta,luis.acosta47@gmail.com,85,1,41.45,2026-05-16
2999,42,Fernanda Navarro,fernanda.navarro34@gmail.com,72,1,23.64,2026-05-11
3000,33,Emily Ruiz,emily.ruiz87@gmail.com,106,1,70.22,2026-05-27
3001,18,Diego Lopez,diego.lopez92@gmail.com,94,1,53.78,2026-05-24
3002,26,Pedro Castro,pedro.castro94@gmail.com,83,1,38.71,2026-05-12
3003,88,Sofia Paspuel,sofia.paspuel45@gmail.com,68,1,18.16,2026-05-21
3004,89,Ana Gomez,ana.gomez98@gmail.com,43,1,73.91,2026-05-27
3005,55,Ana Acosta,ana.acosta99@gmail.com,128,1,100.36,2026-05-26
3006,65,Paula Vega,paula.vega31@gmail.com,174,1,73.38,2026-05-15
3007,81,Carlos Perez,carlos.perez8@gmail.com,70,1,20.9,2026-05-17
3008,77,Jose Lopez,jose.lopez69@gmail.com,98,1,59.26,2026-05-29
3009,6,Andres Flores,andres.flores67@gmail.com,32,1,58.84,2026-05-17
3010,43,Jose Rojas,jose.rojas67@gmail.com,144,1,32.28,2026-05-05
3011,80,Mateo Gomez,mateo.gomez40@gmail.com,86,1,42.82,2026-05-09
3012,98,Ana Navarro,ana.navarro44@gmail.com,85,1,41.45,2026-05-17
3013,78,Emily Herrera,emily.herrera26@gmail.com,20,1,42.4,2026-05-15
3014,91,Camila Acosta,camila.acosta41@gmail.com,197,1,56.27,2026-05-19
3015,29,Mateo Romero,mateo.romero24@gmail.com,146,1,35.02,2026-05-14
3016,91,Camila Acosta,camila.acosta41@gmail.com,171,1,69.27,2026-05-19
3017,3,Daniel Suarez,daniel.suarez49@gmail.com,10,1,28.7,2026-05-25
3018,52,Camila Mora,camila.mora82@gmail.com,82,1,37.34,2026-05-06
3019,48,Miguel Torres,miguel.torres90@gmail.com,57,1,93.09,2026-05-01
3020,75,Miguel Vega,miguel.vega53@gmail.com,106,1,70.22,2026-05-04
3021,48,Miguel Torres,miguel.torres90@gmail.com,177,1,77.49,2026-05-14
3022,8,Paula Benitez,paula.benitez90@gmail.com,151,1,41.87,2026-05-11
3023,37,Camila Rojas,camila.rojas50@gmail.com,111,1,77.07,2026-05-23
3024,50,Juan Castro,juan.castro81@gmail.com,74,1,26.38,2026-05-06
3025,71,Mateo Navarro,mateo.navarro72@gmail.com,42,1,72.54,2026-05-22
3026,72,Mateo Paspuel,mateo.paspuel64@gmail.com,57,1,93.09,2026-05-23
3027,24,Jose Gomez,jose.gomez27@gmail.com,4,1,20.48,2026-05-15
3028,95,Ana Cruz,ana.cruz50@gmail.com,138,1,24.06,2026-05-08
3029,71,Mateo Navarro,mateo.navarro72@gmail.com,115,1,82.55,2026-05-06
3030,23,Camila Castro,camila.castro71@gmail.com,78,1,31.86,2026-05-19
3031,85,Fernanda Herrera,fernanda.herrera13@gmail.com,163,1,58.31,2026-05-19
3032,17,Pedro Gomez,pedro.gomez67@gmail.com,90,1,48.3,2026-05-05
3033,30,Lucia Acosta,lucia.acosta28@gmail.com,159,1,52.83,2026-05-04
3034,45,Fernanda Ruiz,fernanda.ruiz48@gmail.com,134,1,18.58,2026-05-15
3035,27,Luis Mora,luis.mora33@gmail.com,78,1,31.86,2026-05-28
3036,25,Diego Suarez,diego.suarez45@gmail.com,54,1,88.98,2026-05-18
3037,93,Fernanda Benitez,fernanda.benitez10@gmail.com,87,1,44.19,2026-05-08
3038,48,Miguel Torres,miguel.torres90@gmail.com,177,1,77.49,2026-05-25
3039,15,Jose Castro,jose.castro82@gmail.com,37,1,65.69,2026-05-18
3040,65,Paula Vega,paula.vega31@gmail.com,158,1,51.46,2026-05-29
3041,27,Luis Mora,luis.mora33@gmail.com,32,1,58.84,2026-05-26
3042,15,Jose Castro,jose.castro82@gmail.com,38,1,67.06,2026-05-18
3043,32,Pedro Cruz,pedro.cruz61@gmail.com,79,1,33.23,2026-05-16
3044,47,Valeria Benitez,valeria.benitez19@gmail.com,60,1,97.2,2026-05-24
3045,38,Lucia Castro,lucia.castro3@gmail.com,83,1,38.71,2026-05-17
3046,90,Andres Ruiz,andres.ruiz70@gmail.com,174,1,73.38,2026-05-17
3047,80,Mateo Gomez,mateo.gomez40@gmail.com,13,1,32.81,2026-05-05
3048,76,Maria Gomez,maria.gomez80@gmail.com,30,1,56.1,2026-05-14
3049,82,Sofia Romero,sofia.romero21@gmail.com,153,1,44.61,2026-05-28
3050,96,Mateo Mora,mateo.mora34@gmail.com,102,1,64.74,2026-05-11
3051,6,Andres Flores,andres.flores67@gmail.com,22,1,45.14,2026-05-02
3052,60,Diana Torres,diana.torres20@gmail.com,97,1,57.89,2026-05-02
3053,12,Sofia Gomez,sofia.gomez66@gmail.com,56,1,91.72,2026-05-28
3054,43,Jose Rojas,jose.rojas67@gmail.com,9,1,27.33,2026-05-02
3055,45,Fernanda Ruiz,fernanda.ruiz48@gmail.com,39,1,68.43,2026-05-29
3056,20,Carlos Lopez,carlos.lopez18@gmail.com,11,1,30.07,2026-05-10
3057,18,Diego Lopez,diego.lopez92@gmail.com,30,1,56.1,2026-05-08
3058,15,Jose Castro,jose.castro82@gmail.com,78,1,31.86,2026-05-24
3059,94,Valeria Flores,valeria.flores75@gmail.com,181,1,25.71,2026-05-04
3060,97,Diego Rojas,diego.rojas44@gmail.com,128,1,100.36,2026-05-30
3061,17,Pedro Gomez,pedro.gomez67@gmail.com,57,1,93.09,2026-05-06
3062,82,Sofia Romero,sofia.romero21@gmail.com,153,1,44.61,2026-05-08
3063,22,Emily Perez,emily.perez82@gmail.com,36,1,64.32,2026-05-29
3064,1,Jose Suarez,jose.suarez11@gmail.com,103,1,66.11,2026-05-13
3065,6,Andres Flores,andres.flores67@gmail.com,81,1,35.97,2026-05-05
3066,44,Fernanda Torres,fernanda.torres34@gmail.com,131,1,104.47,2026-05-29
3067,16,Miguel Romero,miguel.romero59@gmail.com,142,1,29.54,2026-05-12
3068,50,Juan Castro,juan.castro81@gmail.com,155,1,47.35,2026-05-20
3069,85,Fernanda Herrera,fernanda.herrera13@gmail.com,183,1,29.53,2026-05-20
3070,97,Diego Rojas,diego.rojas44@gmail.com,80,1,34.6,2026-05-15
3071,12,Sofia Gomez,sofia.gomez66@gmail.com,132,1,15.84,2026-05-14
3072,23,Camila Castro,camila.castro71@gmail.com,14,1,34.18,2026-05-06
3073,62,Diego Perez,diego.perez69@gmail.com,186,1,35.26,2026-05-13
3074,71,Mateo Navarro,mateo.navarro72@gmail.com,6,1,23.22,2026-05-07
3075,4,Pedro Salazar,pedro.salazar91@gmail.com,11,1,30.07,2026-05-26
3076,60,Diana Torres,diana.torres20@gmail.com,49,1,82.13,2026-05-18
3077,16,Miguel Romero,miguel.romero59@gmail.com,124,1,94.88,2026-05-06
3078,14,Luis Flores,luis.flores15@gmail.com,127,1,98.99,2026-05-04
3079,5,Daniel Acosta,daniel.acosta85@gmail.com,195,1,52.45,2026-05-21
3080,31,Jose Perez,jose.perez2@gmail.com,157,1,50.09,2026-05-06
3081,93,Fernanda Benitez,fernanda.benitez10@gmail.com,84,1,40.08,2026-05-22
3082,63,Luis Salazar,luis.salazar83@gmail.com,184,1,31.44,2026-05-03
3083,83,Maria Castro,maria.castro9@gmail.com,182,1,27.62,2026-05-29
3084,54,Diego Flores,diego.flores78@gmail.com,152,1,43.24,2026-05-04
3085,99,Valeria Herrera,valeria.herrera1@gmail.com,120,1,89.4,2026-05-20
3086,78,Emily Herrera,emily.herrera26@gmail.com,174,1,73.38,2026-05-02
3087,55,Ana Acosta,ana.acosta99@gmail.com,111,1,77.07,2026-05-30
3088,11,Ana Flores,ana.flores99@gmail.com,184,1,31.44,2026-05-12
3089,71,Mateo Navarro,mateo.navarro72@gmail.com,56,1,91.72,2026-05-30
3090,26,Pedro Castro,pedro.castro94@gmail.com,117,1,85.29,2026-05-09
3091,86,Maria Flores,maria.flores52@gmail.com,147,1,36.39,2026-05-18
3092,15,Jose Castro,jose.castro82@gmail.com,11,1,30.07,2026-05-14
3093,26,Pedro Castro,pedro.castro94@gmail.com,5,1,21.85,2026-05-14
3094,18,Diego Lopez,diego.lopez92@gmail.com,55,1,90.35,2026-05-01
3095,10,Sofia Torres,sofia.torres60@gmail.com,82,1,37.34,2026-05-09
3096,63,Luis Salazar,luis.salazar83@gmail.com,95,1,55.15,2026-05-06
3097,81,Carlos Perez,carlos.perez8@gmail.com,12,1,31.44,2026-05-16
3098,76,Maria Gomez,maria.gomez80@gmail.com,50,1,83.5,2026-05-13
3099,58,Carlos Vega,carlos.vega32@gmail.com,16,1,36.92,2026-05-08
3100,15,Jose Castro,jose.castro82@gmail.com,115,1,82.55,2026-05-16
