id_venta,fecha,id_usuario,usuario,correo,id_producto,producto,cantidad,precio_unitario,total
1,2026-05-05 17:18:14,72,Mateo Paspuel,mateo.paspuel64@gmail.com,80,Pantalon Relaxed Gris,3,34.6,103.8
2,2026-05-04 16:33:08,80,Mateo Gomez,mateo.gomez40@gmail.com,116,Chaqueta Cargo Negra,4,83.92,335.68
3,2026-05-30 14:48:00,79,Valeria Cruz,valeria.cruz58@gmail.com,35,Camisa Rayada Azul,1,62.95,62.95
4,2026-05-18 04:58:52,27,Luis Mora,luis.mora33@gmail.com,87,Hoodie Vintage Gris,1,44.19,44.19
5,2026-05-16 00:40:13,36,Andres Rojas,andres.rojas47@gmail.com,133,Short Oversize Beige,2,17.21,34.42
6,2026-05-01 17:13:06,96,Mateo Mora,mateo.mora34@gmail.com,150,Cadena Plateada,2,40.5,81.0
7,2026-05-26 10:56:17,85,Fernanda Herrera,fernanda.herrera13@gmail.com,181,Polo Oversize Negro,2,25.71,51.42
8,2026-05-26 07:16:09,97,Diego Rojas,diego.rojas44@gmail.com,31,Camisa Coreana Blanca,5,57.47,287.35
9,2026-05-02 01:33:37,42,Fernanda Navarro,fernanda.navarro34@gmail.com,88,Hoodie Streetwear Blanco,4,45.56,182.24
10,2026-05-16 16:31:12,31,Jose Perez,jose.perez2@gmail.com,115,Chaqueta Vintage Denim,3,82.55,247.65
11,2026-05-11 06:00:16,47,Valeria Benitez,valeria.benitez19@gmail.com,147,Beanie Blanco,2,36.39,72.78
12,2026-05-08 14:18:09,75,Miguel Vega,miguel.vega53@gmail.com,43,Jean Baggy Negro,1,73.91,73.91
13,2026-05-25 05:03:18,63,Luis Salazar,luis.salazar83@gmail.com,50,Jean Recto Negro,3,83.5,250.5
14,2026-05-28 15:46:29,90,Andres Ruiz,andres.ruiz70@gmail.com,176,Sneakers Vintage Rojos,4,76.12,304.48
15,2026-05-07 03:10:01,67,Miguel Paspuel,miguel.paspuel30@gmail.com,143,Gorra Roja,2,30.91,61.82
16,2026-05-03 16:40:32,49,Miguel Benitez,miguel.benitez4@gmail.com,193,Tank Top Streetwear Gris,1,48.63,48.63
17,2026-05-04 03:15:39,39,Ana Castro,ana.castro27@gmail.com,133,Short Oversize Beige,4,17.21,68.84
18,2026-05-10 13:52:18,88,Sofia Paspuel,sofia.paspuel45@gmail.com,2,Camiseta Basica Blanca,5,17.74,88.7
19,2026-05-27 07:35:35,43,Jose Rojas,jose.rojas67@gmail.com,154,Lentes Vintage,5,45.98,229.9
20,2026-05-29 12:12:53,17,Pedro Gomez,pedro.gomez67@gmail.com,85,Hoodie Graphic Rojo,4,41.45,165.8
21,2026-05-18 05:13:27,85,Fernanda Herrera,fernanda.herrera13@gmail.com,56,Jean Streetwear Gris,3,91.72,275.16
22,2026-05-08 16:23:44,100,Ana Torres,ana.torres87@gmail.com,11,Camiseta Retro 90s,4,30.07,120.28
23,2026-05-07 22:03:28,53,Fernanda Paspuel,fernanda.paspuel45@gmail.com,119,Chaqueta Windbreaker Azul,4,88.03,352.12
24,2026-05-17 16:48:48,70,Diana Ruiz,diana.ruiz90@gmail.com,81,Hoodie Oversize Negro,4,35.97,143.88
25,2026-05-30 18:04:06,45,Fernanda Ruiz,fernanda.ruiz48@gmail.com,71,Pantalon Formal Azul,2,22.27,44.54
26,2026-05-01 22:22:12,16,Miguel Romero,miguel.romero59@gmail.com,122,Short Deportivo Gris,5,92.14,460.7
27,2026-05-19 12:23:52,15,Jose Castro,jose.castro82@gmail.com,169,Zapatos Casuales Beige,5,66.53,332.65
28,2026-05-01 12:36:40,57,Luis Acosta,luis.acosta47@gmail.com,57,Jean Loose Fit Azul,1,93.09,93.09
29,2026-05-24 05:56:52,84,Daniel Flores,daniel.flores75@gmail.com,62,Pantalon Cargo Beige,4,99.94,399.76
30,2026-05-30 12:07:00,64,Emily Salazar,emily.salazar93@gmail.com,187,Sudadera Boxy Fit Beige,2,37.17,74.34
31,2026-05-09 16:34:24,8,Paula Benitez,paula.benitez90@gmail.com,200,Chompa Retro Blanco,2,62.0,124.0
32,2026-05-22 01:15:49,24,Jose Gomez,jose.gomez27@gmail.com,60,Jean Acid Wash,1,97.2,97.2
33,2026-05-22 10:37:08,23,Camila Castro,camila.castro71@gmail.com,69,Pantalon Streetwear Gris,1,19.53,19.53
34,2026-05-05 05:54:14,75,Miguel Vega,miguel.vega53@gmail.com,105,Chaqueta Cuero Negra,2,68.85,137.7
35,2026-05-23 23:00:22,9,Miguel Mora,miguel.mora18@gmail.com,105,Chaqueta Cuero Negra,3,68.85,206.55
36,2026-05-26 11:22:53,33,Emily Ruiz,emily.ruiz87@gmail.com,182,Sudadera Vintage Blanco,1,27.62,27.62
37,2026-05-27 09:33:46,29,Mateo Romero,mateo.romero24@gmail.com,4,Camiseta Oversize Blanca,5,20.48,102.4
38,2026-05-08 01:01:21,8,Paula Benitez,paula.benitez90@gmail.com,109,Chaqueta Oversize Gris,2,74.33,148.66
39,2026-05-05 04:03:28,77,Jose Lopez,jose.lopez69@gmail.com,43,Jean Baggy Negro,5,73.91,369.55
40,2026-05-20 11:52:45,43,Jose Rojas,jose.rojas67@gmail.com,47,Jean Cargo Verde,1,79.39,79.39
41,2026-05-27 11:39:34,4,Pedro Salazar,pedro.salazar91@gmail.com,16,Camiseta Oversize Cafe,1,36.92,36.92
42,2026-05-04 14:14:27,32,Pedro Cruz,pedro.cruz61@gmail.com,119,Chaqueta Windbreaker Azul,4,88.03,352.12
43,2026-05-11 03:26:07,30,Lucia Acosta,lucia.acosta28@gmail.com,124,Short Baggy Beige,4,94.88,379.52
44,2026-05-09 18:41:30,49,Miguel Benitez,miguel.benitez4@gmail.com,109,Chaqueta Oversize Gris,2,74.33,148.66
45,2026-05-18 00:39:30,15,Jose Castro,jose.castro82@gmail.com,44,Jean Baggy Gris,2,75.28,150.56
46,2026-05-10 23:15:30,39,Ana Castro,ana.castro27@gmail.com,39,Camisa Estampada Negra,4,68.43,273.72
47,2026-05-27 18:55:06,30,Lucia Acosta,lucia.acosta28@gmail.com,83,Hoodie Oversize Gris,5,38.71,193.55
48,2026-05-26 01:53:43,95,Ana Cruz,ana.cruz50@gmail.com,106,Chaqueta Varsity Roja,3,70.22,210.66
49,2026-05-02 19:18:47,79,Valeria Cruz,valeria.cruz58@gmail.com,134,Short Skate Negro,4,18.58,74.32
50,2026-05-21 12:25:05,62,Diego Perez,diego.perez69@gmail.com,156,Mochila Streetwear,3,48.72,146.16
51,2026-05-10 03:33:58,90,Andres Ruiz,andres.ruiz70@gmail.com,182,Sudadera Vintage Blanco,5,27.62,138.1
52,2026-05-11 19:21:32,86,Maria Flores,maria.flores52@gmail.com,31,Camisa Coreana Blanca,1,57.47,57.47
53,2026-05-27 15:02:43,67,Miguel Paspuel,miguel.paspuel30@gmail.com,30,Camisa Manga Corta Azul,4,56.1,224.4
54,2026-05-25 07:50:19,27,Luis Mora,luis.mora33@gmail.com,106,Chaqueta Varsity Roja,5,70.22,351.1
55,2026-05-30 13:26:42,35,Ana Lopez,ana.lopez61@gmail.com,44,Jean Baggy Gris,1,75.28,75.28
56,2026-05-20 00:18:04,4,Pedro Salazar,pedro.salazar91@gmail.com,195,Chompa Graphic Cafe,5,52.45,262.25
57,2026-05-26 22:12:55,53,Fernanda Paspuel,fernanda.paspuel45@gmail.com,171,Sneakers Retro Gris,4,69.27,277.08
58,2026-05-24 15:13:24,8,Paula Benitez,paula.benitez90@gmail.com,89,Hoodie Streetwear Negro,3,46.93,140.79
59,2026-05-01 21:08:13,46,Daniel Mora,daniel.mora2@gmail.com,178,Tenis Deportivos Negros,1,78.86,78.86
60,2026-05-07 13:30:46,72,Mateo Paspuel,mateo.paspuel64@gmail.com,60,Jean Acid Wash,3,97.2,291.6
61,2026-05-15 01:28:51,81,Carlos Perez,carlos.perez8@gmail.com,87,Hoodie Vintage Gris,4,44.19,176.76
62,2026-05-01 03:46:59,67,Miguel Paspuel,miguel.paspuel30@gmail.com,12,Camiseta Minimalista Beige,4,31.44,125.76
63,2026-05-02 17:01:31,81,Carlos Perez,carlos.perez8@gmail.com,27,Camisa Satinada Plateada,4,51.99,207.96
64,2026-05-05 20:16:45,59,Luis Paspuel,luis.paspuel81@gmail.com,68,Pantalon Wide Leg Beige,4,18.16,72.64
65,2026-05-25 19:25:23,26,Pedro Castro,pedro.castro94@gmail.com,103,Chaqueta Bomber Negra,5,66.11,330.55
66,2026-05-19 09:32:37,8,Paula Benitez,paula.benitez90@gmail.com,59,Jean Urban Denim,3,95.83,287.49
67,2026-05-22 06:03:13,37,Camila Rojas,camila.rojas50@gmail.com,134,Short Skate Negro,2,18.58,37.16
68,2026-05-18 10:00:27,31,Jose Perez,jose.perez2@gmail.com,109,Chaqueta Oversize Gris,1,74.33,74.33
69,2026-05-06 08:56:15,92,Paula Torres,paula.torres53@gmail.com,59,Jean Urban Denim,1,95.83,95.83
70,2026-05-26 14:32:40,35,Ana Lopez,ana.lopez61@gmail.com,133,Short Oversize Beige,1,17.21,17.21
71,2026-05-17 22:56:38,50,Juan Castro,juan.castro81@gmail.com,168,Botas Urbanas Negras,2,65.16,130.32
72,2026-05-31 04:54:16,58,Carlos Vega,carlos.vega32@gmail.com,78,Pantalon Recto Beige,4,31.86,127.44
73,2026-05-13 20:30:35,68,Miguel Rojas,miguel.rojas85@gmail.com,37,Camisa Loose Fit Gris,5,65.69,328.45
74,2026-05-13 01:47:11,96,Mateo Mora,mateo.mora34@gmail.com,126,Short Running Azul,1,97.62,97.62
75,2026-05-17 13:51:50,3,Daniel Suarez,daniel.suarez49@gmail.com,71,Pantalon Formal Azul,2,22.27,44.54
76,2026-05-31 13:51:32,64,Emily Salazar,emily.salazar93@gmail.com,12,Camiseta Minimalista Beige,5,31.44,157.2
77,2026-05-05 08:12:09,14,Luis Flores,luis.flores15@gmail.com,30,Camisa Manga Corta Azul,3,56.1,168.3
78,2026-05-16 11:00:16,88,Sofia Paspuel,sofia.paspuel45@gmail.com,56,Jean Streetwear Gris,4,91.72,366.88
79,2026-05-23 06:48:25,100,Ana Torres,ana.torres87@gmail.com,76,Pantalon Techwear Negro,2,29.12,58.24
80,2026-05-29 09:58:18,34,Camila Paspuel,camila.paspuel92@gmail.com,163,Zapatillas Running Azul,1,58.31,58.31
81,2026-05-27 22:13:41,65,Paula Vega,paula.vega31@gmail.com,177,Tenis Deportivos Blancos,3,77.49,232.47
82,2026-05-08 01:29:42,65,Paula Vega,paula.vega31@gmail.com,13,Camiseta Acid Wash,2,32.81,65.62
83,2026-05-20 20:48:58,76,Maria Gomez,maria.gomez80@gmail.com,90,Hoodie Anime Tokyo,1,48.3,48.3
84,2026-05-14 13:36:20,57,Luis Acosta,luis.acosta47@gmail.com,133,Short Oversize Beige,1,17.21,17.21
85,2026-05-12 20:25:58,50,Juan Castro,juan.castro81@gmail.com,87,Hoodie Vintage Gris,1,44.19,44.19
86,2026-05-13 05:10:38,10,Sofia Torres,sofia.torres60@gmail.com,96,Hoodie Techwear Gris,4,56.52,226.08
87,2026-05-19 13:23:05,83,Maria Castro,maria.castro9@gmail.com,38,Camisa Vintage Cafe,2,67.06,134.12
88,2026-05-01 02:29:51,49,Miguel Benitez,miguel.benitez4@gmail.com,54,Jean Relaxed Fit Negro,3,88.98,266.94
89,2026-05-09 12:31:48,94,Valeria Flores,valeria.flores75@gmail.com,125,Short Cargo Verde,5,96.25,481.25
90,2026-05-19 01:37:20,73,Miguel Navarro,miguel.navarro4@gmail.com,170,Zapatos Formales Negros,4,67.9,271.6
91,2026-05-27 12:09:00,43,Jose Rojas,jose.rojas67@gmail.com,32,Camisa Lino Beige,5,58.84,294.2
92,2026-05-13 15:52:55,21,Lucia Suarez,lucia.suarez43@gmail.com,199,Conjunto Urban Negro,5,60.09,300.45
93,2026-05-07 11:00:39,12,Sofia Gomez,sofia.gomez66@gmail.com,172,Sneakers Chunky Blancos,4,70.64,282.56
94,2026-05-25 11:06:17,6,Andres Flores,andres.flores67@gmail.com,13,Camiseta Acid Wash,3,32.81,98.43
95,2026-05-21 23:02:47,33,Emily Ruiz,emily.ruiz87@gmail.com,32,Camisa Lino Beige,3,58.84,176.52
96,2026-05-30 05:49:26,22,Emily Perez,emily.perez82@gmail.com,198,Tank Top Loose Fit Color191,3,58.18,174.54
97,2026-05-01 01:20:08,94,Valeria Flores,valeria.flores75@gmail.com,59,Jean Urban Denim,3,95.83,287.49
98,2026-05-07 15:16:56,85,Fernanda Herrera,fernanda.herrera13@gmail.com,70,Pantalon Streetwear Negro,1,20.9,20.9
99,2026-05-26 10:02:09,3,Daniel Suarez,daniel.suarez49@gmail.com,175,Sneakers Skate Azules,3,74.75,224.25
100,2026-05-28 14:01:04,20,Carlos Lopez,carlos.lopez18@gmail.com,193,Tank Top Streetwear Gris,4,48.63,194.52
101,2026-05-30 10:23:22,30,Lucia Acosta,lucia.acosta28@gmail.com,60,Jean Acid Wash,2,97.2,194.4
102,2026-05-23 17:56:39,16,Miguel Romero,miguel.romero59@gmail.com,38,Camisa Vintage Cafe,4,67.06,268.24
103,2026-05-27 05:02:25,84,Daniel Flores,daniel.flores75@gmail.com,188,Tank Top Loose Fit Cafe,1,39.08,39.08
104,2026-05-27 22:18:34,71,Mateo Navarro,mateo.navarro72@gmail.com,186,Polo Acid Wash Gris,5,35.26,176.3
105,2026-05-18 04:10:38,64,Emily Salazar,emily.salazar93@gmail.com,158,Riñonera Gris,5,51.46,257.3
106,2026-05-21 12:55:56,64,Emily Salazar,emily.salazar93@gmail.com,126,Short Running Azul,4,97.62,390.48
107,2026-05-05 04:21:23,13,Luis Lopez,luis.lopez65@gmail.com,70,Pantalon Streetwear Negro,1,20.9,20.9
108,2026-05-19 12:54:01,61,Ana Benitez,ana.benitez19@gmail.com,97,Hoodie Urban Blue,2,57.89,115.78
109,2026-05-09 19:18:40,57,Luis Acosta,luis.acosta47@gmail.com,73,Pantalon Deportivo Blanco,1,25.01,25.01
110,2026-05-25 12:38:31,64,Emily Salazar,emily.salazar93@gmail.com,102,Chaqueta Denim Negra,5,64.74,323.7
111,2026-05-04 14:06:16,13,Luis Lopez,luis.lopez65@gmail.com,100,Hoodie Monocromatico,3,62.0,186.0
112,2026-05-12 16:24:57,21,Lucia Suarez,lucia.suarez43@gmail.com,116,Chaqueta Cargo Negra,4,83.92,335.68
113,2026-05-05 21:04:33,11,Ana Flores,ana.flores99@gmail.com,105,Chaqueta Cuero Negra,2,68.85,137.7
114,2026-05-28 12:21:20,13,Luis Lopez,luis.lopez65@gmail.com,130,Short Casual Blanco,3,103.1,309.3
115,2026-05-30 19:48:02,81,Carlos Perez,carlos.perez8@gmail.com,38,Camisa Vintage Cafe,5,67.06,335.3
116,2026-05-06 18:07:51,62,Diego Perez,diego.perez69@gmail.com,72,Pantalon Formal Negro,3,23.64,70.92
117,2026-05-27 02:23:39,43,Jose Rojas,jose.rojas67@gmail.com,18,Camiseta Hip Hop,2,39.66,79.32
118,2026-05-14 10:25:44,17,Pedro Gomez,pedro.gomez67@gmail.com,97,Hoodie Urban Blue,3,57.89,173.67
119,2026-05-11 09:15:50,30,Lucia Acosta,lucia.acosta28@gmail.com,114,Chaqueta Techwear Gris,5,81.18,405.9
120,2026-05-09 14:25:50,8,Paula Benitez,paula.benitez90@gmail.com,34,Camisa Streetwear Negra,5,61.58,307.9
121,2026-05-06 10:26:26,74,Ana Mora,ana.mora16@gmail.com,193,Tank Top Streetwear Gris,2,48.63,97.26
122,2026-05-23 20:19:17,88,Sofia Paspuel,sofia.paspuel45@gmail.com,172,Sneakers Chunky Blancos,3,70.64,211.92
123,2026-05-01 17:10:45,3,Daniel Suarez,daniel.suarez49@gmail.com,160,Medias Negras,1,54.2,54.2
124,2026-05-07 07:43:54,29,Mateo Romero,mateo.romero24@gmail.com,41,Jean Baggy Azul Claro,4,71.17,284.68
125,2026-05-30 02:35:55,90,Andres Ruiz,andres.ruiz70@gmail.com,84,Hoodie Oversize Beige,2,40.08,80.16
126,2026-05-31 09:15:36,46,Daniel Mora,daniel.mora2@gmail.com,114,Chaqueta Techwear Gris,5,81.18,405.9
127,2026-05-20 02:10:12,10,Sofia Torres,sofia.torres60@gmail.com,77,Pantalon Casual Cafe,4,30.49,121.96
128,2026-05-09 00:22:28,75,Miguel Vega,miguel.vega53@gmail.com,162,Zapatillas Urbanas Negras,1,56.94,56.94
129,2026-05-25 06:12:14,65,Paula Vega,paula.vega31@gmail.com,147,Beanie Blanco,3,36.39,109.17
130,2026-05-02 16:58:28,85,Fernanda Herrera,fernanda.herrera13@gmail.com,23,Camisa Flannel Roja,1,46.51,46.51
131,2026-05-10 11:18:04,79,Valeria Cruz,valeria.cruz58@gmail.com,116,Chaqueta Cargo Negra,4,83.92,335.68
132,2026-05-31 08:19:14,59,Luis Paspuel,luis.paspuel81@gmail.com,35,Camisa Rayada Azul,5,62.95,314.75
133,2026-05-09 15:37:59,61,Ana Benitez,ana.benitez19@gmail.com,151,Cadena Dorada,5,41.87,209.35
134,2026-05-15 10:21:44,31,Jose Perez,jose.perez2@gmail.com,125,Short Cargo Verde,2,96.25,192.5
135,2026-05-06 10:06:05,10,Sofia Torres,sofia.torres60@gmail.com,195,Chompa Graphic Cafe,2,52.45,104.9
136,2026-05-30 04:44:55,7,Miguel Flores,miguel.flores68@gmail.com,175,Sneakers Skate Azules,3,74.75,224.25
137,2026-05-16 08:29:03,37,Camila Rojas,camila.rojas50@gmail.com,181,Polo Oversize Negro,1,25.71,25.71
138,2026-05-21 11:24:08,77,Jose Lopez,jose.lopez69@gmail.com,51,Jean Destroyed Azul,3,84.87,254.61
139,2026-05-06 17:51:50,30,Lucia Acosta,lucia.acosta28@gmail.com,36,Camisa Slim Fit Blanca,3,64.32,192.96
140,2026-05-17 15:52:28,5,Daniel Acosta,daniel.acosta85@gmail.com,193,Tank Top Streetwear Gris,3,48.63,145.89
141,2026-05-17 04:08:57,16,Miguel Romero,miguel.romero59@gmail.com,174,Sneakers Minimalistas,5,73.38,366.9
142,2026-05-05 07:27:14,80,Mateo Gomez,mateo.gomez40@gmail.com,198,Tank Top Loose Fit Color191,5,58.18,290.9
143,2026-05-30 06:38:03,32,Pedro Cruz,pedro.cruz61@gmail.com,23,Camisa Flannel Roja,1,46.51,46.51
144,2026-05-14 10:07:49,26,Pedro Castro,pedro.castro94@gmail.com,49,Jean Recto Azul,1,82.13,82.13
145,2026-05-28 23:10:07,4,Pedro Salazar,pedro.salazar91@gmail.com,167,Botas Urbanas Cafe,3,63.79,191.37
146,2026-05-26 18:09:39,22,Emily Perez,emily.perez82@gmail.com,180,Zapatillas High Top,1,81.6,81.6
147,2026-05-13 20:52:20,5,Daniel Acosta,daniel.acosta85@gmail.com,92,Hoodie Minimalista Negro,5,51.04,255.2
148,2026-05-27 05:15:00,11,Ana Flores,ana.flores99@gmail.com,159,Medias Blancas,2,52.83,105.66
149,2026-05-06 04:35:45,6,Andres Flores,andres.flores67@gmail.com,93,Hoodie Zip Up Gris,1,52.41,52.41
150,2026-05-22 17:24:38,35,Ana Lopez,ana.lopez61@gmail.com,156,Mochila Streetwear,2,48.72,97.44
151,2026-05-05 10:17:52,56,Luis Cruz,luis.cruz91@gmail.com,135,Short Techwear Verde,1,19.95,19.95
152,2026-05-03 03:22:39,31,Jose Perez,jose.perez2@gmail.com,35,Camisa Rayada Azul,4,62.95,251.8
153,2026-05-22 02:26:23,83,Maria Castro,maria.castro9@gmail.com,18,Camiseta Hip Hop,5,39.66,198.3
154,2026-05-08 17:16:04,21,Lucia Suarez,lucia.suarez43@gmail.com,6,Camiseta Vintage Azul,5,23.22,116.1
155,2026-05-22 06:10:54,61,Ana Benitez,ana.benitez19@gmail.com,139,Short Acid Wash,5,25.43,127.15
156,2026-05-02 08:25:37,7,Miguel Flores,miguel.flores68@gmail.com,131,Short Vintage Denim,4,104.47,417.88
157,2026-05-15 22:30:22,67,Miguel Paspuel,miguel.paspuel30@gmail.com,193,Tank Top Streetwear Gris,5,48.63,243.15
158,2026-05-05 00:56:18,37,Camila Rojas,camila.rojas50@gmail.com,99,Hoodie College Green,5,60.63,303.15
159,2026-05-21 12:13:01,73,Miguel Navarro,miguel.navarro4@gmail.com,77,Pantalon Casual Cafe,4,30.49,121.96
160,2026-05-30 18:22:47,63,Luis Salazar,luis.salazar83@gmail.com,52,Jean Vintage Wash,5,86.24,431.2
161,2026-05-02 13:53:19,50,Juan Castro,juan.castro81@gmail.com,126,Short Running Azul,1,97.62,97.62
162,2026-05-20 15:22:12,98,Ana Navarro,ana.navarro44@gmail.com,123,Short Baggy Negro,4,93.51,374.04
163,2026-05-07 07:18:00,33,Emily Ruiz,emily.ruiz87@gmail.com,93,Hoodie Zip Up Gris,1,52.41,52.41
164,2026-05-27 10:17:49,27,Luis Mora,luis.mora33@gmail.com,87,Hoodie Vintage Gris,2,44.19,88.38
165,2026-05-28 22:11:51,68,Miguel Rojas,miguel.rojas85@gmail.com,87,Hoodie Vintage Gris,3,44.19,132.57
166,2026-05-30 08:59:21,74,Ana Mora,ana.mora16@gmail.com,114,Chaqueta Techwear Gris,4,81.18,324.72
167,2026-05-21 04:30:17,87,Emily Paspuel,emily.paspuel93@gmail.com,94,Hoodie Boxy Fit Negro,1,53.78,53.78
168,2026-05-25 05:38:02,21,Lucia Suarez,lucia.suarez43@gmail.com,177,Tenis Deportivos Blancos,1,77.49,77.49
169,2026-05-23 03:21:02,81,Carlos Perez,carlos.perez8@gmail.com,122,Short Deportivo Gris,4,92.14,368.56
170,2026-05-26 08:17:49,72,Mateo Paspuel,mateo.paspuel64@gmail.com,150,Cadena Plateada,3,40.5,121.5
171,2026-05-05 04:12:02,32,Pedro Cruz,pedro.cruz61@gmail.com,86,Hoodie Graphic Negro,2,42.82,85.64
172,2026-05-31 01:59:43,51,Daniel Gomez,daniel.gomez14@gmail.com,91,Hoodie Essentials Arena,3,49.67,149.01
173,2026-05-01 23:59:13,72,Mateo Paspuel,mateo.paspuel64@gmail.com,74,Pantalon Slim Fit Gris,2,26.38,52.76
174,2026-05-30 01:38:50,59,Luis Paspuel,luis.paspuel81@gmail.com,56,Jean Streetwear Gris,2,91.72,183.44
175,2026-05-28 21:49:52,64,Emily Salazar,emily.salazar93@gmail.com,191,Polo Oversize Rojo,3,44.81,134.43
176,2026-05-09 12:30:08,22,Emily Perez,emily.perez82@gmail.com,61,Pantalon Cargo Negro,1,98.57,98.57
177,2026-05-21 22:10:50,1,Jose Suarez,jose.suarez11@gmail.com,172,Sneakers Chunky Blancos,5,70.64,353.2
178,2026-05-13 07:23:58,87,Emily Paspuel,emily.paspuel93@gmail.com,81,Hoodie Oversize Negro,4,35.97,143.88
179,2026-05-02 12:00:49,68,Miguel Rojas,miguel.rojas85@gmail.com,112,Chaqueta Puffer Negra,3,78.44,235.32
180,2026-05-27 12:25:15,23,Camila Castro,camila.castro71@gmail.com,110,Chaqueta Impermeable Negra,4,75.7,302.8
181,2026-05-11 19:02:37,57,Luis Acosta,luis.acosta47@gmail.com,125,Short Cargo Verde,4,96.25,385.0
182,2026-05-11 22:53:12,54,Diego Flores,diego.flores78@gmail.com,192,Sudadera Vintage Verde,3,46.72,140.16
183,2026-05-30 18:44:51,97,Diego Rojas,diego.rojas44@gmail.com,36,Camisa Slim Fit Blanca,2,64.32,128.64
184,2026-05-10 19:26:58,17,Pedro Gomez,pedro.gomez67@gmail.com,105,Chaqueta Cuero Negra,3,68.85,206.55
185,2026-05-15 17:19:05,12,Sofia Gomez,sofia.gomez66@gmail.com,12,Camiseta Minimalista Beige,5,31.44,157.2
186,2026-05-23 10:09:35,74,Ana Mora,ana.mora16@gmail.com,119,Chaqueta Windbreaker Azul,4,88.03,352.12
187,2026-05-14 21:16:32,18,Diego Lopez,diego.lopez92@gmail.com,151,Cadena Dorada,4,41.87,167.48
188,2026-05-31 17:01:56,16,Miguel Romero,miguel.romero59@gmail.com,18,Camiseta Hip Hop,4,39.66,158.64
189,2026-05-24 18:04:09,98,Ana Navarro,ana.navarro44@gmail.com,188,Tank Top Loose Fit Cafe,1,39.08,39.08
190,2026-05-03 04:16:27,68,Miguel Rojas,miguel.rojas85@gmail.com,6,Camiseta Vintage Azul,5,23.22,116.1
191,2026-05-31 12:20:58,1,Jose Suarez,jose.suarez11@gmail.com,109,Chaqueta Oversize Gris,5,74.33,371.65
192,2026-05-29 03:11:04,65,Paula Vega,paula.vega31@gmail.com,99,Hoodie College Green,3,60.63,181.89
193,2026-05-22 18:42:35,63,Luis Salazar,luis.salazar83@gmail.com,75,Pantalon Tactical Verde,3,27.75,83.25
194,2026-05-25 15:07:57,26,Pedro Castro,pedro.castro94@gmail.com,56,Jean Streetwear Gris,1,91.72,91.72
195,2026-05-24 14:20:57,64,Emily Salazar,emily.salazar93@gmail.com,166,Converse Blancas,5,62.42,312.1
196,2026-05-06 11:40:01,89,Ana Gomez,ana.gomez98@gmail.com,17,Camiseta Skate,3,38.29,114.87
197,2026-05-27 00:42:38,91,Camila Acosta,camila.acosta41@gmail.com,82,Hoodie Oversize Blanco,4,37.34,149.36
198,2026-05-26 20:49:45,62,Diego Perez,diego.perez69@gmail.com,102,Chaqueta Denim Negra,1,64.74,64.74
199,2026-05-20 08:01:05,90,Andres Ruiz,andres.ruiz70@gmail.com,149,Cinturon Marron,3,39.13,117.39
200,2026-05-08 15:01:36,15,Jose Castro,jose.castro82@gmail.com,137,Short Minimalista Blanco,1,22.69,22.69
201,2026-05-30 09:38:57,14,Luis Flores,luis.flores15@gmail.com,70,Pantalon Streetwear Negro,4,20.9,83.6
202,2026-05-14 21:28:25,75,Miguel Vega,miguel.vega53@gmail.com,197,Sudadera Boxy Fit Celeste,2,56.27,112.54
203,2026-05-21 04:43:42,63,Luis Salazar,luis.salazar83@gmail.com,163,Zapatillas Running Azul,1,58.31,58.31
204,2026-05-15 22:59:08,66,Daniel Cruz,daniel.cruz12@gmail.com,6,Camiseta Vintage Azul,3,23.22,69.66
205,2026-05-15 23:44:30,100,Ana Torres,ana.torres87@gmail.com,68,Pantalon Wide Leg Beige,1,18.16,18.16
206,2026-05-11 06:43:25,18,Diego Lopez,diego.lopez92@gmail.com,13,Camiseta Acid Wash,3,32.81,98.43
207,2026-05-02 01:37:06,96,Mateo Mora,mateo.mora34@gmail.com,147,Beanie Blanco,5,36.39,181.95
208,2026-05-23 07:57:43,70,Diana Ruiz,diana.ruiz90@gmail.com,22,Camisa Formal Negra,4,45.14,180.56
209,2026-05-26 07:19:00,65,Paula Vega,paula.vega31@gmail.com,33,Camisa Oxford Celeste,1,60.21,60.21
210,2026-05-31 07:37:40,1,Jose Suarez,jose.suarez11@gmail.com,15,Camiseta Oversize Gris,1,35.55,35.55
211,2026-05-25 00:18:04,12,Sofia Gomez,sofia.gomez66@gmail.com,143,Gorra Roja,3,30.91,92.73
212,2026-05-20 16:53:42,62,Diego Perez,diego.perez69@gmail.com,75,Pantalon Tactical Verde,5,27.75,138.75
213,2026-05-03 22:51:36,85,Fernanda Herrera,fernanda.herrera13@gmail.com,135,Short Techwear Verde,4,19.95,79.8
214,2026-05-14 18:31:12,19,Diana Romero,diana.romero86@gmail.com,30,Camisa Manga Corta Azul,2,56.1,112.2
215,2026-05-10 23:18:19,77,Jose Lopez,jose.lopez69@gmail.com,30,Camisa Manga Corta Azul,5,56.1,280.5
216,2026-05-14 23:28:58,94,Valeria Flores,valeria.flores75@gmail.com,87,Hoodie Vintage Gris,5,44.19,220.95
217,2026-05-29 07:41:06,97,Diego Rojas,diego.rojas44@gmail.com,9,Camiseta Graphic Dragon,4,27.33,109.32
218,2026-05-21 04:49:19,47,Valeria Benitez,valeria.benitez19@gmail.com,9,Camiseta Graphic Dragon,5,27.33,136.65
219,2026-05-25 17:34:41,68,Miguel Rojas,miguel.rojas85@gmail.com,131,Short Vintage Denim,2,104.47,208.94
220,2026-05-23 22:19:36,20,Carlos Lopez,carlos.lopez18@gmail.com,60,Jean Acid Wash,4,97.2,388.8
221,2026-05-30 00:49:27,63,Luis Salazar,luis.salazar83@gmail.com,65,Pantalon Jogger Negro,2,104.05,208.1
222,2026-05-31 11:16:42,13,Luis Lopez,luis.lopez65@gmail.com,40,Camisa Denim Azul,5,69.8,349.0
223,2026-05-10 05:23:52,74,Ana Mora,ana.mora16@gmail.com,12,Camiseta Minimalista Beige,4,31.44,125.76
224,2026-05-19 01:54:05,74,Ana Mora,ana.mora16@gmail.com,181,Polo Oversize Negro,1,25.71,25.71
225,2026-05-21 15:24:01,53,Fernanda Paspuel,fernanda.paspuel45@gmail.com,46,Jean Skinny Negro,2,78.02,156.04
226,2026-05-06 13:49:27,56,Luis Cruz,luis.cruz91@gmail.com,32,Camisa Lino Beige,1,58.84,58.84
227,2026-05-28 18:59:51,78,Emily Herrera,emily.herrera26@gmail.com,199,Conjunto Urban Negro,3,60.09,180.27
228,2026-05-21 06:18:11,66,Daniel Cruz,daniel.cruz12@gmail.com,165,Converse Negras,1,61.05,61.05
229,2026-05-10 03:49:29,46,Daniel Mora,daniel.mora2@gmail.com,12,Camiseta Minimalista Beige,2,31.44,62.88
230,2026-05-30 01:33:25,71,Mateo Navarro,mateo.navarro72@gmail.com,40,Camisa Denim Azul,5,69.8,349.0
231,2026-05-29 20:21:36,94,Valeria Flores,valeria.flores75@gmail.com,198,Tank Top Loose Fit Color191,5,58.18,290.9
232,2026-05-20 10:27:04,56,Luis Cruz,luis.cruz91@gmail.com,114,Chaqueta Techwear Gris,5,81.18,405.9
233,2026-05-17 06:44:18,85,Fernanda Herrera,fernanda.herrera13@gmail.com,20,Camiseta Monocromatica,1,42.4,42.4
234,2026-05-27 03:36:11,81,Carlos Perez,carlos.perez8@gmail.com,20,Camiseta Monocromatica,1,42.4,42.4
235,2026-05-04 13:23:31,55,Ana Acosta,ana.acosta99@gmail.com,148,Cinturon Negro,1,37.76,37.76
236,2026-05-29 00:31:41,26,Pedro Castro,pedro.castro94@gmail.com,79,Pantalon Urban Fit,4,33.23,132.92
237,2026-05-16 01:34:06,89,Ana Gomez,ana.gomez98@gmail.com,174,Sneakers Minimalistas,4,73.38,293.52
238,2026-05-30 20:01:32,76,Maria Gomez,maria.gomez80@gmail.com,75,Pantalon Tactical Verde,2,27.75,55.5
239,2026-05-28 08:31:56,68,Miguel Rojas,miguel.rojas85@gmail.com,117,Chaqueta Casual Cafe,1,85.29,85.29
240,2026-05-14 12:59:13,5,Daniel Acosta,daniel.acosta85@gmail.com,196,Polo Acid Wash Morado,2,54.36,108.72
241,2026-05-10 08:05:12,17,Pedro Gomez,pedro.gomez67@gmail.com,76,Pantalon Techwear Negro,3,29.12,87.36
242,2026-05-01 17:39:03,18,Diego Lopez,diego.lopez92@gmail.com,61,Pantalon Cargo Negro,2,98.57,197.14
243,2026-05-19 12:08:16,60,Diana Torres,diana.torres20@gmail.com,107,Chaqueta Varsity Negra,2,71.59,143.18
244,2026-05-26 08:21:10,88,Sofia Paspuel,sofia.paspuel45@gmail.com,86,Hoodie Graphic Negro,4,42.82,171.28
245,2026-05-12 06:28:46,40,Luis Castro,luis.castro1@gmail.com,164,Zapatillas Running Rojas,4,59.68,238.72
246,2026-05-23 20:02:01,19,Diana Romero,diana.romero86@gmail.com,12,Camiseta Minimalista Beige,4,31.44,125.76
247,2026-05-12 10:59:12,54,Diego Flores,diego.flores78@gmail.com,45,Jean Skinny Azul,2,76.65,153.3
248,2026-05-04 02:38:32,40,Luis Castro,luis.castro1@gmail.com,52,Jean Vintage Wash,5,86.24,431.2
249,2026-05-11 07:02:20,25,Diego Suarez,diego.suarez45@gmail.com,188,Tank Top Loose Fit Cafe,2,39.08,78.16
250,2026-05-27 18:11:00,60,Diana Torres,diana.torres20@gmail.com,145,Beanie Negro,1,33.65,33.65
251,2026-05-08 08:57:08,11,Ana Flores,ana.flores99@gmail.com,115,Chaqueta Vintage Denim,5,82.55,412.75
252,2026-05-01 13:41:16,34,Camila Paspuel,camila.paspuel92@gmail.com,91,Hoodie Essentials Arena,4,49.67,198.68
253,2026-05-17 00:59:49,73,Miguel Navarro,miguel.navarro4@gmail.com,138,Short Monocromatico Negro,1,24.06,24.06
254,2026-05-13 20:09:24,61,Ana Benitez,ana.benitez19@gmail.com,147,Beanie Blanco,3,36.39,109.17
255,2026-05-15 03:36:40,89,Ana Gomez,ana.gomez98@gmail.com,102,Chaqueta Denim Negra,2,64.74,129.48
256,2026-05-13 16:14:17,76,Maria Gomez,maria.gomez80@gmail.com,8,Camiseta Anime Tokyo,3,25.96,77.88
257,2026-05-20 17:28:41,7,Miguel Flores,miguel.flores68@gmail.com,153,Pulsera Acero,2,44.61,89.22
258,2026-05-22 06:43:15,27,Luis Mora,luis.mora33@gmail.com,186,Polo Acid Wash Gris,1,35.26,35.26
259,2026-05-27 08:10:16,64,Emily Salazar,emily.salazar93@gmail.com,156,Mochila Streetwear,5,48.72,243.6
260,2026-05-15 21:26:23,5,Daniel Acosta,daniel.acosta85@gmail.com,170,Zapatos Formales Negros,5,67.9,339.5
261,2026-05-14 13:25:56,26,Pedro Castro,pedro.castro94@gmail.com,57,Jean Loose Fit Azul,2,93.09,186.18
262,2026-05-12 09:46:00,4,Pedro Salazar,pedro.salazar91@gmail.com,59,Jean Urban Denim,2,95.83,191.66
263,2026-05-27 03:39:34,30,Lucia Acosta,lucia.acosta28@gmail.com,197,Sudadera Boxy Fit Celeste,3,56.27,168.81
264,2026-05-06 22:33:17,10,Sofia Torres,sofia.torres60@gmail.com,70,Pantalon Streetwear Negro,2,20.9,41.8
265,2026-05-19 05:38:24,96,Mateo Mora,mateo.mora34@gmail.com,79,Pantalon Urban Fit,5,33.23,166.15
266,2026-05-21 16:11:09,29,Mateo Romero,mateo.romero24@gmail.com,118,Chaqueta Utility Beige,2,86.66,173.32
267,2026-05-15 21:26:57,87,Emily Paspuel,emily.paspuel93@gmail.com,16,Camiseta Oversize Cafe,3,36.92,110.76
268,2026-05-29 01:42:18,53,Fernanda Paspuel,fernanda.paspuel45@gmail.com,65,Pantalon Jogger Negro,1,104.05,104.05
269,2026-05-05 01:57:39,60,Diana Torres,diana.torres20@gmail.com,97,Hoodie Urban Blue,4,57.89,231.56
270,2026-05-19 03:35:26,13,Luis Lopez,luis.lopez65@gmail.com,154,Lentes Vintage,2,45.98,91.96
271,2026-05-23 07:57:31,22,Emily Perez,emily.perez82@gmail.com,53,Jean Wide Leg Gris,1,87.61,87.61
272,2026-05-19 07:01:07,97,Diego Rojas,diego.rojas44@gmail.com,117,Chaqueta Casual Cafe,2,85.29,170.58
273,2026-05-17 02:20:04,26,Pedro Castro,pedro.castro94@gmail.com,56,Jean Streetwear Gris,1,91.72,91.72
274,2026-05-16 20:58:51,91,Camila Acosta,camila.acosta41@gmail.com,15,Camiseta Oversize Gris,5,35.55,177.75
275,2026-05-13 18:37:08,76,Maria Gomez,maria.gomez80@gmail.com,89,Hoodie Streetwear Negro,2,46.93,93.86
276,2026-05-19 04:49:23,61,Ana Benitez,ana.benitez19@gmail.com,4,Camiseta Oversize Blanca,5,20.48,102.4
277,2026-05-09 20:44:04,81,Carlos Perez,carlos.perez8@gmail.com,75,Pantalon Tactical Verde,4,27.75,111.0
278,2026-05-27 04:02:25,7,Miguel Flores,miguel.flores68@gmail.com,89,Hoodie Streetwear Negro,5,46.93,234.65
279,2026-05-16 18:46:45,55,Ana Acosta,ana.acosta99@gmail.com,63,Pantalon Cargo Verde,5,101.31,506.55
280,2026-05-29 21:45:32,77,Jose Lopez,jose.lopez69@gmail.com,41,Jean Baggy Azul Claro,1,71.17,71.17
281,2026-05-26 04:03:40,57,Luis Acosta,luis.acosta47@gmail.com,78,Pantalon Recto Beige,5,31.86,159.3
282,2026-05-03 16:32:55,77,Jose Lopez,jose.lopez69@gmail.com,198,Tank Top Loose Fit Color191,1,58.18,58.18
283,2026-05-01 05:32:33,53,Fernanda Paspuel,fernanda.paspuel45@gmail.com,58,Jean Oversize Negro,4,94.46,377.84
284,2026-05-12 01:18:55,15,Jose Castro,jose.castro82@gmail.com,172,Sneakers Chunky Blancos,5,70.64,353.2
285,2026-05-13 02:15:20,86,Maria Flores,maria.flores52@gmail.com,134,Short Skate Negro,2,18.58,37.16
286,2026-05-07 08:35:27,75,Miguel Vega,miguel.vega53@gmail.com,88,Hoodie Streetwear Blanco,5,45.56,227.8
287,2026-05-20 15:59:33,36,Andres Rojas,andres.rojas47@gmail.com,178,Tenis Deportivos Negros,5,78.86,394.3
288,2026-05-28 04:51:56,33,Emily Ruiz,emily.ruiz87@gmail.com,12,Camiseta Minimalista Beige,5,31.44,157.2
289,2026-05-03 18:19:45,40,Luis Castro,luis.castro1@gmail.com,57,Jean Loose Fit Azul,2,93.09,186.18
290,2026-05-16 09:48:59,39,Ana Castro,ana.castro27@gmail.com,135,Short Techwear Verde,5,19.95,99.75
291,2026-05-05 03:45:29,12,Sofia Gomez,sofia.gomez66@gmail.com,135,Short Techwear Verde,3,19.95,59.85
292,2026-05-06 18:18:50,49,Miguel Benitez,miguel.benitez4@gmail.com,51,Jean Destroyed Azul,1,84.87,84.87
293,2026-05-26 23:01:51,67,Miguel Paspuel,miguel.paspuel30@gmail.com,63,Pantalon Cargo Verde,1,101.31,101.31
294,2026-05-30 11:59:05,12,Sofia Gomez,sofia.gomez66@gmail.com,4,Camiseta Oversize Blanca,4,20.48,81.92
295,2026-05-19 15:40:18,86,Maria Flores,maria.flores52@gmail.com,80,Pantalon Relaxed Gris,3,34.6,103.8
296,2026-05-25 13:16:33,66,Daniel Cruz,daniel.cruz12@gmail.com,130,Short Casual Blanco,4,103.1,412.4
297,2026-05-26 15:20:29,9,Miguel Mora,miguel.mora18@gmail.com,187,Sudadera Boxy Fit Beige,2,37.17,74.34
298,2026-05-06 08:36:03,17,Pedro Gomez,pedro.gomez67@gmail.com,23,Camisa Flannel Roja,5,46.51,232.55
299,2026-05-23 13:14:01,37,Camila Rojas,camila.rojas50@gmail.com,70,Pantalon Streetwear Negro,2,20.9,41.8
300,2026-05-19 04:19:57,32,Pedro Cruz,pedro.cruz61@gmail.com,144,Gorra Azul,3,32.28,96.84
301,2026-05-30 21:26:27,85,Fernanda Herrera,fernanda.herrera13@gmail.com,174,Sneakers Minimalistas,1,73.38,73.38
302,2026-05-15 17:36:54,8,Paula Benitez,paula.benitez90@gmail.com,172,Sneakers Chunky Blancos,5,70.64,353.2
303,2026-05-22 15:28:37,100,Ana Torres,ana.torres87@gmail.com,187,Sudadera Boxy Fit Beige,1,37.17,37.17
304,2026-05-03 08:57:39,93,Fernanda Benitez,fernanda.benitez10@gmail.com,166,Converse Blancas,4,62.42,249.68
305,2026-05-13 19:54:54,97,Diego Rojas,diego.rojas44@gmail.com,53,Jean Wide Leg Gris,5,87.61,438.05
306,2026-05-29 23:52:43,89,Ana Gomez,ana.gomez98@gmail.com,32,Camisa Lino Beige,1,58.84,58.84
307,2026-05-02 07:28:33,25,Diego Suarez,diego.suarez45@gmail.com,3,Camiseta Oversize Negra,4,19.11,76.44
308,2026-05-10 10:00:48,8,Paula Benitez,paula.benitez90@gmail.com,28,Camisa Casual Verde,5,53.36,266.8
309,2026-05-11 05:43:49,91,Camila Acosta,camila.acosta41@gmail.com,12,Camiseta Minimalista Beige,4,31.44,125.76
310,2026-05-10 08:54:38,49,Miguel Benitez,miguel.benitez4@gmail.com,181,Polo Oversize Negro,4,25.71,102.84
311,2026-05-19 10:47:07,94,Valeria Flores,valeria.flores75@gmail.com,106,Chaqueta Varsity Roja,1,70.22,70.22
312,2026-05-10 19:38:14,39,Ana Castro,ana.castro27@gmail.com,85,Hoodie Graphic Rojo,2,41.45,82.9
313,2026-05-09 18:28:13,70,Diana Ruiz,diana.ruiz90@gmail.com,72,Pantalon Formal Negro,1,23.64,23.64
314,2026-05-10 15:20:39,81,Carlos Perez,carlos.perez8@gmail.com,137,Short Minimalista Blanco,3,22.69,68.07
315,2026-05-05 20:58:40,46,Daniel Mora,daniel.mora2@gmail.com,1,Camiseta Basica Negra,5,16.37,81.85
316,2026-05-04 12:27:22,47,Valeria Benitez,valeria.benitez19@gmail.com,107,Chaqueta Varsity Negra,5,71.59,357.95
317,2026-05-25 10:35:48,55,Ana Acosta,ana.acosta99@gmail.com,119,Chaqueta Windbreaker Azul,1,88.03,88.03
318,2026-05-14 07:47:58,27,Luis Mora,luis.mora33@gmail.com,197,Sudadera Boxy Fit Celeste,2,56.27,112.54
319,2026-05-04 18:23:43,44,Fernanda Torres,fernanda.torres34@gmail.com,1,Camiseta Basica Negra,3,16.37,49.11
320,2026-05-02 05:06:28,53,Fernanda Paspuel,fernanda.paspuel45@gmail.com,60,Jean Acid Wash,5,97.2,486.0
321,2026-05-15 23:22:44,36,Andres Rojas,andres.rojas47@gmail.com,107,Chaqueta Varsity Negra,1,71.59,71.59
322,2026-05-02 06:44:54,98,Ana Navarro,ana.navarro44@gmail.com,180,Zapatillas High Top,2,81.6,163.2
323,2026-05-14 11:52:59,10,Sofia Torres,sofia.torres60@gmail.com,1,Camiseta Basica Negra,4,16.37,65.48
324,2026-05-10 17:38:25,12,Sofia Gomez,sofia.gomez66@gmail.com,148,Cinturon Negro,5,37.76,188.8
325,2026-05-11 10:54:12,36,Andres Rojas,andres.rojas47@gmail.com,116,Chaqueta Cargo Negra,4,83.92,335.68
326,2026-05-02 03:56:42,48,Miguel Torres,miguel.torres90@gmail.com,182,Sudadera Vintage Blanco,2,27.62,55.24
327,2026-05-06 06:36:21,6,Andres Flores,andres.flores67@gmail.com,114,Chaqueta Techwear Gris,4,81.18,324.72
328,2026-05-19 11:50:26,13,Luis Lopez,luis.lopez65@gmail.com,123,Short Baggy Negro,5,93.51,467.55
329,2026-05-17 02:48:31,7,Miguel Flores,miguel.flores68@gmail.com,65,Pantalon Jogger Negro,1,104.05,104.05
330,2026-05-21 09:16:17,97,Diego Rojas,diego.rojas44@gmail.com,6,Camiseta Vintage Azul,1,23.22,23.22
331,2026-05-14 23:22:57,27,Luis Mora,luis.mora33@gmail.com,25,Camisa Oversize Beige,3,49.25,147.75
332,2026-05-14 05:14:42,19,Diana Romero,diana.romero86@gmail.com,51,Jean Destroyed Azul,5,84.87,424.35
333,2026-05-13 11:02:16,34,Camila Paspuel,camila.paspuel92@gmail.com,126,Short Running Azul,5,97.62,488.1
334,2026-05-21 10:20:02,14,Luis Flores,luis.flores15@gmail.com,56,Jean Streetwear Gris,1,91.72,91.72
335,2026-05-09 08:21:27,1,Jose Suarez,jose.suarez11@gmail.com,39,Camisa Estampada Negra,4,68.43,273.72
336,2026-05-12 08:22:30,51,Daniel Gomez,daniel.gomez14@gmail.com,81,Hoodie Oversize Negro,4,35.97,143.88
337,2026-05-16 12:51:17,4,Pedro Salazar,pedro.salazar91@gmail.com,187,Sudadera Boxy Fit Beige,4,37.17,148.68
338,2026-05-10 09:27:35,69,Lucia Herrera,lucia.herrera62@gmail.com,179,Zapatillas Techwear,1,80.23,80.23
339,2026-05-19 20:39:49,69,Lucia Herrera,lucia.herrera62@gmail.com,26,Camisa Oversize Negra,1,50.62,50.62
340,2026-05-08 02:54:28,1,Jose Suarez,jose.suarez11@gmail.com,138,Short Monocromatico Negro,5,24.06,120.3
341,2026-05-16 14:46:49,57,Luis Acosta,luis.acosta47@gmail.com,12,Camiseta Minimalista Beige,3,31.44,94.32
342,2026-05-24 21:08:35,47,Valeria Benitez,valeria.benitez19@gmail.com,1,Camiseta Basica Negra,5,16.37,81.85
343,2026-05-01 22:44:44,6,Andres Flores,andres.flores67@gmail.com,22,Camisa Formal Negra,3,45.14,135.42
344,2026-05-02 12:25:19,16,Miguel Romero,miguel.romero59@gmail.com,110,Chaqueta Impermeable Negra,1,75.7,75.7
345,2026-05-13 23:06:36,98,Ana Navarro,ana.navarro44@gmail.com,78,Pantalon Recto Beige,3,31.86,95.58
346,2026-05-04 08:51:25,47,Valeria Benitez,valeria.benitez19@gmail.com,144,Gorra Azul,3,32.28,96.84
347,2026-05-21 00:14:07,35,Ana Lopez,ana.lopez61@gmail.com,184,Conjunto Minimalista Rojo,2,31.44,62.88
348,2026-05-16 16:48:07,94,Valeria Flores,valeria.flores75@gmail.com,65,Pantalon Jogger Negro,5,104.05,520.25
349,2026-05-27 05:47:57,4,Pedro Salazar,pedro.salazar91@gmail.com,45,Jean Skinny Azul,3,76.65,229.95
350,2026-05-18 12:22:07,4,Pedro Salazar,pedro.salazar91@gmail.com,183,Tank Top Streetwear Azul,1,29.53,29.53
351,2026-05-01 18:06:04,41,Luis Gomez,luis.gomez94@gmail.com,76,Pantalon Techwear Negro,1,29.12,29.12
352,2026-05-13 10:33:05,13,Luis Lopez,luis.lopez65@gmail.com,71,Pantalon Formal Azul,4,22.27,89.08
353,2026-05-13 02:19:01,33,Emily Ruiz,emily.ruiz87@gmail.com,93,Hoodie Zip Up Gris,4,52.41,209.64
354,2026-05-19 11:46:43,40,Luis Castro,luis.castro1@gmail.com,128,Short Streetwear Negro,5,100.36,501.8
355,2026-05-06 22:03:04,3,Daniel Suarez,daniel.suarez49@gmail.com,13,Camiseta Acid Wash,4,32.81,131.24
356,2026-05-24 11:08:15,29,Mateo Romero,mateo.romero24@gmail.com,31,Camisa Coreana Blanca,3,57.47,172.41
357,2026-05-11 09:54:39,30,Lucia Acosta,lucia.acosta28@gmail.com,75,Pantalon Tactical Verde,1,27.75,27.75
358,2026-05-23 23:50:05,61,Ana Benitez,ana.benitez19@gmail.com,79,Pantalon Urban Fit,2,33.23,66.46
359,2026-05-18 19:56:30,72,Mateo Paspuel,mateo.paspuel64@gmail.com,9,Camiseta Graphic Dragon,2,27.33,54.66
360,2026-05-25 17:13:11,98,Ana Navarro,ana.navarro44@gmail.com,41,Jean Baggy Azul Claro,1,71.17,71.17
361,2026-05-17 01:11:55,53,Fernanda Paspuel,fernanda.paspuel45@gmail.com,44,Jean Baggy Gris,3,75.28,225.84
362,2026-05-07 07:38:42,26,Pedro Castro,pedro.castro94@gmail.com,57,Jean Loose Fit Azul,1,93.09,93.09
363,2026-05-18 18:42:09,86,Maria Flores,maria.flores52@gmail.com,164,Zapatillas Running Rojas,3,59.68,179.04
364,2026-05-28 21:48:17,28,Fernanda Acosta,fernanda.acosta52@gmail.com,80,Pantalon Relaxed Gris,3,34.6,103.8
365,2026-05-17 10:27:25,51,Daniel Gomez,daniel.gomez14@gmail.com,39,Camisa Estampada Negra,4,68.43,273.72
366,2026-05-06 21:01:41,20,Carlos Lopez,carlos.lopez18@gmail.com,152,Pulsera Cuero Negra,2,43.24,86.48
367,2026-05-14 15:55:09,76,Maria Gomez,maria.gomez80@gmail.com,161,Zapatillas Urbanas Blancas,3,55.57,166.71
368,2026-05-02 20:57:04,1,Jose Suarez,jose.suarez11@gmail.com,163,Zapatillas Running Azul,3,58.31,174.93
369,2026-05-11 00:23:08,53,Fernanda Paspuel,fernanda.paspuel45@gmail.com,74,Pantalon Slim Fit Gris,4,26.38,105.52
370,2026-05-29 20:17:14,6,Andres Flores,andres.flores67@gmail.com,147,Beanie Blanco,2,36.39,72.78
371,2026-05-25 22:55:00,22,Emily Perez,emily.perez82@gmail.com,68,Pantalon Wide Leg Beige,3,18.16,54.48
372,2026-05-09 00:41:54,99,Valeria Herrera,valeria.herrera1@gmail.com,125,Short Cargo Verde,3,96.25,288.75
373,2026-05-26 20:16:00,75,Miguel Vega,miguel.vega53@gmail.com,194,Conjunto Minimalista Beige,5,50.54,252.7
374,2026-05-01 21:13:34,45,Fernanda Ruiz,fernanda.ruiz48@gmail.com,31,Camisa Coreana Blanca,3,57.47,172.41
375,2026-05-28 00:21:54,90,Andres Ruiz,andres.ruiz70@gmail.com,29,Camisa Casual Gris,2,54.73,109.46
376,2026-05-13 08:25:46,86,Maria Flores,maria.flores52@gmail.com,125,Short Cargo Verde,3,96.25,288.75
377,2026-05-19 18:17:10,54,Diego Flores,diego.flores78@gmail.com,67,Pantalon Wide Leg Negro,3,16.79,50.37
378,2026-05-18 14:32:01,12,Sofia Gomez,sofia.gomez66@gmail.com,126,Short Running Azul,3,97.62,292.86
379,2026-05-10 12:35:19,70,Diana Ruiz,diana.ruiz90@gmail.com,18,Camiseta Hip Hop,1,39.66,39.66
380,2026-05-26 07:12:14,15,Jose Castro,jose.castro82@gmail.com,118,Chaqueta Utility Beige,2,86.66,173.32
381,2026-05-19 23:42:11,44,Fernanda Torres,fernanda.torres34@gmail.com,65,Pantalon Jogger Negro,5,104.05,520.25
382,2026-05-01 14:09:17,28,Fernanda Acosta,fernanda.acosta52@gmail.com,135,Short Techwear Verde,4,19.95,79.8
383,2026-05-14 13:06:38,70,Diana Ruiz,diana.ruiz90@gmail.com,135,Short Techwear Verde,4,19.95,79.8
384,2026-05-19 14:13:23,91,Camila Acosta,camila.acosta41@gmail.com,129,Short Casual Azul,4,101.73,406.92
385,2026-05-18 16:27:59,83,Maria Castro,maria.castro9@gmail.com,30,Camisa Manga Corta Azul,2,56.1,112.2
386,2026-05-23 14:31:25,5,Daniel Acosta,daniel.acosta85@gmail.com,149,Cinturon Marron,4,39.13,156.52
387,2026-05-19 08:48:31,12,Sofia Gomez,sofia.gomez66@gmail.com,18,Camiseta Hip Hop,2,39.66,79.32
388,2026-05-28 07:50:28,44,Fernanda Torres,fernanda.torres34@gmail.com,184,Conjunto Minimalista Rojo,4,31.44,125.76
389,2026-05-19 15:37:49,34,Camila Paspuel,camila.paspuel92@gmail.com,158,Riñonera Gris,4,51.46,205.84
390,2026-05-13 04:03:48,14,Luis Flores,luis.flores15@gmail.com,99,Hoodie College Green,4,60.63,242.52
391,2026-05-01 13:43:29,67,Miguel Paspuel,miguel.paspuel30@gmail.com,102,Chaqueta Denim Negra,3,64.74,194.22
392,2026-05-12 10:05:35,81,Carlos Perez,carlos.perez8@gmail.com,159,Medias Blancas,4,52.83,211.32
393,2026-05-13 13:49:27,80,Mateo Gomez,mateo.gomez40@gmail.com,168,Botas Urbanas Negras,1,65.16,65.16
394,2026-05-11 09:25:36,65,Paula Vega,paula.vega31@gmail.com,152,Pulsera Cuero Negra,3,43.24,129.72
395,2026-05-25 07:33:49,28,Fernanda Acosta,fernanda.acosta52@gmail.com,157,Bolso Crossbody Negro,1,50.09,50.09
396,2026-05-22 19:18:10,90,Andres Ruiz,andres.ruiz70@gmail.com,159,Medias Blancas,2,52.83,105.66
397,2026-05-14 00:38:44,93,Fernanda Benitez,fernanda.benitez10@gmail.com,55,Jean Carpenter Azul,3,90.35,271.05
398,2026-05-20 10:15:37,95,Ana Cruz,ana.cruz50@gmail.com,157,Bolso Crossbody Negro,5,50.09,250.45
399,2026-05-13 03:36:32,25,Diego Suarez,diego.suarez45@gmail.com,110,Chaqueta Impermeable Negra,2,75.7,151.4
400,2026-05-07 21:09:31,51,Daniel Gomez,daniel.gomez14@gmail.com,186,Polo Acid Wash Gris,5,35.26,176.3
401,2026-05-13 19:50:34,84,Daniel Flores,daniel.flores75@gmail.com,31,Camisa Coreana Blanca,3,57.47,172.41
402,2026-05-08 05:56:29,1,Jose Suarez,jose.suarez11@gmail.com,199,Conjunto Urban Negro,2,60.09,120.18
403,2026-05-18 19:40:43,60,Diana Torres,diana.torres20@gmail.com,173,Sneakers Streetwear Negros,4,72.01,288.04
404,2026-05-22 10:42:43,79,Valeria Cruz,valeria.cruz58@gmail.com,104,Chaqueta Bomber Verde,2,67.48,134.96
405,2026-05-03 03:13:15,25,Diego Suarez,diego.suarez45@gmail.com,70,Pantalon Streetwear Negro,3,20.9,62.7
406,2026-05-12 20:10:26,67,Miguel Paspuel,miguel.paspuel30@gmail.com,83,Hoodie Oversize Gris,2,38.71,77.42
407,2026-05-25 07:46:49,62,Diego Perez,diego.perez69@gmail.com,65,Pantalon Jogger Negro,5,104.05,520.25
408,2026-05-26 00:55:07,23,Camila Castro,camila.castro71@gmail.com,107,Chaqueta Varsity Negra,3,71.59,214.77
409,2026-05-17 14:09:09,3,Daniel Suarez,daniel.suarez49@gmail.com,115,Chaqueta Vintage Denim,4,82.55,330.2
410,2026-05-23 22:43:04,34,Camila Paspuel,camila.paspuel92@gmail.com,183,Tank Top Streetwear Azul,5,29.53,147.65
411,2026-05-13 17:04:24,80,Mateo Gomez,mateo.gomez40@gmail.com,167,Botas Urbanas Cafe,2,63.79,127.58
412,2026-05-22 17:32:24,1,Jose Suarez,jose.suarez11@gmail.com,186,Polo Acid Wash Gris,2,35.26,70.52
413,2026-05-20 17:27:06,75,Miguel Vega,miguel.vega53@gmail.com,15,Camiseta Oversize Gris,3,35.55,106.65
414,2026-05-08 11:20:46,32,Pedro Cruz,pedro.cruz61@gmail.com,26,Camisa Oversize Negra,2,50.62,101.24
415,2026-05-09 18:13:04,36,Andres Rojas,andres.rojas47@gmail.com,1,Camiseta Basica Negra,5,16.37,81.85
416,2026-05-18 07:44:32,33,Emily Ruiz,emily.ruiz87@gmail.com,71,Pantalon Formal Azul,3,22.27,66.81
417,2026-05-14 13:28:36,5,Daniel Acosta,daniel.acosta85@gmail.com,119,Chaqueta Windbreaker Azul,1,88.03,88.03
418,2026-05-24 01:28:07,84,Daniel Flores,daniel.flores75@gmail.com,115,Chaqueta Vintage Denim,5,82.55,412.75
419,2026-05-17 22:08:04,14,Luis Flores,luis.flores15@gmail.com,8,Camiseta Anime Tokyo,5,25.96,129.8
420,2026-05-30 21:32:42,49,Miguel Benitez,miguel.benitez4@gmail.com,49,Jean Recto Azul,3,82.13,246.39
421,2026-05-24 20:13:52,29,Mateo Romero,mateo.romero24@gmail.com,24,Camisa Flannel Azul,4,47.88,191.52
422,2026-05-11 06:17:34,90,Andres Ruiz,andres.ruiz70@gmail.com,124,Short Baggy Beige,3,94.88,284.64
423,2026-05-01 07:35:30,5,Daniel Acosta,daniel.acosta85@gmail.com,52,Jean Vintage Wash,1,86.24,86.24
424,2026-05-11 09:19:23,38,Lucia Castro,lucia.castro3@gmail.com,171,Sneakers Retro Gris,1,69.27,69.27
425,2026-05-31 06:22:38,35,Ana Lopez,ana.lopez61@gmail.com,112,Chaqueta Puffer Negra,4,78.44,313.76
426,2026-05-29 04:53:14,68,Miguel Rojas,miguel.rojas85@gmail.com,152,Pulsera Cuero Negra,3,43.24,129.72
427,2026-05-31 08:11:09,88,Sofia Paspuel,sofia.paspuel45@gmail.com,43,Jean Baggy Negro,4,73.91,295.64
428,2026-05-19 04:02:35,71,Mateo Navarro,mateo.navarro72@gmail.com,18,Camiseta Hip Hop,1,39.66,39.66
429,2026-05-01 06:23:21,84,Daniel Flores,daniel.flores75@gmail.com,110,Chaqueta Impermeable Negra,4,75.7,302.8
430,2026-05-20 00:11:04,90,Andres Ruiz,andres.ruiz70@gmail.com,116,Chaqueta Cargo Negra,5,83.92,419.6
431,2026-05-19 21:06:47,11,Ana Flores,ana.flores99@gmail.com,30,Camisa Manga Corta Azul,5,56.1,280.5
432,2026-05-29 23:16:21,1,Jose Suarez,jose.suarez11@gmail.com,98,Hoodie Retro Purple,1,59.26,59.26
433,2026-05-09 08:18:59,68,Miguel Rojas,miguel.rojas85@gmail.com,193,Tank Top Streetwear Gris,4,48.63,194.52
434,2026-05-29 13:38:28,27,Luis Mora,luis.mora33@gmail.com,162,Zapatillas Urbanas Negras,3,56.94,170.82
435,2026-05-31 14:19:49,38,Lucia Castro,lucia.castro3@gmail.com,92,Hoodie Minimalista Negro,5,51.04,255.2
436,2026-05-23 02:10:34,98,Ana Navarro,ana.navarro44@gmail.com,91,Hoodie Essentials Arena,4,49.67,198.68
437,2026-05-08 22:57:23,28,Fernanda Acosta,fernanda.acosta52@gmail.com,108,Chaqueta Oversize Beige,4,72.96,291.84
438,2026-05-27 12:21:31,36,Andres Rojas,andres.rojas47@gmail.com,169,Zapatos Casuales Beige,1,66.53,66.53
439,2026-05-05 01:23:59,98,Ana Navarro,ana.navarro44@gmail.com,16,Camiseta Oversize Cafe,2,36.92,73.84
440,2026-05-14 09:22:10,64,Emily Salazar,emily.salazar93@gmail.com,136,Short Urban Gray,5,21.32,106.6
441,2026-05-04 05:50:56,62,Diego Perez,diego.perez69@gmail.com,35,Camisa Rayada Azul,4,62.95,251.8
442,2026-05-23 21:14:05,53,Fernanda Paspuel,fernanda.paspuel45@gmail.com,182,Sudadera Vintage Blanco,5,27.62,138.1
443,2026-05-18 16:03:55,2,Carlos Suarez,carlos.suarez87@gmail.com,49,Jean Recto Azul,2,82.13,164.26
444,2026-05-08 00:09:53,36,Andres Rojas,andres.rojas47@gmail.com,144,Gorra Azul,4,32.28,129.12
445,2026-05-27 01:38:41,79,Valeria Cruz,valeria.cruz58@gmail.com,181,Polo Oversize Negro,2,25.71,51.42
446,2026-05-25 00:50:08,37,Camila Rojas,camila.rojas50@gmail.com,120,Chaqueta Urban Black,5,89.4,447.0
447,2026-05-08 09:40:00,66,Daniel Cruz,daniel.cruz12@gmail.com,54,Jean Relaxed Fit Negro,3,88.98,266.94
448,2026-05-09 17:46:31,48,Miguel Torres,miguel.torres90@gmail.com,169,Zapatos Casuales Beige,5,66.53,332.65
449,2026-05-23 06:48:32,57,Luis Acosta,luis.acosta47@gmail.com,31,Camisa Coreana Blanca,1,57.47,57.47
450,2026-05-26 11:49:16,72,Mateo Paspuel,mateo.paspuel64@gmail.com,172,Sneakers Chunky Blancos,5,70.64,353.2
451,2026-05-30 11:12:46,31,Jose Perez,jose.perez2@gmail.com,104,Chaqueta Bomber Verde,1,67.48,67.48
452,2026-05-09 02:09:28,83,Maria Castro,maria.castro9@gmail.com,51,Jean Destroyed Azul,2,84.87,169.74
453,2026-05-03 01:07:05,22,Emily Perez,emily.perez82@gmail.com,162,Zapatillas Urbanas Negras,4,56.94,227.76
454,2026-05-06 03:49:55,20,Carlos Lopez,carlos.lopez18@gmail.com,182,Sudadera Vintage Blanco,5,27.62,138.1
455,2026-05-18 05:27:15,100,Ana Torres,ana.torres87@gmail.com,168,Botas Urbanas Negras,2,65.16,130.32
456,2026-05-14 08:47:27,44,Fernanda Torres,fernanda.torres34@gmail.com,68,Pantalon Wide Leg Beige,3,18.16,54.48
457,2026-05-09 20:34:59,100,Ana Torres,ana.torres87@gmail.com,93,Hoodie Zip Up Gris,2,52.41,104.82
458,2026-05-30 08:37:03,51,Daniel Gomez,daniel.gomez14@gmail.com,159,Medias Blancas,3,52.83,158.49
459,2026-05-22 14:06:53,62,Diego Perez,diego.perez69@gmail.com,41,Jean Baggy Azul Claro,1,71.17,71.17
460,2026-05-02 00:43:52,58,Carlos Vega,carlos.vega32@gmail.com,11,Camiseta Retro 90s,1,30.07,30.07
461,2026-05-12 20:50:47,4,Pedro Salazar,pedro.salazar91@gmail.com,70,Pantalon Streetwear Negro,1,20.9,20.9
462,2026-05-02 11:00:44,97,Diego Rojas,diego.rojas44@gmail.com,22,Camisa Formal Negra,2,45.14,90.28
463,2026-05-08 19:03:31,38,Lucia Castro,lucia.castro3@gmail.com,120,Chaqueta Urban Black,1,89.4,89.4
464,2026-05-20 04:19:40,58,Carlos Vega,carlos.vega32@gmail.com,155,Lentes Urbanos,2,47.35,94.7
465,2026-05-11 10:11:10,11,Ana Flores,ana.flores99@gmail.com,81,Hoodie Oversize Negro,5,35.97,179.85
466,2026-05-07 06:23:56,41,Luis Gomez,luis.gomez94@gmail.com,118,Chaqueta Utility Beige,1,86.66,86.66
467,2026-05-23 04:51:21,86,Maria Flores,maria.flores52@gmail.com,193,Tank Top Streetwear Gris,4,48.63,194.52
468,2026-05-15 10:43:34,75,Miguel Vega,miguel.vega53@gmail.com,162,Zapatillas Urbanas Negras,2,56.94,113.88
469,2026-05-05 10:49:29,27,Luis Mora,luis.mora33@gmail.com,104,Chaqueta Bomber Verde,2,67.48,134.96
470,2026-05-22 00:00:30,82,Sofia Romero,sofia.romero21@gmail.com,42,Jean Baggy Azul Oscuro,1,72.54,72.54
471,2026-05-25 16:21:40,3,Daniel Suarez,daniel.suarez49@gmail.com,55,Jean Carpenter Azul,4,90.35,361.4
472,2026-05-20 04:36:49,62,Diego Perez,diego.perez69@gmail.com,58,Jean Oversize Negro,2,94.46,188.92
473,2026-05-08 23:10:41,11,Ana Flores,ana.flores99@gmail.com,133,Short Oversize Beige,3,17.21,51.63
474,2026-05-09 16:23:51,29,Mateo Romero,mateo.romero24@gmail.com,168,Botas Urbanas Negras,3,65.16,195.48
475,2026-05-22 23:22:14,61,Ana Benitez,ana.benitez19@gmail.com,8,Camiseta Anime Tokyo,5,25.96,129.8
476,2026-05-23 22:56:29,67,Miguel Paspuel,miguel.paspuel30@gmail.com,64,Pantalon Jogger Gris,5,102.68,513.4
477,2026-05-02 12:59:09,37,Camila Rojas,camila.rojas50@gmail.com,143,Gorra Roja,4,30.91,123.64
478,2026-05-19 20:58:22,38,Lucia Castro,lucia.castro3@gmail.com,138,Short Monocromatico Negro,1,24.06,24.06
479,2026-05-11 13:23:24,4,Pedro Salazar,pedro.salazar91@gmail.com,169,Zapatos Casuales Beige,3,66.53,199.59
480,2026-05-08 21:14:20,80,Mateo Gomez,mateo.gomez40@gmail.com,53,Jean Wide Leg Gris,5,87.61,438.05
481,2026-05-24 20:48:17,61,Ana Benitez,ana.benitez19@gmail.com,154,Lentes Vintage,2,45.98,91.96
482,2026-05-15 05:22:09,75,Miguel Vega,miguel.vega53@gmail.com,109,Chaqueta Oversize Gris,4,74.33,297.32
483,2026-05-11 22:10:54,75,Miguel Vega,miguel.vega53@gmail.com,83,Hoodie Oversize Gris,1,38.71,38.71
484,2026-05-15 09:03:21,88,Sofia Paspuel,sofia.paspuel45@gmail.com,138,Short Monocromatico Negro,1,24.06,24.06
485,2026-05-04 22:46:20,57,Luis Acosta,luis.acosta47@gmail.com,169,Zapatos Casuales Beige,5,66.53,332.65
486,2026-05-07 04:41:16,63,Luis Salazar,luis.salazar83@gmail.com,56,Jean Streetwear Gris,5,91.72,458.6
487,2026-05-02 16:59:00,53,Fernanda Paspuel,fernanda.paspuel45@gmail.com,176,Sneakers Vintage Rojos,2,76.12,152.24
488,2026-05-04 10:21:51,38,Lucia Castro,lucia.castro3@gmail.com,150,Cadena Plateada,1,40.5,40.5
489,2026-05-01 10:28:59,41,Luis Gomez,luis.gomez94@gmail.com,168,Botas Urbanas Negras,4,65.16,260.64
490,2026-05-20 22:47:42,26,Pedro Castro,pedro.castro94@gmail.com,101,Chaqueta Denim Azul Claro,2,63.37,126.74
491,2026-05-10 03:44:14,58,Carlos Vega,carlos.vega32@gmail.com,82,Hoodie Oversize Blanco,1,37.34,37.34
492,2026-05-27 20:17:10,29,Mateo Romero,mateo.romero24@gmail.com,119,Chaqueta Windbreaker Azul,1,88.03,88.03
493,2026-05-14 04:33:51,31,Jose Perez,jose.perez2@gmail.com,83,Hoodie Oversize Gris,1,38.71,38.71
494,2026-05-19 10:33:06,49,Miguel Benitez,miguel.benitez4@gmail.com,199,Conjunto Urban Negro,3,60.09,180.27
495,2026-05-09 07:55:53,66,Daniel Cruz,daniel.cruz12@gmail.com,161,Zapatillas Urbanas Blancas,2,55.57,111.14
496,2026-05-09 23:19:11,70,Diana Ruiz,diana.ruiz90@gmail.com,179,Zapatillas Techwear,3,80.23,240.69
497,2026-05-29 12:58:31,90,Andres Ruiz,andres.ruiz70@gmail.com,189,Conjunto Urban Morado,5,40.99,204.95
498,2026-05-10 14:58:42,88,Sofia Paspuel,sofia.paspuel45@gmail.com,57,Jean Loose Fit Azul,4,93.09,372.36
499,2026-05-15 10:57:30,69,Lucia Herrera,lucia.herrera62@gmail.com,148,Cinturon Negro,1,37.76,37.76
500,2026-05-06 14:39:46,40,Luis Castro,luis.castro1@gmail.com,124,Short Baggy Beige,1,94.88,94.88
501,2026-05-14 14:22:49,24,Jose Gomez,jose.gomez27@gmail.com,132,Short Loose Fit Gris,5,15.84,79.2
502,2026-05-21 21:13:30,90,Andres Ruiz,andres.ruiz70@gmail.com,106,Chaqueta Varsity Roja,5,70.22,351.1
503,2026-05-12 22:21:55,66,Daniel Cruz,daniel.cruz12@gmail.com,38,Camisa Vintage Cafe,2,67.06,134.12
504,2026-05-18 03:48:52,77,Jose Lopez,jose.lopez69@gmail.com,196,Polo Acid Wash Morado,1,54.36,54.36
505,2026-05-24 11:33:16,40,Luis Castro,luis.castro1@gmail.com,110,Chaqueta Impermeable Negra,3,75.7,227.1
506,2026-05-02 14:21:22,52,Camila Mora,camila.mora82@gmail.com,183,Tank Top Streetwear Azul,3,29.53,88.59
507,2026-05-08 18:11:32,57,Luis Acosta,luis.acosta47@gmail.com,137,Short Minimalista Blanco,1,22.69,22.69
508,2026-05-11 06:10:59,81,Carlos Perez,carlos.perez8@gmail.com,117,Chaqueta Casual Cafe,5,85.29,426.45
509,2026-05-23 07:31:46,54,Diego Flores,diego.flores78@gmail.com,124,Short Baggy Beige,1,94.88,94.88
510,2026-05-15 12:01:15,38,Lucia Castro,lucia.castro3@gmail.com,76,Pantalon Techwear Negro,5,29.12,145.6
511,2026-05-21 17:15:40,46,Daniel Mora,daniel.mora2@gmail.com,13,Camiseta Acid Wash,5,32.81,164.05
512,2026-05-17 18:42:34,41,Luis Gomez,luis.gomez94@gmail.com,28,Camisa Casual Verde,4,53.36,213.44
513,2026-05-22 17:11:44,72,Mateo Paspuel,mateo.paspuel64@gmail.com,112,Chaqueta Puffer Negra,2,78.44,156.88
514,2026-05-23 06:13:58,37,Camila Rojas,camila.rojas50@gmail.com,173,Sneakers Streetwear Negros,1,72.01,72.01
515,2026-05-16 20:39:06,60,Diana Torres,diana.torres20@gmail.com,115,Chaqueta Vintage Denim,4,82.55,330.2
516,2026-05-17 23:23:02,7,Miguel Flores,miguel.flores68@gmail.com,85,Hoodie Graphic Rojo,1,41.45,41.45
517,2026-05-05 07:48:17,83,Maria Castro,maria.castro9@gmail.com,81,Hoodie Oversize Negro,1,35.97,35.97
518,2026-05-21 22:59:38,14,Luis Flores,luis.flores15@gmail.com,183,Tank Top Streetwear Azul,3,29.53,88.59
519,2026-05-21 23:46:16,88,Sofia Paspuel,sofia.paspuel45@gmail.com,180,Zapatillas High Top,2,81.6,163.2
520,2026-05-25 14:40:00,42,Fernanda Navarro,fernanda.navarro34@gmail.com,97,Hoodie Urban Blue,4,57.89,231.56
521,2026-05-23 21:49:26,90,Andres Ruiz,andres.ruiz70@gmail.com,116,Chaqueta Cargo Negra,4,83.92,335.68
522,2026-05-27 12:47:19,55,Ana Acosta,ana.acosta99@gmail.com,5,Camiseta Vintage Roja,3,21.85,65.55
523,2026-05-04 12:55:39,77,Jose Lopez,jose.lopez69@gmail.com,122,Short Deportivo Gris,3,92.14,276.42
524,2026-05-19 08:00:13,94,Valeria Flores,valeria.flores75@gmail.com,180,Zapatillas High Top,5,81.6,408.0
525,2026-05-02 11:44:22,10,Sofia Torres,sofia.torres60@gmail.com,84,Hoodie Oversize Beige,4,40.08,160.32
526,2026-05-08 19:04:59,61,Ana Benitez,ana.benitez19@gmail.com,154,Lentes Vintage,5,45.98,229.9
527,2026-05-17 08:14:11,6,Andres Flores,andres.flores67@gmail.com,76,Pantalon Techwear Negro,1,29.12,29.12
528,2026-05-03 00:06:04,19,Diana Romero,diana.romero86@gmail.com,111,Chaqueta Puffer Blanca,2,77.07,154.14
529,2026-05-10 04:20:03,87,Emily Paspuel,emily.paspuel93@gmail.com,68,Pantalon Wide Leg Beige,1,18.16,18.16
530,2026-05-09 20:22:10,67,Miguel Paspuel,miguel.paspuel30@gmail.com,105,Chaqueta Cuero Negra,4,68.85,275.4
531,2026-05-13 06:07:40,78,Emily Herrera,emily.herrera26@gmail.com,39,Camisa Estampada Negra,2,68.43,136.86
532,2026-05-25 09:05:16,15,Jose Castro,jose.castro82@gmail.com,129,Short Casual Azul,1,101.73,101.73
533,2026-05-04 05:17:18,53,Fernanda Paspuel,fernanda.paspuel45@gmail.com,102,Chaqueta Denim Negra,1,64.74,64.74
534,2026-05-10 22:22:54,58,Carlos Vega,carlos.vega32@gmail.com,131,Short Vintage Denim,2,104.47,208.94
535,2026-05-25 20:03:08,23,Camila Castro,camila.castro71@gmail.com,105,Chaqueta Cuero Negra,4,68.85,275.4
536,2026-05-04 15:04:32,60,Diana Torres,diana.torres20@gmail.com,176,Sneakers Vintage Rojos,2,76.12,152.24
537,2026-05-06 12:20:58,19,Diana Romero,diana.romero86@gmail.com,3,Camiseta Oversize Negra,2,19.11,38.22
538,2026-05-08 19:28:15,15,Jose Castro,jose.castro82@gmail.com,114,Chaqueta Techwear Gris,1,81.18,81.18
539,2026-05-30 03:47:43,8,Paula Benitez,paula.benitez90@gmail.com,118,Chaqueta Utility Beige,3,86.66,259.98
540,2026-05-29 14:45:30,50,Juan Castro,juan.castro81@gmail.com,58,Jean Oversize Negro,2,94.46,188.92
541,2026-05-11 06:45:23,86,Maria Flores,maria.flores52@gmail.com,85,Hoodie Graphic Rojo,1,41.45,41.45
542,2026-05-24 05:09:31,96,Mateo Mora,mateo.mora34@gmail.com,157,Bolso Crossbody Negro,3,50.09,150.27
543,2026-05-31 08:51:43,1,Jose Suarez,jose.suarez11@gmail.com,89,Hoodie Streetwear Negro,5,46.93,234.65
544,2026-05-01 03:53:07,67,Miguel Paspuel,miguel.paspuel30@gmail.com,101,Chaqueta Denim Azul Claro,5,63.37,316.85
545,2026-05-08 22:27:07,35,Ana Lopez,ana.lopez61@gmail.com,15,Camiseta Oversize Gris,3,35.55,106.65
546,2026-05-07 16:16:54,7,Miguel Flores,miguel.flores68@gmail.com,32,Camisa Lino Beige,4,58.84,235.36
547,2026-05-16 04:05:08,18,Diego Lopez,diego.lopez92@gmail.com,151,Cadena Dorada,4,41.87,167.48
548,2026-05-18 08:16:46,26,Pedro Castro,pedro.castro94@gmail.com,71,Pantalon Formal Azul,1,22.27,22.27
549,2026-05-06 20:36:09,61,Ana Benitez,ana.benitez19@gmail.com,53,Jean Wide Leg Gris,3,87.61,262.83
550,2026-05-30 07:17:16,99,Valeria Herrera,valeria.herrera1@gmail.com,109,Chaqueta Oversize Gris,2,74.33,148.66
551,2026-05-27 10:43:22,23,Camila Castro,camila.castro71@gmail.com,14,Camiseta Boxy Fit,3,34.18,102.54
552,2026-05-11 15:16:12,19,Diana Romero,diana.romero86@gmail.com,183,Tank Top Streetwear Azul,2,29.53,59.06
553,2026-05-24 17:17:22,9,Miguel Mora,miguel.mora18@gmail.com,114,Chaqueta Techwear Gris,2,81.18,162.36
554,2026-05-01 02:00:22,63,Luis Salazar,luis.salazar83@gmail.com,139,Short Acid Wash,5,25.43,127.15
555,2026-05-28 05:02:20,71,Mateo Navarro,mateo.navarro72@gmail.com,98,Hoodie Retro Purple,4,59.26,237.04
556,2026-05-13 07:37:31,15,Jose Castro,jose.castro82@gmail.com,3,Camiseta Oversize Negra,5,19.11,95.55
557,2026-05-02 08:28:01,23,Camila Castro,camila.castro71@gmail.com,196,Polo Acid Wash Morado,4,54.36,217.44
558,2026-05-30 14:27:07,9,Miguel Mora,miguel.mora18@gmail.com,3,Camiseta Oversize Negra,2,19.11,38.22
559,2026-05-21 21:59:00,15,Jose Castro,jose.castro82@gmail.com,149,Cinturon Marron,5,39.13,195.65
560,2026-05-06 00:23:03,76,Maria Gomez,maria.gomez80@gmail.com,179,Zapatillas Techwear,2,80.23,160.46
561,2026-05-03 14:57:06,50,Juan Castro,juan.castro81@gmail.com,156,Mochila Streetwear,4,48.72,194.88
562,2026-05-30 12:02:42,88,Sofia Paspuel,sofia.paspuel45@gmail.com,8,Camiseta Anime Tokyo,2,25.96,51.92
563,2026-05-06 21:38:06,30,Lucia Acosta,lucia.acosta28@gmail.com,28,Camisa Casual Verde,2,53.36,106.72
564,2026-05-16 06:37:20,71,Mateo Navarro,mateo.navarro72@gmail.com,132,Short Loose Fit Gris,2,15.84,31.68
565,2026-05-18 00:32:23,35,Ana Lopez,ana.lopez61@gmail.com,3,Camiseta Oversize Negra,3,19.11,57.33
566,2026-05-20 07:27:58,29,Mateo Romero,mateo.romero24@gmail.com,176,Sneakers Vintage Rojos,2,76.12,152.24
567,2026-05-01 18:15:15,65,Paula Vega,paula.vega31@gmail.com,148,Cinturon Negro,3,37.76,113.28
568,2026-05-25 09:19:41,28,Fernanda Acosta,fernanda.acosta52@gmail.com,152,Pulsera Cuero Negra,1,43.24,43.24
569,2026-05-10 12:25:41,17,Pedro Gomez,pedro.gomez67@gmail.com,87,Hoodie Vintage Gris,2,44.19,88.38
570,2026-05-14 20:15:18,63,Luis Salazar,luis.salazar83@gmail.com,183,Tank Top Streetwear Azul,3,29.53,88.59
571,2026-05-11 02:56:26,11,Ana Flores,ana.flores99@gmail.com,74,Pantalon Slim Fit Gris,2,26.38,52.76
572,2026-05-26 08:52:02,11,Ana Flores,ana.flores99@gmail.com,67,Pantalon Wide Leg Negro,2,16.79,33.58
573,2026-05-06 09:57:59,3,Daniel Suarez,daniel.suarez49@gmail.com,190,Chompa Retro Celeste,5,42.9,214.5
574,2026-05-12 02:31:17,67,Miguel Paspuel,miguel.paspuel30@gmail.com,97,Hoodie Urban Blue,2,57.89,115.78
575,2026-05-09 04:11:04,16,Miguel Romero,miguel.romero59@gmail.com,187,Sudadera Boxy Fit Beige,2,37.17,74.34
576,2026-05-28 05:03:49,10,Sofia Torres,sofia.torres60@gmail.com,117,Chaqueta Casual Cafe,1,85.29,85.29
577,2026-05-11 16:12:43,12,Sofia Gomez,sofia.gomez66@gmail.com,171,Sneakers Retro Gris,5,69.27,346.35
578,2026-05-24 16:18:42,5,Daniel Acosta,daniel.acosta85@gmail.com,83,Hoodie Oversize Gris,3,38.71,116.13
579,2026-05-06 01:25:14,96,Mateo Mora,mateo.mora34@gmail.com,27,Camisa Satinada Plateada,1,51.99,51.99
580,2026-05-26 10:44:39,19,Diana Romero,diana.romero86@gmail.com,137,Short Minimalista Blanco,4,22.69,90.76
581,2026-05-30 19:13:45,17,Pedro Gomez,pedro.gomez67@gmail.com,142,Gorra Blanca,4,29.54,118.16
582,2026-05-19 08:21:32,81,Carlos Perez,carlos.perez8@gmail.com,197,Sudadera Boxy Fit Celeste,4,56.27,225.08
583,2026-05-23 08:48:14,31,Jose Perez,jose.perez2@gmail.com,18,Camiseta Hip Hop,2,39.66,79.32
584,2026-05-01 17:43:50,89,Ana Gomez,ana.gomez98@gmail.com,124,Short Baggy Beige,2,94.88,189.76
585,2026-05-27 20:05:51,100,Ana Torres,ana.torres87@gmail.com,55,Jean Carpenter Azul,2,90.35,180.7
586,2026-05-14 01:17:25,23,Camila Castro,camila.castro71@gmail.com,25,Camisa Oversize Beige,1,49.25,49.25
587,2026-05-09 03:42:42,32,Pedro Cruz,pedro.cruz61@gmail.com,71,Pantalon Formal Azul,3,22.27,66.81
588,2026-05-01 18:04:44,47,Valeria Benitez,valeria.benitez19@gmail.com,135,Short Techwear Verde,3,19.95,59.85
589,2026-05-08 00:45:25,63,Luis Salazar,luis.salazar83@gmail.com,164,Zapatillas Running Rojas,1,59.68,59.68
590,2026-05-15 21:26:15,47,Valeria Benitez,valeria.benitez19@gmail.com,31,Camisa Coreana Blanca,4,57.47,229.88
591,2026-05-27 14:10:02,26,Pedro Castro,pedro.castro94@gmail.com,39,Camisa Estampada Negra,2,68.43,136.86
592,2026-05-30 08:34:38,70,Diana Ruiz,diana.ruiz90@gmail.com,29,Camisa Casual Gris,4,54.73,218.92
593,2026-05-31 10:22:54,73,Miguel Navarro,miguel.navarro4@gmail.com,188,Tank Top Loose Fit Cafe,5,39.08,195.4
594,2026-05-09 23:55:17,93,Fernanda Benitez,fernanda.benitez10@gmail.com,145,Beanie Negro,4,33.65,134.6
595,2026-05-12 08:03:12,20,Carlos Lopez,carlos.lopez18@gmail.com,43,Jean Baggy Negro,4,73.91,295.64
596,2026-05-27 23:58:59,23,Camila Castro,camila.castro71@gmail.com,17,Camiseta Skate,1,38.29,38.29
597,2026-05-15 06:02:55,72,Mateo Paspuel,mateo.paspuel64@gmail.com,192,Sudadera Vintage Verde,4,46.72,186.88
598,2026-05-04 11:25:02,10,Sofia Torres,sofia.torres60@gmail.com,200,Chompa Retro Blanco,1,62.0,62.0
599,2026-05-02 05:17:48,41,Luis Gomez,luis.gomez94@gmail.com,79,Pantalon Urban Fit,3,33.23,99.69
600,2026-05-02 18:32:01,1,Jose Suarez,jose.suarez11@gmail.com,37,Camisa Loose Fit Gris,2,65.69,131.38
601,2026-05-11 22:40:03,100,Ana Torres,ana.torres87@gmail.com,88,Hoodie Streetwear Blanco,3,45.56,136.68
602,2026-05-14 01:31:32,34,Camila Paspuel,camila.paspuel92@gmail.com,112,Chaqueta Puffer Negra,1,78.44,78.44
603,2026-05-02 12:19:57,73,Miguel Navarro,miguel.navarro4@gmail.com,77,Pantalon Casual Cafe,4,30.49,121.96
604,2026-05-11 08:58:45,96,Mateo Mora,mateo.mora34@gmail.com,10,Camiseta Streetwear Urban,2,28.7,57.4
605,2026-05-05 23:32:37,69,Lucia Herrera,lucia.herrera62@gmail.com,152,Pulsera Cuero Negra,4,43.24,172.96
606,2026-05-28 16:53:41,62,Diego Perez,diego.perez69@gmail.com,155,Lentes Urbanos,5,47.35,236.75
607,2026-05-17 06:14:35,75,Miguel Vega,miguel.vega53@gmail.com,98,Hoodie Retro Purple,3,59.26,177.78
608,2026-05-05 01:31:34,79,Valeria Cruz,valeria.cruz58@gmail.com,61,Pantalon Cargo Negro,3,98.57,295.71
609,2026-05-12 03:19:09,7,Miguel Flores,miguel.flores68@gmail.com,200,Chompa Retro Blanco,5,62.0,310.0
610,2026-05-28 12:55:19,34,Camila Paspuel,camila.paspuel92@gmail.com,200,Chompa Retro Blanco,4,62.0,248.0
611,2026-05-02 05:19:30,94,Valeria Flores,valeria.flores75@gmail.com,100,Hoodie Monocromatico,5,62.0,310.0
612,2026-05-24 15:27:39,91,Camila Acosta,camila.acosta41@gmail.com,72,Pantalon Formal Negro,5,23.64,118.2
613,2026-05-25 14:15:51,73,Miguel Navarro,miguel.navarro4@gmail.com,56,Jean Streetwear Gris,2,91.72,183.44
614,2026-05-30 17:57:56,15,Jose Castro,jose.castro82@gmail.com,102,Chaqueta Denim Negra,5,64.74,323.7
615,2026-05-05 23:46:23,100,Ana Torres,ana.torres87@gmail.com,175,Sneakers Skate Azules,5,74.75,373.75
616,2026-05-28 16:52:56,26,Pedro Castro,pedro.castro94@gmail.com,41,Jean Baggy Azul Claro,5,71.17,355.85
617,2026-05-11 02:12:43,64,Emily Salazar,emily.salazar93@gmail.com,83,Hoodie Oversize Gris,1,38.71,38.71
618,2026-05-03 11:39:57,92,Paula Torres,paula.torres53@gmail.com,99,Hoodie College Green,1,60.63,60.63
619,2026-05-02 21:31:49,48,Miguel Torres,miguel.torres90@gmail.com,18,Camiseta Hip Hop,1,39.66,39.66
620,2026-05-25 14:26:17,89,Ana Gomez,ana.gomez98@gmail.com,100,Hoodie Monocromatico,1,62.0,62.0
621,2026-05-12 06:11:37,59,Luis Paspuel,luis.paspuel81@gmail.com,110,Chaqueta Impermeable Negra,4,75.7,302.8
622,2026-05-02 08:56:24,45,Fernanda Ruiz,fernanda.ruiz48@gmail.com,58,Jean Oversize Negro,2,94.46,188.92
623,2026-05-26 19:28:28,39,Ana Castro,ana.castro27@gmail.com,11,Camiseta Retro 90s,5,30.07,150.35
624,2026-05-29 07:01:57,91,Camila Acosta,camila.acosta41@gmail.com,169,Zapatos Casuales Beige,5,66.53,332.65
625,2026-05-14 23:41:30,95,Ana Cruz,ana.cruz50@gmail.com,91,Hoodie Essentials Arena,4,49.67,198.68
626,2026-05-05 14:25:35,88,Sofia Paspuel,sofia.paspuel45@gmail.com,147,Beanie Blanco,3,36.39,109.17
627,2026-05-02 05:26:02,18,Diego Lopez,diego.lopez92@gmail.com,103,Chaqueta Bomber Negra,5,66.11,330.55
628,2026-05-25 02:50:57,62,Diego Perez,diego.perez69@gmail.com,81,Hoodie Oversize Negro,3,35.97,107.91
629,2026-05-12 12:50:16,19,Diana Romero,diana.romero86@gmail.com,49,Jean Recto Azul,5,82.13,410.65
630,2026-05-23 08:14:39,87,Emily Paspuel,emily.paspuel93@gmail.com,53,Jean Wide Leg Gris,5,87.61,438.05
631,2026-05-10 07:27:11,8,Paula Benitez,paula.benitez90@gmail.com,94,Hoodie Boxy Fit Negro,1,53.78,53.78
632,2026-05-28 23:00:20,16,Miguel Romero,miguel.romero59@gmail.com,113,Chaqueta Streetwear Verde,4,79.81,319.24
633,2026-05-20 02:50:05,33,Emily Ruiz,emily.ruiz87@gmail.com,83,Hoodie Oversize Gris,2,38.71,77.42
634,2026-05-18 21:16:02,33,Emily Ruiz,emily.ruiz87@gmail.com,200,Chompa Retro Blanco,3,62.0,186.0
635,2026-05-09 18:57:10,56,Luis Cruz,luis.cruz91@gmail.com,91,Hoodie Essentials Arena,2,49.67,99.34
636,2026-05-17 01:21:02,92,Paula Torres,paula.torres53@gmail.com,185,Chompa Graphic Verde,4,33.35,133.4
637,2026-05-05 04:18:26,100,Ana Torres,ana.torres87@gmail.com,26,Camisa Oversize Negra,1,50.62,50.62
638,2026-05-07 22:17:10,36,Andres Rojas,andres.rojas47@gmail.com,44,Jean Baggy Gris,5,75.28,376.4
639,2026-05-18 07:56:54,41,Luis Gomez,luis.gomez94@gmail.com,66,Pantalon Jogger Azul,2,15.42,30.84
640,2026-05-25 22:01:36,77,Jose Lopez,jose.lopez69@gmail.com,46,Jean Skinny Negro,1,78.02,78.02
641,2026-05-25 12:17:52,86,Maria Flores,maria.flores52@gmail.com,151,Cadena Dorada,5,41.87,209.35
642,2026-05-28 19:14:11,38,Lucia Castro,lucia.castro3@gmail.com,173,Sneakers Streetwear Negros,5,72.01,360.05
643,2026-05-13 08:31:19,84,Daniel Flores,daniel.flores75@gmail.com,135,Short Techwear Verde,1,19.95,19.95
644,2026-05-14 17:41:04,42,Fernanda Navarro,fernanda.navarro34@gmail.com,191,Polo Oversize Rojo,2,44.81,89.62
645,2026-05-24 06:23:09,93,Fernanda Benitez,fernanda.benitez10@gmail.com,125,Short Cargo Verde,3,96.25,288.75
646,2026-05-17 10:21:21,18,Diego Lopez,diego.lopez92@gmail.com,83,Hoodie Oversize Gris,3,38.71,116.13
647,2026-05-01 20:39:42,80,Mateo Gomez,mateo.gomez40@gmail.com,23,Camisa Flannel Roja,2,46.51,93.02
648,2026-05-03 13:03:15,51,Daniel Gomez,daniel.gomez14@gmail.com,189,Conjunto Urban Morado,3,40.99,122.97
649,2026-05-23 04:27:38,59,Luis Paspuel,luis.paspuel81@gmail.com,15,Camiseta Oversize Gris,4,35.55,142.2
650,2026-05-20 17:25:51,83,Maria Castro,maria.castro9@gmail.com,114,Chaqueta Techwear Gris,1,81.18,81.18
651,2026-05-19 12:09:53,46,Daniel Mora,daniel.mora2@gmail.com,126,Short Running Azul,1,97.62,97.62
652,2026-05-05 03:59:15,4,Pedro Salazar,pedro.salazar91@gmail.com,32,Camisa Lino Beige,2,58.84,117.68
653,2026-05-01 19:17:01,25,Diego Suarez,diego.suarez45@gmail.com,92,Hoodie Minimalista Negro,2,51.04,102.08
654,2026-05-19 16:29:56,75,Miguel Vega,miguel.vega53@gmail.com,151,Cadena Dorada,4,41.87,167.48
655,2026-05-28 20:21:41,10,Sofia Torres,sofia.torres60@gmail.com,108,Chaqueta Oversize Beige,1,72.96,72.96
656,2026-05-10 15:49:26,51,Daniel Gomez,daniel.gomez14@gmail.com,72,Pantalon Formal Negro,5,23.64,118.2
657,2026-05-28 16:53:04,76,Maria Gomez,maria.gomez80@gmail.com,56,Jean Streetwear Gris,4,91.72,366.88
658,2026-05-04 03:02:03,1,Jose Suarez,jose.suarez11@gmail.com,99,Hoodie College Green,3,60.63,181.89
659,2026-05-21 02:48:25,55,Ana Acosta,ana.acosta99@gmail.com,189,Conjunto Urban Morado,5,40.99,204.95
660,2026-05-02 09:33:05,52,Camila Mora,camila.mora82@gmail.com,147,Beanie Blanco,3,36.39,109.17
661,2026-05-25 19:42:40,99,Valeria Herrera,valeria.herrera1@gmail.com,200,Chompa Retro Blanco,1,62.0,62.0
662,2026-05-05 01:15:00,8,Paula Benitez,paula.benitez90@gmail.com,76,Pantalon Techwear Negro,5,29.12,145.6
663,2026-05-17 20:01:49,42,Fernanda Navarro,fernanda.navarro34@gmail.com,186,Polo Acid Wash Gris,3,35.26,105.78
664,2026-05-18 10:38:16,79,Valeria Cruz,valeria.cruz58@gmail.com,198,Tank Top Loose Fit Color191,3,58.18,174.54
665,2026-05-15 13:21:53,50,Juan Castro,juan.castro81@gmail.com,48,Jean Cargo Beige,1,80.76,80.76
666,2026-05-03 05:15:50,72,Mateo Paspuel,mateo.paspuel64@gmail.com,6,Camiseta Vintage Azul,5,23.22,116.1
667,2026-05-15 04:18:59,93,Fernanda Benitez,fernanda.benitez10@gmail.com,40,Camisa Denim Azul,4,69.8,279.2
668,2026-05-19 05:05:51,71,Mateo Navarro,mateo.navarro72@gmail.com,159,Medias Blancas,4,52.83,211.32
669,2026-05-22 01:41:05,23,Camila Castro,camila.castro71@gmail.com,159,Medias Blancas,1,52.83,52.83
670,2026-05-13 01:14:56,60,Diana Torres,diana.torres20@gmail.com,44,Jean Baggy Gris,2,75.28,150.56
671,2026-05-12 22:24:16,32,Pedro Cruz,pedro.cruz61@gmail.com,15,Camiseta Oversize Gris,5,35.55,177.75
672,2026-05-11 17:20:16,19,Diana Romero,diana.romero86@gmail.com,158,Riñonera Gris,3,51.46,154.38
673,2026-05-06 08:55:07,97,Diego Rojas,diego.rojas44@gmail.com,28,Camisa Casual Verde,1,53.36,53.36
674,2026-05-31 06:58:14,30,Lucia Acosta,lucia.acosta28@gmail.com,191,Polo Oversize Rojo,2,44.81,89.62
675,2026-05-15 13:27:34,10,Sofia Torres,sofia.torres60@gmail.com,35,Camisa Rayada Azul,4,62.95,251.8
676,2026-05-28 23:50:51,92,Paula Torres,paula.torres53@gmail.com,117,Chaqueta Casual Cafe,4,85.29,341.16
677,2026-05-07 13:47:53,62,Diego Perez,diego.perez69@gmail.com,54,Jean Relaxed Fit Negro,4,88.98,355.92
678,2026-05-17 11:55:24,100,Ana Torres,ana.torres87@gmail.com,141,Gorra Negra,2,28.17,56.34
679,2026-05-06 08:09:37,57,Luis Acosta,luis.acosta47@gmail.com,95,Hoodie Acid Wash,5,55.15,275.75
680,2026-05-15 14:01:24,4,Pedro Salazar,pedro.salazar91@gmail.com,54,Jean Relaxed Fit Negro,1,88.98,88.98
681,2026-05-03 02:13:42,21,Lucia Suarez,lucia.suarez43@gmail.com,152,Pulsera Cuero Negra,2,43.24,86.48
682,2026-05-24 01:00:49,15,Jose Castro,jose.castro82@gmail.com,185,Chompa Graphic Verde,2,33.35,66.7
683,2026-05-23 08:52:52,84,Daniel Flores,daniel.flores75@gmail.com,93,Hoodie Zip Up Gris,2,52.41,104.82
684,2026-05-24 13:29:28,93,Fernanda Benitez,fernanda.benitez10@gmail.com,173,Sneakers Streetwear Negros,2,72.01,144.02
685,2026-05-03 14:54:05,81,Carlos Perez,carlos.perez8@gmail.com,40,Camisa Denim Azul,5,69.8,349.0
686,2026-05-12 18:55:53,27,Luis Mora,luis.mora33@gmail.com,66,Pantalon Jogger Azul,5,15.42,77.1
687,2026-05-20 08:50:24,69,Lucia Herrera,lucia.herrera62@gmail.com,112,Chaqueta Puffer Negra,3,78.44,235.32
688,2026-05-14 02:07:50,17,Pedro Gomez,pedro.gomez67@gmail.com,189,Conjunto Urban Morado,2,40.99,81.98
689,2026-05-09 21:19:50,16,Miguel Romero,miguel.romero59@gmail.com,109,Chaqueta Oversize Gris,5,74.33,371.65
690,2026-05-01 08:18:42,25,Diego Suarez,diego.suarez45@gmail.com,108,Chaqueta Oversize Beige,5,72.96,364.8
691,2026-05-17 14:29:47,79,Valeria Cruz,valeria.cruz58@gmail.com,76,Pantalon Techwear Negro,2,29.12,58.24
692,2026-05-14 16:35:53,74,Ana Mora,ana.mora16@gmail.com,187,Sudadera Boxy Fit Beige,1,37.17,37.17
693,2026-05-29 00:44:51,17,Pedro Gomez,pedro.gomez67@gmail.com,5,Camiseta Vintage Roja,3,21.85,65.55
694,2026-05-26 01:18:30,14,Luis Flores,luis.flores15@gmail.com,48,Jean Cargo Beige,5,80.76,403.8
695,2026-05-18 15:38:22,82,Sofia Romero,sofia.romero21@gmail.com,169,Zapatos Casuales Beige,4,66.53,266.12
696,2026-05-13 00:39:45,22,Emily Perez,emily.perez82@gmail.com,122,Short Deportivo Gris,1,92.14,92.14
697,2026-05-01 03:33:21,44,Fernanda Torres,fernanda.torres34@gmail.com,31,Camisa Coreana Blanca,1,57.47,57.47
698,2026-05-27 14:17:24,99,Valeria Herrera,valeria.herrera1@gmail.com,139,Short Acid Wash,5,25.43,127.15
699,2026-05-27 07:56:28,60,Diana Torres,diana.torres20@gmail.com,187,Sudadera Boxy Fit Beige,5,37.17,185.85
700,2026-05-06 17:38:53,47,Valeria Benitez,valeria.benitez19@gmail.com,163,Zapatillas Running Azul,3,58.31,174.93
701,2026-05-24 19:50:53,27,Luis Mora,luis.mora33@gmail.com,186,Polo Acid Wash Gris,3,35.26,105.78
702,2026-05-19 00:25:50,76,Maria Gomez,maria.gomez80@gmail.com,4,Camiseta Oversize Blanca,5,20.48,102.4
703,2026-05-27 08:45:10,12,Sofia Gomez,sofia.gomez66@gmail.com,142,Gorra Blanca,5,29.54,147.7
704,2026-05-01 01:42:18,100,Ana Torres,ana.torres87@gmail.com,185,Chompa Graphic Verde,5,33.35,166.75
705,2026-05-10 18:26:38,82,Sofia Romero,sofia.romero21@gmail.com,111,Chaqueta Puffer Blanca,1,77.07,77.07
706,2026-05-16 23:21:06,67,Miguel Paspuel,miguel.paspuel30@gmail.com,41,Jean Baggy Azul Claro,4,71.17,284.68
707,2026-05-22 01:02:29,5,Daniel Acosta,daniel.acosta85@gmail.com,106,Chaqueta Varsity Roja,4,70.22,280.88
708,2026-05-11 00:24:34,34,Camila Paspuel,camila.paspuel92@gmail.com,73,Pantalon Deportivo Blanco,2,25.01,50.02
709,2026-05-17 04:57:27,25,Diego Suarez,diego.suarez45@gmail.com,22,Camisa Formal Negra,3,45.14,135.42
710,2026-05-25 00:24:24,28,Fernanda Acosta,fernanda.acosta52@gmail.com,74,Pantalon Slim Fit Gris,3,26.38,79.14
711,2026-05-30 23:13:23,7,Miguel Flores,miguel.flores68@gmail.com,79,Pantalon Urban Fit,1,33.23,33.23
712,2026-05-19 14:09:45,20,Carlos Lopez,carlos.lopez18@gmail.com,153,Pulsera Acero,2,44.61,89.22
713,2026-05-11 13:04:05,38,Lucia Castro,lucia.castro3@gmail.com,18,Camiseta Hip Hop,3,39.66,118.98
714,2026-05-30 03:31:41,90,Andres Ruiz,andres.ruiz70@gmail.com,15,Camiseta Oversize Gris,2,35.55,71.1
715,2026-05-02 05:25:51,98,Ana Navarro,ana.navarro44@gmail.com,189,Conjunto Urban Morado,1,40.99,40.99
716,2026-05-13 18:22:49,80,Mateo Gomez,mateo.gomez40@gmail.com,181,Polo Oversize Negro,4,25.71,102.84
717,2026-05-25 18:36:22,89,Ana Gomez,ana.gomez98@gmail.com,101,Chaqueta Denim Azul Claro,4,63.37,253.48
718,2026-05-10 03:59:43,50,Juan Castro,juan.castro81@gmail.com,170,Zapatos Formales Negros,3,67.9,203.7
719,2026-05-09 19:07:22,1,Jose Suarez,jose.suarez11@gmail.com,9,Camiseta Graphic Dragon,3,27.33,81.99
720,2026-05-10 04:50:19,39,Ana Castro,ana.castro27@gmail.com,5,Camiseta Vintage Roja,2,21.85,43.7
721,2026-05-11 12:09:07,69,Lucia Herrera,lucia.herrera62@gmail.com,132,Short Loose Fit Gris,1,15.84,15.84
722,2026-05-22 20:56:03,65,Paula Vega,paula.vega31@gmail.com,69,Pantalon Streetwear Gris,4,19.53,78.12
723,2026-05-20 21:23:04,70,Diana Ruiz,diana.ruiz90@gmail.com,86,Hoodie Graphic Negro,2,42.82,85.64
724,2026-05-19 16:13:54,99,Valeria Herrera,valeria.herrera1@gmail.com,183,Tank Top Streetwear Azul,2,29.53,59.06
725,2026-05-01 21:19:46,3,Daniel Suarez,daniel.suarez49@gmail.com,22,Camisa Formal Negra,3,45.14,135.42
726,2026-05-23 06:40:07,24,Jose Gomez,jose.gomez27@gmail.com,164,Zapatillas Running Rojas,2,59.68,119.36
727,2026-05-02 21:36:17,50,Juan Castro,juan.castro81@gmail.com,69,Pantalon Streetwear Gris,2,19.53,39.06
728,2026-05-05 13:28:42,96,Mateo Mora,mateo.mora34@gmail.com,133,Short Oversize Beige,2,17.21,34.42
729,2026-05-17 17:22:05,45,Fernanda Ruiz,fernanda.ruiz48@gmail.com,22,Camisa Formal Negra,5,45.14,225.7
730,2026-05-14 18:44:18,2,Carlos Suarez,carlos.suarez87@gmail.com,123,Short Baggy Negro,5,93.51,467.55
731,2026-05-27 13:11:57,38,Lucia Castro,lucia.castro3@gmail.com,195,Chompa Graphic Cafe,3,52.45,157.35
732,2026-05-24 18:06:33,23,Camila Castro,camila.castro71@gmail.com,76,Pantalon Techwear Negro,2,29.12,58.24
733,2026-05-22 13:32:33,23,Camila Castro,camila.castro71@gmail.com,136,Short Urban Gray,4,21.32,85.28
734,2026-05-11 14:56:41,81,Carlos Perez,carlos.perez8@gmail.com,190,Chompa Retro Celeste,2,42.9,85.8
735,2026-05-17 11:12:27,40,Luis Castro,luis.castro1@gmail.com,129,Short Casual Azul,4,101.73,406.92
736,2026-05-16 22:24:05,98,Ana Navarro,ana.navarro44@gmail.com,131,Short Vintage Denim,4,104.47,417.88
737,2026-05-21 14:33:10,87,Emily Paspuel,emily.paspuel93@gmail.com,120,Chaqueta Urban Black,2,89.4,178.8
738,2026-05-05 17:11:45,85,Fernanda Herrera,fernanda.herrera13@gmail.com,42,Jean Baggy Azul Oscuro,4,72.54,290.16
739,2026-05-23 10:28:54,2,Carlos Suarez,carlos.suarez87@gmail.com,141,Gorra Negra,5,28.17,140.85
740,2026-05-23 10:42:17,78,Emily Herrera,emily.herrera26@gmail.com,119,Chaqueta Windbreaker Azul,1,88.03,88.03
741,2026-05-18 12:33:23,77,Jose Lopez,jose.lopez69@gmail.com,197,Sudadera Boxy Fit Celeste,5,56.27,281.35
742,2026-05-01 11:25:21,44,Fernanda Torres,fernanda.torres34@gmail.com,48,Jean Cargo Beige,5,80.76,403.8
743,2026-05-05 12:34:26,69,Lucia Herrera,lucia.herrera62@gmail.com,2,Camiseta Basica Blanca,3,17.74,53.22
744,2026-05-22 13:35:16,20,Carlos Lopez,carlos.lopez18@gmail.com,167,Botas Urbanas Cafe,1,63.79,63.79
745,2026-05-24 04:59:53,19,Diana Romero,diana.romero86@gmail.com,139,Short Acid Wash,3,25.43,76.29
746,2026-05-31 17:15:51,81,Carlos Perez,carlos.perez8@gmail.com,31,Camisa Coreana Blanca,4,57.47,229.88
747,2026-05-12 01:07:37,68,Miguel Rojas,miguel.rojas85@gmail.com,142,Gorra Blanca,2,29.54,59.08
748,2026-05-04 21:39:22,61,Ana Benitez,ana.benitez19@gmail.com,198,Tank Top Loose Fit Color191,5,58.18,290.9
749,2026-05-27 06:13:10,66,Daniel Cruz,daniel.cruz12@gmail.com,82,Hoodie Oversize Blanco,2,37.34,74.68
750,2026-05-18 18:30:03,22,Emily Perez,emily.perez82@gmail.com,21,Camisa Formal Blanca,5,43.77,218.85
751,2026-05-28 00:04:41,34,Camila Paspuel,camila.paspuel92@gmail.com,13,Camiseta Acid Wash,2,32.81,65.62
752,2026-05-27 03:28:06,100,Ana Torres,ana.torres87@gmail.com,179,Zapatillas Techwear,5,80.23,401.15
753,2026-05-29 07:28:34,98,Ana Navarro,ana.navarro44@gmail.com,173,Sneakers Streetwear Negros,5,72.01,360.05
754,2026-05-21 05:04:37,48,Miguel Torres,miguel.torres90@gmail.com,31,Camisa Coreana Blanca,2,57.47,114.94
755,2026-05-25 09:41:32,10,Sofia Torres,sofia.torres60@gmail.com,79,Pantalon Urban Fit,3,33.23,99.69
756,2026-05-31 20:05:51,80,Mateo Gomez,mateo.gomez40@gmail.com,134,Short Skate Negro,4,18.58,74.32
757,2026-05-29 07:04:32,18,Diego Lopez,diego.lopez92@gmail.com,47,Jean Cargo Verde,2,79.39,158.78
758,2026-05-19 19:51:17,82,Sofia Romero,sofia.romero21@gmail.com,98,Hoodie Retro Purple,4,59.26,237.04
759,2026-05-12 14:41:57,92,Paula Torres,paula.torres53@gmail.com,160,Medias Negras,2,54.2,108.4
760,2026-05-02 15:35:16,73,Miguel Navarro,miguel.navarro4@gmail.com,108,Chaqueta Oversize Beige,4,72.96,291.84
761,2026-05-11 02:20:05,69,Lucia Herrera,lucia.herrera62@gmail.com,75,Pantalon Tactical Verde,3,27.75,83.25
762,2026-05-10 19:54:33,3,Daniel Suarez,daniel.suarez49@gmail.com,183,Tank Top Streetwear Azul,5,29.53,147.65
763,2026-05-27 23:08:10,33,Emily Ruiz,emily.ruiz87@gmail.com,154,Lentes Vintage,5,45.98,229.9
764,2026-05-14 21:59:23,69,Lucia Herrera,lucia.herrera62@gmail.com,74,Pantalon Slim Fit Gris,1,26.38,26.38
765,2026-05-31 19:41:53,86,Maria Flores,maria.flores52@gmail.com,51,Jean Destroyed Azul,5,84.87,424.35
766,2026-05-01 14:44:57,5,Daniel Acosta,daniel.acosta85@gmail.com,86,Hoodie Graphic Negro,4,42.82,171.28
767,2026-05-04 18:48:32,19,Diana Romero,diana.romero86@gmail.com,110,Chaqueta Impermeable Negra,1,75.7,75.7
768,2026-05-05 20:02:36,84,Daniel Flores,daniel.flores75@gmail.com,197,Sudadera Boxy Fit Celeste,1,56.27,56.27
769,2026-05-07 01:14:38,97,Diego Rojas,diego.rojas44@gmail.com,124,Short Baggy Beige,5,94.88,474.4
770,2026-05-31 11:48:20,91,Camila Acosta,camila.acosta41@gmail.com,13,Camiseta Acid Wash,4,32.81,131.24
771,2026-05-07 07:24:31,61,Ana Benitez,ana.benitez19@gmail.com,1,Camiseta Basica Negra,3,16.37,49.11
772,2026-05-04 00:16:57,25,Diego Suarez,diego.suarez45@gmail.com,196,Polo Acid Wash Morado,2,54.36,108.72
773,2026-05-28 17:40:44,53,Fernanda Paspuel,fernanda.paspuel45@gmail.com,62,Pantalon Cargo Beige,2,99.94,199.88
774,2026-05-20 11:56:55,13,Luis Lopez,luis.lopez65@gmail.com,66,Pantalon Jogger Azul,2,15.42,30.84
775,2026-05-27 00:48:34,50,Juan Castro,juan.castro81@gmail.com,58,Jean Oversize Negro,2,94.46,188.92
776,2026-05-14 14:47:22,17,Pedro Gomez,pedro.gomez67@gmail.com,159,Medias Blancas,1,52.83,52.83
777,2026-05-25 18:00:16,66,Daniel Cruz,daniel.cruz12@gmail.com,199,Conjunto Urban Negro,3,60.09,180.27
778,2026-05-18 10:17:51,94,Valeria Flores,valeria.flores75@gmail.com,20,Camiseta Monocromatica,2,42.4,84.8
779,2026-05-14 10:13:14,8,Paula Benitez,paula.benitez90@gmail.com,104,Chaqueta Bomber Verde,4,67.48,269.92
780,2026-05-22 20:26:08,40,Luis Castro,luis.castro1@gmail.com,37,Camisa Loose Fit Gris,3,65.69,197.07
781,2026-05-29 09:36:24,80,Mateo Gomez,mateo.gomez40@gmail.com,109,Chaqueta Oversize Gris,5,74.33,371.65
782,2026-05-31 04:31:42,58,Carlos Vega,carlos.vega32@gmail.com,174,Sneakers Minimalistas,3,73.38,220.14
783,2026-05-01 07:10:54,74,Ana Mora,ana.mora16@gmail.com,46,Jean Skinny Negro,4,78.02,312.08
784,2026-05-07 22:54:23,1,Jose Suarez,jose.suarez11@gmail.com,39,Camisa Estampada Negra,3,68.43,205.29
785,2026-05-22 18:44:29,21,Lucia Suarez,lucia.suarez43@gmail.com,200,Chompa Retro Blanco,1,62.0,62.0
786,2026-05-16 04:51:11,5,Daniel Acosta,daniel.acosta85@gmail.com,184,Conjunto Minimalista Rojo,4,31.44,125.76
787,2026-05-31 11:14:09,15,Jose Castro,jose.castro82@gmail.com,193,Tank Top Streetwear Gris,4,48.63,194.52
788,2026-05-11 13:32:11,12,Sofia Gomez,sofia.gomez66@gmail.com,177,Tenis Deportivos Blancos,3,77.49,232.47
789,2026-05-06 06:13:27,62,Diego Perez,diego.perez69@gmail.com,144,Gorra Azul,4,32.28,129.12
790,2026-05-10 09:26:09,57,Luis Acosta,luis.acosta47@gmail.com,74,Pantalon Slim Fit Gris,4,26.38,105.52
791,2026-05-12 08:23:34,99,Valeria Herrera,valeria.herrera1@gmail.com,68,Pantalon Wide Leg Beige,5,18.16,90.8
792,2026-05-04 14:26:35,94,Valeria Flores,valeria.flores75@gmail.com,105,Chaqueta Cuero Negra,4,68.85,275.4
793,2026-05-17 00:23:46,8,Paula Benitez,paula.benitez90@gmail.com,59,Jean Urban Denim,1,95.83,95.83
794,2026-05-02 17:30:07,84,Daniel Flores,daniel.flores75@gmail.com,36,Camisa Slim Fit Blanca,4,64.32,257.28
795,2026-05-04 16:20:24,2,Carlos Suarez,carlos.suarez87@gmail.com,144,Gorra Azul,3,32.28,96.84
796,2026-05-12 11:25:29,40,Luis Castro,luis.castro1@gmail.com,11,Camiseta Retro 90s,3,30.07,90.21
797,2026-05-16 00:09:54,52,Camila Mora,camila.mora82@gmail.com,59,Jean Urban Denim,1,95.83,95.83
798,2026-05-07 16:08:03,92,Paula Torres,paula.torres53@gmail.com,115,Chaqueta Vintage Denim,3,82.55,247.65
799,2026-05-29 03:02:30,56,Luis Cruz,luis.cruz91@gmail.com,131,Short Vintage Denim,3,104.47,313.41
800,2026-05-23 11:27:57,47,Valeria Benitez,valeria.benitez19@gmail.com,196,Polo Acid Wash Morado,4,54.36,217.44
801,2026-05-31 04:12:19,19,Diana Romero,diana.romero86@gmail.com,179,Zapatillas Techwear,3,80.23,240.69
802,2026-05-09 09:39:22,11,Ana Flores,ana.flores99@gmail.com,56,Jean Streetwear Gris,4,91.72,366.88
803,2026-05-19 10:41:14,57,Luis Acosta,luis.acosta47@gmail.com,142,Gorra Blanca,5,29.54,147.7
804,2026-05-17 23:39:46,68,Miguel Rojas,miguel.rojas85@gmail.com,69,Pantalon Streetwear Gris,1,19.53,19.53
805,2026-05-06 17:42:45,77,Jose Lopez,jose.lopez69@gmail.com,155,Lentes Urbanos,2,47.35,94.7
806,2026-05-30 07:31:17,19,Diana Romero,diana.romero86@gmail.com,183,Tank Top Streetwear Azul,2,29.53,59.06
807,2026-05-17 04:52:28,76,Maria Gomez,maria.gomez80@gmail.com,62,Pantalon Cargo Beige,2,99.94,199.88
808,2026-05-19 06:58:18,51,Daniel Gomez,daniel.gomez14@gmail.com,174,Sneakers Minimalistas,1,73.38,73.38
809,2026-05-05 00:32:32,21,Lucia Suarez,lucia.suarez43@gmail.com,182,Sudadera Vintage Blanco,3,27.62,82.86
810,2026-05-18 00:43:32,75,Miguel Vega,miguel.vega53@gmail.com,59,Jean Urban Denim,5,95.83,479.15
811,2026-05-31 23:53:57,80,Mateo Gomez,mateo.gomez40@gmail.com,88,Hoodie Streetwear Blanco,4,45.56,182.24
812,2026-05-02 11:03:05,49,Miguel Benitez,miguel.benitez4@gmail.com,162,Zapatillas Urbanas Negras,4,56.94,227.76
813,2026-05-08 16:32:30,22,Emily Perez,emily.perez82@gmail.com,154,Lentes Vintage,1,45.98,45.98
814,2026-05-11 23:57:00,11,Ana Flores,ana.flores99@gmail.com,14,Camiseta Boxy Fit,4,34.18,136.72
815,2026-05-21 07:55:43,50,Juan Castro,juan.castro81@gmail.com,62,Pantalon Cargo Beige,2,99.94,199.88
816,2026-05-23 03:32:27,5,Daniel Acosta,daniel.acosta85@gmail.com,81,Hoodie Oversize Negro,4,35.97,143.88
817,2026-05-16 19:07:47,50,Juan Castro,juan.castro81@gmail.com,185,Chompa Graphic Verde,2,33.35,66.7
818,2026-05-13 14:16:34,29,Mateo Romero,mateo.romero24@gmail.com,46,Jean Skinny Negro,5,78.02,390.1
819,2026-05-13 17:40:36,88,Sofia Paspuel,sofia.paspuel45@gmail.com,65,Pantalon Jogger Negro,5,104.05,520.25
820,2026-05-02 13:08:35,65,Paula Vega,paula.vega31@gmail.com,2,Camiseta Basica Blanca,1,17.74,17.74
821,2026-05-07 23:16:09,44,Fernanda Torres,fernanda.torres34@gmail.com,144,Gorra Azul,4,32.28,129.12
822,2026-05-30 17:02:59,2,Carlos Suarez,carlos.suarez87@gmail.com,31,Camisa Coreana Blanca,2,57.47,114.94
823,2026-05-20 01:18:31,59,Luis Paspuel,luis.paspuel81@gmail.com,12,Camiseta Minimalista Beige,4,31.44,125.76
824,2026-05-06 11:02:56,66,Daniel Cruz,daniel.cruz12@gmail.com,141,Gorra Negra,3,28.17,84.51
825,2026-05-10 10:31:21,26,Pedro Castro,pedro.castro94@gmail.com,20,Camiseta Monocromatica,5,42.4,212.0
826,2026-05-09 00:50:14,79,Valeria Cruz,valeria.cruz58@gmail.com,22,Camisa Formal Negra,2,45.14,90.28
827,2026-05-18 19:18:02,88,Sofia Paspuel,sofia.paspuel45@gmail.com,136,Short Urban Gray,5,21.32,106.6
828,2026-05-26 14:17:37,6,Andres Flores,andres.flores67@gmail.com,49,Jean Recto Azul,5,82.13,410.65
829,2026-05-24 07:16:07,92,Paula Torres,paula.torres53@gmail.com,131,Short Vintage Denim,4,104.47,417.88
830,2026-05-06 02:49:36,4,Pedro Salazar,pedro.salazar91@gmail.com,104,Chaqueta Bomber Verde,1,67.48,67.48
831,2026-05-12 02:25:56,57,Luis Acosta,luis.acosta47@gmail.com,131,Short Vintage Denim,5,104.47,522.35
832,2026-05-21 15:49:56,79,Valeria Cruz,valeria.cruz58@gmail.com,74,Pantalon Slim Fit Gris,1,26.38,26.38
833,2026-05-08 16:37:38,20,Carlos Lopez,carlos.lopez18@gmail.com,136,Short Urban Gray,2,21.32,42.64
834,2026-05-27 12:25:42,78,Emily Herrera,emily.herrera26@gmail.com,71,Pantalon Formal Azul,3,22.27,66.81
835,2026-05-31 19:53:52,48,Miguel Torres,miguel.torres90@gmail.com,5,Camiseta Vintage Roja,1,21.85,21.85
836,2026-05-26 16:07:12,69,Lucia Herrera,lucia.herrera62@gmail.com,42,Jean Baggy Azul Oscuro,1,72.54,72.54
837,2026-05-14 20:31:30,94,Valeria Flores,valeria.flores75@gmail.com,84,Hoodie Oversize Beige,5,40.08,200.4
838,2026-05-23 07:41:21,56,Luis Cruz,luis.cruz91@gmail.com,36,Camisa Slim Fit Blanca,5,64.32,321.6
839,2026-05-08 11:53:58,32,Pedro Cruz,pedro.cruz61@gmail.com,68,Pantalon Wide Leg Beige,2,18.16,36.32
840,2026-05-06 01:33:23,74,Ana Mora,ana.mora16@gmail.com,9,Camiseta Graphic Dragon,2,27.33,54.66
841,2026-05-30 14:20:30,53,Fernanda Paspuel,fernanda.paspuel45@gmail.com,39,Camisa Estampada Negra,4,68.43,273.72
842,2026-05-20 01:15:12,6,Andres Flores,andres.flores67@gmail.com,9,Camiseta Graphic Dragon,5,27.33,136.65
843,2026-05-22 07:30:48,85,Fernanda Herrera,fernanda.herrera13@gmail.com,140,Short Cargo Gris,3,26.8,80.4
844,2026-05-09 14:21:16,95,Ana Cruz,ana.cruz50@gmail.com,9,Camiseta Graphic Dragon,3,27.33,81.99
845,2026-05-23 21:00:50,62,Diego Perez,diego.perez69@gmail.com,11,Camiseta Retro 90s,1,30.07,30.07
846,2026-05-27 05:34:47,37,Camila Rojas,camila.rojas50@gmail.com,142,Gorra Blanca,2,29.54,59.08
847,2026-05-20 08:52:30,17,Pedro Gomez,pedro.gomez67@gmail.com,98,Hoodie Retro Purple,3,59.26,177.78
848,2026-05-05 12:30:52,3,Daniel Suarez,daniel.suarez49@gmail.com,47,Jean Cargo Verde,2,79.39,158.78
849,2026-05-25 07:24:15,82,Sofia Romero,sofia.romero21@gmail.com,66,Pantalon Jogger Azul,2,15.42,30.84
850,2026-05-12 10:18:47,92,Paula Torres,paula.torres53@gmail.com,137,Short Minimalista Blanco,5,22.69,113.45
851,2026-05-12 23:19:39,52,Camila Mora,camila.mora82@gmail.com,12,Camiseta Minimalista Beige,5,31.44,157.2
852,2026-05-01 14:17:26,40,Luis Castro,luis.castro1@gmail.com,188,Tank Top Loose Fit Cafe,1,39.08,39.08
853,2026-05-13 16:15:53,16,Miguel Romero,miguel.romero59@gmail.com,197,Sudadera Boxy Fit Celeste,5,56.27,281.35
854,2026-05-06 12:37:32,17,Pedro Gomez,pedro.gomez67@gmail.com,151,Cadena Dorada,1,41.87,41.87
855,2026-05-27 20:26:32,62,Diego Perez,diego.perez69@gmail.com,136,Short Urban Gray,5,21.32,106.6
856,2026-05-10 18:56:44,35,Ana Lopez,ana.lopez61@gmail.com,44,Jean Baggy Gris,4,75.28,301.12
857,2026-05-12 04:40:51,14,Luis Flores,luis.flores15@gmail.com,28,Camisa Casual Verde,5,53.36,266.8
858,2026-05-17 16:34:19,41,Luis Gomez,luis.gomez94@gmail.com,119,Chaqueta Windbreaker Azul,1,88.03,88.03
859,2026-05-25 17:39:55,78,Emily Herrera,emily.herrera26@gmail.com,89,Hoodie Streetwear Negro,2,46.93,93.86
860,2026-05-11 10:09:19,85,Fernanda Herrera,fernanda.herrera13@gmail.com,124,Short Baggy Beige,5,94.88,474.4
861,2026-05-16 23:48:52,31,Jose Perez,jose.perez2@gmail.com,184,Conjunto Minimalista Rojo,3,31.44,94.32
862,2026-05-15 19:07:11,7,Miguel Flores,miguel.flores68@gmail.com,82,Hoodie Oversize Blanco,2,37.34,74.68
863,2026-05-13 17:56:18,27,Luis Mora,luis.mora33@gmail.com,198,Tank Top Loose Fit Color191,2,58.18,116.36
864,2026-05-26 12:19:41,52,Camila Mora,camila.mora82@gmail.com,78,Pantalon Recto Beige,3,31.86,95.58
865,2026-05-31 18:51:12,18,Diego Lopez,diego.lopez92@gmail.com,8,Camiseta Anime Tokyo,3,25.96,77.88
866,2026-05-24 07:54:57,12,Sofia Gomez,sofia.gomez66@gmail.com,192,Sudadera Vintage Verde,5,46.72,233.6
867,2026-05-03 03:56:33,39,Ana Castro,ana.castro27@gmail.com,127,Short Basketball Rojo,3,98.99,296.97
868,2026-05-25 19:12:41,79,Valeria Cruz,valeria.cruz58@gmail.com,160,Medias Negras,3,54.2,162.6
869,2026-05-24 12:33:40,85,Fernanda Herrera,fernanda.herrera13@gmail.com,142,Gorra Blanca,4,29.54,118.16
870,2026-05-13 09:29:20,10,Sofia Torres,sofia.torres60@gmail.com,136,Short Urban Gray,2,21.32,42.64
871,2026-05-11 04:47:35,34,Camila Paspuel,camila.paspuel92@gmail.com,63,Pantalon Cargo Verde,4,101.31,405.24
872,2026-05-27 05:57:28,91,Camila Acosta,camila.acosta41@gmail.com,4,Camiseta Oversize Blanca,5,20.48,102.4
873,2026-05-25 04:46:23,52,Camila Mora,camila.mora82@gmail.com,62,Pantalon Cargo Beige,1,99.94,99.94
874,2026-05-19 02:07:24,99,Valeria Herrera,valeria.herrera1@gmail.com,52,Jean Vintage Wash,1,86.24,86.24
875,2026-05-18 04:54:08,22,Emily Perez,emily.perez82@gmail.com,177,Tenis Deportivos Blancos,1,77.49,77.49
876,2026-05-25 10:13:47,33,Emily Ruiz,emily.ruiz87@gmail.com,54,Jean Relaxed Fit Negro,2,88.98,177.96
877,2026-05-09 05:49:41,56,Luis Cruz,luis.cruz91@gmail.com,163,Zapatillas Running Azul,1,58.31,58.31
878,2026-05-04 17:51:56,42,Fernanda Navarro,fernanda.navarro34@gmail.com,175,Sneakers Skate Azules,3,74.75,224.25
879,2026-05-28 22:36:11,69,Lucia Herrera,lucia.herrera62@gmail.com,63,Pantalon Cargo Verde,5,101.31,506.55
880,2026-05-18 12:14:29,98,Ana Navarro,ana.navarro44@gmail.com,153,Pulsera Acero,4,44.61,178.44
881,2026-05-23 10:51:18,56,Luis Cruz,luis.cruz91@gmail.com,59,Jean Urban Denim,3,95.83,287.49
882,2026-05-30 15:47:55,25,Diego Suarez,diego.suarez45@gmail.com,158,Riñonera Gris,2,51.46,102.92
883,2026-05-07 03:23:46,27,Luis Mora,luis.mora33@gmail.com,123,Short Baggy Negro,2,93.51,187.02
884,2026-05-26 21:16:27,54,Diego Flores,diego.flores78@gmail.com,126,Short Running Azul,4,97.62,390.48
885,2026-05-19 03:22:13,94,Valeria Flores,valeria.flores75@gmail.com,156,Mochila Streetwear,3,48.72,146.16
886,2026-05-09 22:50:59,55,Ana Acosta,ana.acosta99@gmail.com,130,Short Casual Blanco,1,103.1,103.1
887,2026-05-28 17:28:01,81,Carlos Perez,carlos.perez8@gmail.com,47,Jean Cargo Verde,4,79.39,317.56
888,2026-05-03 07:14:11,6,Andres Flores,andres.flores67@gmail.com,71,Pantalon Formal Azul,1,22.27,22.27
889,2026-05-23 08:58:18,53,Fernanda Paspuel,fernanda.paspuel45@gmail.com,169,Zapatos Casuales Beige,1,66.53,66.53
890,2026-05-01 05:41:43,8,Paula Benitez,paula.benitez90@gmail.com,45,Jean Skinny Azul,2,76.65,153.3
891,2026-05-24 12:59:40,2,Carlos Suarez,carlos.suarez87@gmail.com,194,Conjunto Minimalista Beige,1,50.54,50.54
892,2026-05-01 06:10:28,44,Fernanda Torres,fernanda.torres34@gmail.com,175,Sneakers Skate Azules,5,74.75,373.75
893,2026-05-24 11:13:27,100,Ana Torres,ana.torres87@gmail.com,194,Conjunto Minimalista Beige,3,50.54,151.62
894,2026-05-01 16:00:57,51,Daniel Gomez,daniel.gomez14@gmail.com,148,Cinturon Negro,2,37.76,75.52
895,2026-05-13 23:39:01,74,Ana Mora,ana.mora16@gmail.com,5,Camiseta Vintage Roja,2,21.85,43.7
896,2026-05-25 23:01:40,95,Ana Cruz,ana.cruz50@gmail.com,45,Jean Skinny Azul,1,76.65,76.65
897,2026-05-27 00:48:41,57,Luis Acosta,luis.acosta47@gmail.com,149,Cinturon Marron,4,39.13,156.52
898,2026-05-14 01:38:50,17,Pedro Gomez,pedro.gomez67@gmail.com,60,Jean Acid Wash,3,97.2,291.6
899,2026-05-29 17:06:15,28,Fernanda Acosta,fernanda.acosta52@gmail.com,70,Pantalon Streetwear Negro,4,20.9,83.6
900,2026-05-08 21:24:22,61,Ana Benitez,ana.benitez19@gmail.com,91,Hoodie Essentials Arena,4,49.67,198.68
901,2026-05-15 15:25:23,46,Daniel Mora,daniel.mora2@gmail.com,67,Pantalon Wide Leg Negro,5,16.79,83.95
902,2026-05-28 19:43:56,43,Jose Rojas,jose.rojas67@gmail.com,100,Hoodie Monocromatico,4,62.0,248.0
903,2026-05-03 01:34:47,60,Diana Torres,diana.torres20@gmail.com,109,Chaqueta Oversize Gris,2,74.33,148.66
904,2026-05-10 10:46:16,14,Luis Flores,luis.flores15@gmail.com,182,Sudadera Vintage Blanco,4,27.62,110.48
905,2026-05-31 12:21:21,90,Andres Ruiz,andres.ruiz70@gmail.com,171,Sneakers Retro Gris,5,69.27,346.35
906,2026-05-17 22:23:07,41,Luis Gomez,luis.gomez94@gmail.com,118,Chaqueta Utility Beige,4,86.66,346.64
907,2026-05-14 09:09:43,85,Fernanda Herrera,fernanda.herrera13@gmail.com,116,Chaqueta Cargo Negra,3,83.92,251.76
908,2026-05-29 02:06:14,80,Mateo Gomez,mateo.gomez40@gmail.com,44,Jean Baggy Gris,3,75.28,225.84
909,2026-05-05 03:04:56,15,Jose Castro,jose.castro82@gmail.com,78,Pantalon Recto Beige,3,31.86,95.58
910,2026-05-13 23:35:21,43,Jose Rojas,jose.rojas67@gmail.com,94,Hoodie Boxy Fit Negro,2,53.78,107.56
911,2026-05-18 04:10:40,81,Carlos Perez,carlos.perez8@gmail.com,2,Camiseta Basica Blanca,4,17.74,70.96
912,2026-05-04 21:41:05,95,Ana Cruz,ana.cruz50@gmail.com,29,Camisa Casual Gris,5,54.73,273.65
913,2026-05-18 21:50:11,68,Miguel Rojas,miguel.rojas85@gmail.com,19,Camiseta Distressed,5,41.03,205.15
914,2026-05-07 07:06:03,93,Fernanda Benitez,fernanda.benitez10@gmail.com,136,Short Urban Gray,5,21.32,106.6
915,2026-05-23 00:17:27,81,Carlos Perez,carlos.perez8@gmail.com,3,Camiseta Oversize Negra,1,19.11,19.11
916,2026-05-15 00:38:00,63,Luis Salazar,luis.salazar83@gmail.com,187,Sudadera Boxy Fit Beige,5,37.17,185.85
917,2026-05-28 09:41:08,2,Carlos Suarez,carlos.suarez87@gmail.com,147,Beanie Blanco,2,36.39,72.78
918,2026-05-22 23:12:50,56,Luis Cruz,luis.cruz91@gmail.com,13,Camiseta Acid Wash,4,32.81,131.24
919,2026-05-19 11:05:19,78,Emily Herrera,emily.herrera26@gmail.com,43,Jean Baggy Negro,5,73.91,369.55
920,2026-05-30 18:08:34,80,Mateo Gomez,mateo.gomez40@gmail.com,98,Hoodie Retro Purple,5,59.26,296.3
921,2026-05-11 10:49:53,86,Maria Flores,maria.flores52@gmail.com,65,Pantalon Jogger Negro,1,104.05,104.05
922,2026-05-26 03:22:30,29,Mateo Romero,mateo.romero24@gmail.com,163,Zapatillas Running Azul,3,58.31,174.93
923,2026-05-25 22:37:13,78,Emily Herrera,emily.herrera26@gmail.com,34,Camisa Streetwear Negra,2,61.58,123.16
924,2026-05-29 10:32:37,9,Miguel Mora,miguel.mora18@gmail.com,67,Pantalon Wide Leg Negro,2,16.79,33.58
925,2026-05-14 00:36:15,69,Lucia Herrera,lucia.herrera62@gmail.com,48,Jean Cargo Beige,5,80.76,403.8
926,2026-05-23 11:21:57,4,Pedro Salazar,pedro.salazar91@gmail.com,200,Chompa Retro Blanco,3,62.0,186.0
927,2026-05-30 04:57:29,73,Miguel Navarro,miguel.navarro4@gmail.com,171,Sneakers Retro Gris,5,69.27,346.35
928,2026-05-17 17:07:33,93,Fernanda Benitez,fernanda.benitez10@gmail.com,94,Hoodie Boxy Fit Negro,4,53.78,215.12
929,2026-05-19 20:53:59,55,Ana Acosta,ana.acosta99@gmail.com,148,Cinturon Negro,5,37.76,188.8
930,2026-05-31 22:28:40,96,Mateo Mora,mateo.mora34@gmail.com,158,Riñonera Gris,4,51.46,205.84
931,2026-05-07 03:31:57,98,Ana Navarro,ana.navarro44@gmail.com,70,Pantalon Streetwear Negro,1,20.9,20.9
932,2026-05-25 15:53:15,96,Mateo Mora,mateo.mora34@gmail.com,119,Chaqueta Windbreaker Azul,2,88.03,176.06
933,2026-05-28 17:40:46,32,Pedro Cruz,pedro.cruz61@gmail.com,4,Camiseta Oversize Blanca,5,20.48,102.4
934,2026-05-12 13:51:21,56,Luis Cruz,luis.cruz91@gmail.com,157,Bolso Crossbody Negro,2,50.09,100.18
935,2026-05-15 06:08:22,81,Carlos Perez,carlos.perez8@gmail.com,87,Hoodie Vintage Gris,3,44.19,132.57
936,2026-05-14 14:54:57,77,Jose Lopez,jose.lopez69@gmail.com,24,Camisa Flannel Azul,4,47.88,191.52
937,2026-05-31 03:51:29,51,Daniel Gomez,daniel.gomez14@gmail.com,156,Mochila Streetwear,5,48.72,243.6
938,2026-05-18 15:24:38,58,Carlos Vega,carlos.vega32@gmail.com,109,Chaqueta Oversize Gris,2,74.33,148.66
939,2026-05-18 05:44:23,10,Sofia Torres,sofia.torres60@gmail.com,113,Chaqueta Streetwear Verde,1,79.81,79.81
940,2026-05-28 09:11:04,32,Pedro Cruz,pedro.cruz61@gmail.com,28,Camisa Casual Verde,5,53.36,266.8
941,2026-05-27 02:45:38,18,Diego Lopez,diego.lopez92@gmail.com,123,Short Baggy Negro,5,93.51,467.55
942,2026-05-29 23:11:52,11,Ana Flores,ana.flores99@gmail.com,2,Camiseta Basica Blanca,5,17.74,88.7
943,2026-05-18 01:03:27,97,Diego Rojas,diego.rojas44@gmail.com,199,Conjunto Urban Negro,4,60.09,240.36
944,2026-05-12 02:36:20,91,Camila Acosta,camila.acosta41@gmail.com,158,Riñonera Gris,3,51.46,154.38
945,2026-05-23 07:53:10,43,Jose Rojas,jose.rojas67@gmail.com,15,Camiseta Oversize Gris,5,35.55,177.75
946,2026-05-02 03:26:46,74,Ana Mora,ana.mora16@gmail.com,108,Chaqueta Oversize Beige,4,72.96,291.84
947,2026-05-11 04:41:04,95,Ana Cruz,ana.cruz50@gmail.com,126,Short Running Azul,2,97.62,195.24
948,2026-05-16 22:25:24,42,Fernanda Navarro,fernanda.navarro34@gmail.com,70,Pantalon Streetwear Negro,1,20.9,20.9
949,2026-05-21 04:30:06,97,Diego Rojas,diego.rojas44@gmail.com,160,Medias Negras,1,54.2,54.2
950,2026-05-21 02:26:58,53,Fernanda Paspuel,fernanda.paspuel45@gmail.com,143,Gorra Roja,3,30.91,92.73
951,2026-05-24 01:42:22,4,Pedro Salazar,pedro.salazar91@gmail.com,22,Camisa Formal Negra,3,45.14,135.42
952,2026-05-25 23:03:40,39,Ana Castro,ana.castro27@gmail.com,153,Pulsera Acero,1,44.61,44.61
953,2026-05-18 08:48:04,99,Valeria Herrera,valeria.herrera1@gmail.com,141,Gorra Negra,3,28.17,84.51
954,2026-05-06 11:05:49,62,Diego Perez,diego.perez69@gmail.com,123,Short Baggy Negro,4,93.51,374.04
955,2026-05-19 11:50:10,54,Diego Flores,diego.flores78@gmail.com,109,Chaqueta Oversize Gris,2,74.33,148.66
956,2026-05-19 23:26:47,59,Luis Paspuel,luis.paspuel81@gmail.com,34,Camisa Streetwear Negra,5,61.58,307.9
957,2026-05-07 03:51:52,64,Emily Salazar,emily.salazar93@gmail.com,149,Cinturon Marron,3,39.13,117.39
958,2026-05-07 06:41:58,7,Miguel Flores,miguel.flores68@gmail.com,122,Short Deportivo Gris,4,92.14,368.56
959,2026-05-18 06:13:10,69,Lucia Herrera,lucia.herrera62@gmail.com,188,Tank Top Loose Fit Cafe,2,39.08,78.16
960,2026-05-14 03:48:08,88,Sofia Paspuel,sofia.paspuel45@gmail.com,14,Camiseta Boxy Fit,4,34.18,136.72
961,2026-05-31 13:21:57,21,Lucia Suarez,lucia.suarez43@gmail.com,134,Short Skate Negro,3,18.58,55.74
962,2026-05-31 11:07:32,65,Paula Vega,paula.vega31@gmail.com,66,Pantalon Jogger Azul,5,15.42,77.1
963,2026-05-05 04:10:15,16,Miguel Romero,miguel.romero59@gmail.com,7,Camiseta Vintage Verde,2,24.59,49.18
964,2026-05-29 03:54:18,80,Mateo Gomez,mateo.gomez40@gmail.com,77,Pantalon Casual Cafe,4,30.49,121.96
965,2026-05-31 09:32:24,28,Fernanda Acosta,fernanda.acosta52@gmail.com,149,Cinturon Marron,1,39.13,39.13
966,2026-05-27 09:31:04,25,Diego Suarez,diego.suarez45@gmail.com,2,Camiseta Basica Blanca,5,17.74,88.7
967,2026-05-27 07:56:27,34,Camila Paspuel,camila.paspuel92@gmail.com,63,Pantalon Cargo Verde,5,101.31,506.55
968,2026-05-16 12:38:10,30,Lucia Acosta,lucia.acosta28@gmail.com,40,Camisa Denim Azul,5,69.8,349.0
969,2026-05-22 22:37:00,5,Daniel Acosta,daniel.acosta85@gmail.com,117,Chaqueta Casual Cafe,3,85.29,255.87
970,2026-05-03 07:45:47,39,Ana Castro,ana.castro27@gmail.com,145,Beanie Negro,3,33.65,100.95
971,2026-05-16 21:18:41,33,Emily Ruiz,emily.ruiz87@gmail.com,45,Jean Skinny Azul,3,76.65,229.95
972,2026-05-01 07:34:38,99,Valeria Herrera,valeria.herrera1@gmail.com,181,Polo Oversize Negro,3,25.71,77.13
973,2026-05-13 09:35:47,1,Jose Suarez,jose.suarez11@gmail.com,115,Chaqueta Vintage Denim,2,82.55,165.1
974,2026-05-11 20:53:36,30,Lucia Acosta,lucia.acosta28@gmail.com,114,Chaqueta Techwear Gris,1,81.18,81.18
975,2026-05-27 03:28:01,16,Miguel Romero,miguel.romero59@gmail.com,146,Beanie Gris,5,35.02,175.1
976,2026-05-19 22:35:34,76,Maria Gomez,maria.gomez80@gmail.com,50,Jean Recto Negro,4,83.5,334.0
977,2026-05-12 21:22:10,95,Ana Cruz,ana.cruz50@gmail.com,113,Chaqueta Streetwear Verde,2,79.81,159.62
978,2026-05-21 22:25:48,97,Diego Rojas,diego.rojas44@gmail.com,126,Short Running Azul,2,97.62,195.24
979,2026-05-13 15:43:22,16,Miguel Romero,miguel.romero59@gmail.com,126,Short Running Azul,5,97.62,488.1
980,2026-05-07 08:27:40,66,Daniel Cruz,daniel.cruz12@gmail.com,115,Chaqueta Vintage Denim,2,82.55,165.1
981,2026-05-08 15:17:15,59,Luis Paspuel,luis.paspuel81@gmail.com,16,Camiseta Oversize Cafe,2,36.92,73.84
982,2026-05-04 23:18:38,18,Diego Lopez,diego.lopez92@gmail.com,75,Pantalon Tactical Verde,4,27.75,111.0
983,2026-05-27 03:17:47,75,Miguel Vega,miguel.vega53@gmail.com,112,Chaqueta Puffer Negra,1,78.44,78.44
984,2026-05-05 23:58:48,76,Maria Gomez,maria.gomez80@gmail.com,190,Chompa Retro Celeste,1,42.9,42.9
985,2026-05-01 06:16:25,99,Valeria Herrera,valeria.herrera1@gmail.com,181,Polo Oversize Negro,2,25.71,51.42
986,2026-05-11 01:08:13,18,Diego Lopez,diego.lopez92@gmail.com,70,Pantalon Streetwear Negro,5,20.9,104.5
987,2026-05-30 14:11:29,18,Diego Lopez,diego.lopez92@gmail.com,89,Hoodie Streetwear Negro,2,46.93,93.86
988,2026-05-30 02:27:25,48,Miguel Torres,miguel.torres90@gmail.com,142,Gorra Blanca,2,29.54,59.08
989,2026-05-17 10:44:32,74,Ana Mora,ana.mora16@gmail.com,177,Tenis Deportivos Blancos,5,77.49,387.45
990,2026-05-11 03:42:58,42,Fernanda Navarro,fernanda.navarro34@gmail.com,77,Pantalon Casual Cafe,5,30.49,152.45
991,2026-05-07 06:37:10,33,Emily Ruiz,emily.ruiz87@gmail.com,29,Camisa Casual Gris,5,54.73,273.65
992,2026-05-17 19:45:56,99,Valeria Herrera,valeria.herrera1@gmail.com,93,Hoodie Zip Up Gris,2,52.41,104.82
993,2026-05-23 21:02:59,44,Fernanda Torres,fernanda.torres34@gmail.com,99,Hoodie College Green,3,60.63,181.89
994,2026-05-04 18:56:07,65,Paula Vega,paula.vega31@gmail.com,176,Sneakers Vintage Rojos,1,76.12,76.12
995,2026-05-02 13:50:23,67,Miguel Paspuel,miguel.paspuel30@gmail.com,8,Camiseta Anime Tokyo,2,25.96,51.92
996,2026-05-05 19:47:06,29,Mateo Romero,mateo.romero24@gmail.com,141,Gorra Negra,5,28.17,140.85
997,2026-05-04 09:34:14,8,Paula Benitez,paula.benitez90@gmail.com,5,Camiseta Vintage Roja,3,21.85,65.55
998,2026-05-15 18:52:25,26,Pedro Castro,pedro.castro94@gmail.com,97,Hoodie Urban Blue,5,57.89,289.45
999,2026-05-14 18:57:29,93,Fernanda Benitez,fernanda.benitez10@gmail.com,5,Camiseta Vintage Roja,4,21.85,87.4
1000,2026-05-29 12:43:12,78,Emily Herrera,emily.herrera26@gmail.com,185,Chompa Graphic Verde,3,33.35,100.05
1001,2026-05-14 10:47:21,91,Camila Acosta,camila.acosta41@gmail.com,58,Jean Oversize Negro,2,94.46,188.92
1002,2026-05-06 16:57:11,9,Miguel Mora,miguel.mora18@gmail.com,188,Tank Top Loose Fit Cafe,4,39.08,156.32
1003,2026-05-15 18:29:26,52,Camila Mora,camila.mora82@gmail.com,140,Short Cargo Gris,3,26.8,80.4
1004,2026-05-08 19:13:49,16,Miguel Romero,miguel.romero59@gmail.com,119,Chaqueta Windbreaker Azul,3,88.03,264.09
1005,2026-05-20 02:12:41,99,Valeria Herrera,valeria.herrera1@gmail.com,139,Short Acid Wash,4,25.43,101.72
1006,2026-05-07 01:57:34,78,Emily Herrera,emily.herrera26@gmail.com,145,Beanie Negro,1,33.65,33.65
1007,2026-05-24 16:25:19,93,Fernanda Benitez,fernanda.benitez10@gmail.com,66,Pantalon Jogger Azul,1,15.42,15.42
1008,2026-05-23 17:00:57,13,Luis Lopez,luis.lopez65@gmail.com,179,Zapatillas Techwear,1,80.23,80.23
1009,2026-05-02 20:17:01,3,Daniel Suarez,daniel.suarez49@gmail.com,11,Camiseta Retro 90s,1,30.07,30.07
1010,2026-05-23 01:36:38,11,Ana Flores,ana.flores99@gmail.com,115,Chaqueta Vintage Denim,3,82.55,247.65
1011,2026-05-30 19:36:48,31,Jose Perez,jose.perez2@gmail.com,196,Polo Acid Wash Morado,4,54.36,217.44
1012,2026-05-03 10:38:30,98,Ana Navarro,ana.navarro44@gmail.com,84,Hoodie Oversize Beige,3,40.08,120.24
1013,2026-05-23 09:54:15,66,Daniel Cruz,daniel.cruz12@gmail.com,170,Zapatos Formales Negros,2,67.9,135.8
1014,2026-05-30 11:37:08,9,Miguel Mora,miguel.mora18@gmail.com,111,Chaqueta Puffer Blanca,1,77.07,77.07
1015,2026-05-15 15:12:32,3,Daniel Suarez,daniel.suarez49@gmail.com,191,Polo Oversize Rojo,1,44.81,44.81
1016,2026-05-21 14:32:22,97,Diego Rojas,diego.rojas44@gmail.com,191,Polo Oversize Rojo,2,44.81,89.62
1017,2026-05-11 04:58:57,37,Camila Rojas,camila.rojas50@gmail.com,91,Hoodie Essentials Arena,3,49.67,149.01
1018,2026-05-09 11:57:01,83,Maria Castro,maria.castro9@gmail.com,58,Jean Oversize Negro,3,94.46,283.38
1019,2026-05-25 11:00:13,2,Carlos Suarez,carlos.suarez87@gmail.com,72,Pantalon Formal Negro,5,23.64,118.2
1020,2026-05-26 19:09:47,71,Mateo Navarro,mateo.navarro72@gmail.com,62,Pantalon Cargo Beige,3,99.94,299.82
1021,2026-05-21 03:28:03,1,Jose Suarez,jose.suarez11@gmail.com,134,Short Skate Negro,1,18.58,18.58
1022,2026-05-01 06:51:00,16,Miguel Romero,miguel.romero59@gmail.com,30,Camisa Manga Corta Azul,2,56.1,112.2
1023,2026-05-22 00:47:09,71,Mateo Navarro,mateo.navarro72@gmail.com,179,Zapatillas Techwear,3,80.23,240.69
1024,2026-05-20 00:21:26,28,Fernanda Acosta,fernanda.acosta52@gmail.com,91,Hoodie Essentials Arena,1,49.67,49.67
1025,2026-05-25 04:25:44,30,Lucia Acosta,lucia.acosta28@gmail.com,188,Tank Top Loose Fit Cafe,3,39.08,117.24
1026,2026-05-22 11:15:59,59,Luis Paspuel,luis.paspuel81@gmail.com,74,Pantalon Slim Fit Gris,5,26.38,131.9
1027,2026-05-09 02:54:01,23,Camila Castro,camila.castro71@gmail.com,83,Hoodie Oversize Gris,2,38.71,77.42
1028,2026-05-22 22:07:11,87,Emily Paspuel,emily.paspuel93@gmail.com,42,Jean Baggy Azul Oscuro,4,72.54,290.16
1029,2026-05-02 03:24:15,27,Luis Mora,luis.mora33@gmail.com,185,Chompa Graphic Verde,5,33.35,166.75
1030,2026-05-28 15:21:48,29,Mateo Romero,mateo.romero24@gmail.com,9,Camiseta Graphic Dragon,4,27.33,109.32
1031,2026-05-19 18:49:32,97,Diego Rojas,diego.rojas44@gmail.com,86,Hoodie Graphic Negro,3,42.82,128.46
1032,2026-05-21 04:18:03,65,Paula Vega,paula.vega31@gmail.com,199,Conjunto Urban Negro,1,60.09,60.09
1033,2026-05-29 12:47:41,15,Jose Castro,jose.castro82@gmail.com,90,Hoodie Anime Tokyo,5,48.3,241.5
1034,2026-05-23 03:58:22,43,Jose Rojas,jose.rojas67@gmail.com,134,Short Skate Negro,3,18.58,55.74
1035,2026-05-18 22:25:54,51,Daniel Gomez,daniel.gomez14@gmail.com,110,Chaqueta Impermeable Negra,5,75.7,378.5
1036,2026-05-15 23:16:20,45,Fernanda Ruiz,fernanda.ruiz48@gmail.com,111,Chaqueta Puffer Blanca,1,77.07,77.07
1037,2026-05-05 08:22:23,2,Carlos Suarez,carlos.suarez87@gmail.com,17,Camiseta Skate,3,38.29,114.87
1038,2026-05-30 23:54:12,12,Sofia Gomez,sofia.gomez66@gmail.com,123,Short Baggy Negro,2,93.51,187.02
1039,2026-05-26 21:08:52,77,Jose Lopez,jose.lopez69@gmail.com,63,Pantalon Cargo Verde,2,101.31,202.62
1040,2026-05-18 20:27:58,48,Miguel Torres,miguel.torres90@gmail.com,58,Jean Oversize Negro,5,94.46,472.3
1041,2026-05-28 20:55:31,36,Andres Rojas,andres.rojas47@gmail.com,81,Hoodie Oversize Negro,4,35.97,143.88
1042,2026-05-24 05:46:59,47,Valeria Benitez,valeria.benitez19@gmail.com,64,Pantalon Jogger Gris,5,102.68,513.4
1043,2026-05-09 20:12:58,95,Ana Cruz,ana.cruz50@gmail.com,65,Pantalon Jogger Negro,2,104.05,208.1
1044,2026-05-17 22:46:11,48,Miguel Torres,miguel.torres90@gmail.com,33,Camisa Oxford Celeste,4,60.21,240.84
1045,2026-05-29 18:17:20,36,Andres Rojas,andres.rojas47@gmail.com,100,Hoodie Monocromatico,4,62.0,248.0
1046,2026-05-28 01:30:10,68,Miguel Rojas,miguel.rojas85@gmail.com,191,Polo Oversize Rojo,5,44.81,224.05
1047,2026-05-28 00:05:55,85,Fernanda Herrera,fernanda.herrera13@gmail.com,10,Camiseta Streetwear Urban,5,28.7,143.5
1048,2026-05-31 04:10:14,80,Mateo Gomez,mateo.gomez40@gmail.com,171,Sneakers Retro Gris,2,69.27,138.54
1049,2026-05-28 01:26:39,35,Ana Lopez,ana.lopez61@gmail.com,118,Chaqueta Utility Beige,2,86.66,173.32
1050,2026-05-20 18:20:05,48,Miguel Torres,miguel.torres90@gmail.com,173,Sneakers Streetwear Negros,4,72.01,288.04
1051,2026-05-20 07:29:09,63,Luis Salazar,luis.salazar83@gmail.com,74,Pantalon Slim Fit Gris,2,26.38,52.76
1052,2026-05-30 17:05:09,72,Mateo Paspuel,mateo.paspuel64@gmail.com,159,Medias Blancas,5,52.83,264.15
1053,2026-05-24 15:38:58,55,Ana Acosta,ana.acosta99@gmail.com,48,Jean Cargo Beige,1,80.76,80.76
1054,2026-05-21 14:15:41,12,Sofia Gomez,sofia.gomez66@gmail.com,140,Short Cargo Gris,3,26.8,80.4
1055,2026-05-25 12:48:16,96,Mateo Mora,mateo.mora34@gmail.com,19,Camiseta Distressed,2,41.03,82.06
1056,2026-05-26 23:17:59,81,Carlos Perez,carlos.perez8@gmail.com,111,Chaqueta Puffer Blanca,5,77.07,385.35
1057,2026-05-10 00:56:27,77,Jose Lopez,jose.lopez69@gmail.com,42,Jean Baggy Azul Oscuro,3,72.54,217.62
1058,2026-05-05 06:38:04,42,Fernanda Navarro,fernanda.navarro34@gmail.com,1,Camiseta Basica Negra,2,16.37,32.74
1059,2026-05-28 15:21:59,23,Camila Castro,camila.castro71@gmail.com,36,Camisa Slim Fit Blanca,1,64.32,64.32
1060,2026-05-07 15:26:51,56,Luis Cruz,luis.cruz91@gmail.com,51,Jean Destroyed Azul,2,84.87,169.74
1061,2026-05-09 22:15:56,68,Miguel Rojas,miguel.rojas85@gmail.com,79,Pantalon Urban Fit,1,33.23,33.23
1062,2026-05-27 15:31:39,92,Paula Torres,paula.torres53@gmail.com,157,Bolso Crossbody Negro,2,50.09,100.18
1063,2026-05-21 14:10:33,79,Valeria Cruz,valeria.cruz58@gmail.com,178,Tenis Deportivos Negros,2,78.86,157.72
1064,2026-05-06 13:38:03,53,Fernanda Paspuel,fernanda.paspuel45@gmail.com,1,Camiseta Basica Negra,1,16.37,16.37
1065,2026-05-23 19:07:54,85,Fernanda Herrera,fernanda.herrera13@gmail.com,3,Camiseta Oversize Negra,5,19.11,95.55
1066,2026-05-15 18:58:16,52,Camila Mora,camila.mora82@gmail.com,160,Medias Negras,3,54.2,162.6
1067,2026-05-16 18:20:34,24,Jose Gomez,jose.gomez27@gmail.com,7,Camiseta Vintage Verde,3,24.59,73.77
1068,2026-05-01 11:16:30,77,Jose Lopez,jose.lopez69@gmail.com,12,Camiseta Minimalista Beige,5,31.44,157.2
1069,2026-05-05 11:38:37,20,Carlos Lopez,carlos.lopez18@gmail.com,123,Short Baggy Negro,4,93.51,374.04
1070,2026-05-19 15:56:23,20,Carlos Lopez,carlos.lopez18@gmail.com,125,Short Cargo Verde,3,96.25,288.75
1071,2026-05-27 14:52:50,24,Jose Gomez,jose.gomez27@gmail.com,114,Chaqueta Techwear Gris,2,81.18,162.36
1072,2026-05-27 12:42:55,40,Luis Castro,luis.castro1@gmail.com,60,Jean Acid Wash,4,97.2,388.8
1073,2026-05-23 19:25:56,22,Emily Perez,emily.perez82@gmail.com,87,Hoodie Vintage Gris,5,44.19,220.95
1074,2026-05-29 02:30:42,66,Daniel Cruz,daniel.cruz12@gmail.com,178,Tenis Deportivos Negros,2,78.86,157.72
1075,2026-05-04 14:40:11,4,Pedro Salazar,pedro.salazar91@gmail.com,51,Jean Destroyed Azul,4,84.87,339.48
1076,2026-05-07 01:25:41,30,Lucia Acosta,lucia.acosta28@gmail.com,104,Chaqueta Bomber Verde,1,67.48,67.48
1077,2026-05-06 03:29:14,79,Valeria Cruz,valeria.cruz58@gmail.com,124,Short Baggy Beige,5,94.88,474.4
1078,2026-05-18 03:27:18,90,Andres Ruiz,andres.ruiz70@gmail.com,128,Short Streetwear Negro,1,100.36,100.36
1079,2026-05-27 09:45:34,19,Diana Romero,diana.romero86@gmail.com,83,Hoodie Oversize Gris,5,38.71,193.55
1080,2026-05-10 09:43:40,80,Mateo Gomez,mateo.gomez40@gmail.com,39,Camisa Estampada Negra,1,68.43,68.43
1081,2026-05-28 12:39:14,37,Camila Rojas,camila.rojas50@gmail.com,160,Medias Negras,3,54.2,162.6
1082,2026-05-10 21:13:59,42,Fernanda Navarro,fernanda.navarro34@gmail.com,106,Chaqueta Varsity Roja,3,70.22,210.66
1083,2026-05-06 10:02:34,96,Mateo Mora,mateo.mora34@gmail.com,147,Beanie Blanco,1,36.39,36.39
1084,2026-05-08 06:01:39,1,Jose Suarez,jose.suarez11@gmail.com,37,Camisa Loose Fit Gris,3,65.69,197.07
1085,2026-05-22 01:29:18,68,Miguel Rojas,miguel.rojas85@gmail.com,105,Chaqueta Cuero Negra,5,68.85,344.25
1086,2026-05-15 15:22:06,70,Diana Ruiz,diana.ruiz90@gmail.com,69,Pantalon Streetwear Gris,4,19.53,78.12
1087,2026-05-18 09:54:53,74,Ana Mora,ana.mora16@gmail.com,31,Camisa Coreana Blanca,5,57.47,287.35
1088,2026-05-21 08:49:55,89,Ana Gomez,ana.gomez98@gmail.com,187,Sudadera Boxy Fit Beige,4,37.17,148.68
1089,2026-05-25 18:01:52,81,Carlos Perez,carlos.perez8@gmail.com,78,Pantalon Recto Beige,1,31.86,31.86
1090,2026-05-14 18:19:46,14,Luis Flores,luis.flores15@gmail.com,146,Beanie Gris,4,35.02,140.08
1091,2026-05-30 22:21:43,81,Carlos Perez,carlos.perez8@gmail.com,88,Hoodie Streetwear Blanco,5,45.56,227.8
1092,2026-05-28 10:11:03,1,Jose Suarez,jose.suarez11@gmail.com,44,Jean Baggy Gris,3,75.28,225.84
1093,2026-05-02 01:20:22,98,Ana Navarro,ana.navarro44@gmail.com,107,Chaqueta Varsity Negra,4,71.59,286.36
1094,2026-05-23 03:57:44,90,Andres Ruiz,andres.ruiz70@gmail.com,197,Sudadera Boxy Fit Celeste,5,56.27,281.35
1095,2026-05-25 23:35:20,60,Diana Torres,diana.torres20@gmail.com,36,Camisa Slim Fit Blanca,4,64.32,257.28
1096,2026-05-05 03:13:22,45,Fernanda Ruiz,fernanda.ruiz48@gmail.com,125,Short Cargo Verde,2,96.25,192.5
1097,2026-05-02 06:16:15,71,Mateo Navarro,mateo.navarro72@gmail.com,72,Pantalon Formal Negro,1,23.64,23.64
1098,2026-05-09 13:35:50,17,Pedro Gomez,pedro.gomez67@gmail.com,18,Camiseta Hip Hop,4,39.66,158.64
1099,2026-05-28 07:15:05,16,Miguel Romero,miguel.romero59@gmail.com,38,Camisa Vintage Cafe,2,67.06,134.12
1100,2026-05-16 08:25:20,83,Maria Castro,maria.castro9@gmail.com,18,Camiseta Hip Hop,1,39.66,39.66
1101,2026-05-07 01:37:22,9,Miguel Mora,miguel.mora18@gmail.com,84,Hoodie Oversize Beige,3,40.08,120.24
1102,2026-05-17 22:05:24,44,Fernanda Torres,fernanda.torres34@gmail.com,114,Chaqueta Techwear Gris,5,81.18,405.9
1103,2026-05-16 06:31:37,58,Carlos Vega,carlos.vega32@gmail.com,55,Jean Carpenter Azul,2,90.35,180.7
1104,2026-05-04 23:40:49,43,Jose Rojas,jose.rojas67@gmail.com,82,Hoodie Oversize Blanco,1,37.34,37.34
1105,2026-05-20 22:04:39,24,Jose Gomez,jose.gomez27@gmail.com,56,Jean Streetwear Gris,1,91.72,91.72
1106,2026-05-09 23:40:38,1,Jose Suarez,jose.suarez11@gmail.com,32,Camisa Lino Beige,2,58.84,117.68
1107,2026-05-24 14:58:34,56,Luis Cruz,luis.cruz91@gmail.com,154,Lentes Vintage,1,45.98,45.98
1108,2026-05-19 17:37:59,8,Paula Benitez,paula.benitez90@gmail.com,47,Jean Cargo Verde,5,79.39,396.95
1109,2026-05-22 06:47:36,92,Paula Torres,paula.torres53@gmail.com,193,Tank Top Streetwear Gris,5,48.63,243.15
1110,2026-05-18 02:52:39,15,Jose Castro,jose.castro82@gmail.com,27,Camisa Satinada Plateada,3,51.99,155.97
1111,2026-05-31 17:16:33,81,Carlos Perez,carlos.perez8@gmail.com,113,Chaqueta Streetwear Verde,2,79.81,159.62
1112,2026-05-21 02:49:43,62,Diego Perez,diego.perez69@gmail.com,137,Short Minimalista Blanco,1,22.69,22.69
1113,2026-05-27 00:14:22,28,Fernanda Acosta,fernanda.acosta52@gmail.com,36,Camisa Slim Fit Blanca,2,64.32,128.64
1114,2026-05-13 12:21:55,71,Mateo Navarro,mateo.navarro72@gmail.com,163,Zapatillas Running Azul,4,58.31,233.24
1115,2026-05-21 03:28:35,6,Andres Flores,andres.flores67@gmail.com,99,Hoodie College Green,5,60.63,303.15
1116,2026-05-04 20:25:25,50,Juan Castro,juan.castro81@gmail.com,90,Hoodie Anime Tokyo,5,48.3,241.5
1117,2026-05-02 00:43:32,96,Mateo Mora,mateo.mora34@gmail.com,27,Camisa Satinada Plateada,1,51.99,51.99
1118,2026-05-21 03:09:53,94,Valeria Flores,valeria.flores75@gmail.com,30,Camisa Manga Corta Azul,4,56.1,224.4
1119,2026-05-13 10:27:09,49,Miguel Benitez,miguel.benitez4@gmail.com,29,Camisa Casual Gris,3,54.73,164.19
1120,2026-05-14 06:16:26,87,Emily Paspuel,emily.paspuel93@gmail.com,131,Short Vintage Denim,4,104.47,417.88
1121,2026-05-01 04:08:53,58,Carlos Vega,carlos.vega32@gmail.com,186,Polo Acid Wash Gris,1,35.26,35.26
1122,2026-05-26 06:48:54,7,Miguel Flores,miguel.flores68@gmail.com,159,Medias Blancas,1,52.83,52.83
1123,2026-05-16 00:55:00,40,Luis Castro,luis.castro1@gmail.com,119,Chaqueta Windbreaker Azul,5,88.03,440.15
1124,2026-05-07 14:22:45,67,Miguel Paspuel,miguel.paspuel30@gmail.com,16,Camiseta Oversize Cafe,1,36.92,36.92
1125,2026-05-02 06:46:53,56,Luis Cruz,luis.cruz91@gmail.com,79,Pantalon Urban Fit,2,33.23,66.46
1126,2026-05-09 18:38:06,45,Fernanda Ruiz,fernanda.ruiz48@gmail.com,146,Beanie Gris,1,35.02,35.02
1127,2026-05-31 10:42:20,42,Fernanda Navarro,fernanda.navarro34@gmail.com,59,Jean Urban Denim,3,95.83,287.49
1128,2026-05-23 10:50:34,72,Mateo Paspuel,mateo.paspuel64@gmail.com,127,Short Basketball Rojo,5,98.99,494.95
1129,2026-05-21 02:49:46,35,Ana Lopez,ana.lopez61@gmail.com,31,Camisa Coreana Blanca,5,57.47,287.35
1130,2026-05-02 22:32:39,98,Ana Navarro,ana.navarro44@gmail.com,170,Zapatos Formales Negros,2,67.9,135.8
1131,2026-05-14 17:38:11,32,Pedro Cruz,pedro.cruz61@gmail.com,115,Chaqueta Vintage Denim,5,82.55,412.75
1132,2026-05-16 01:20:14,59,Luis Paspuel,luis.paspuel81@gmail.com,11,Camiseta Retro 90s,4,30.07,120.28
1133,2026-05-24 12:59:47,92,Paula Torres,paula.torres53@gmail.com,147,Beanie Blanco,1,36.39,36.39
1134,2026-05-01 04:07:30,24,Jose Gomez,jose.gomez27@gmail.com,48,Jean Cargo Beige,2,80.76,161.52
1135,2026-05-29 08:44:44,12,Sofia Gomez,sofia.gomez66@gmail.com,72,Pantalon Formal Negro,5,23.64,118.2
1136,2026-05-25 06:55:34,24,Jose Gomez,jose.gomez27@gmail.com,22,Camisa Formal Negra,4,45.14,180.56
1137,2026-05-31 10:19:30,87,Emily Paspuel,emily.paspuel93@gmail.com,154,Lentes Vintage,5,45.98,229.9
1138,2026-05-16 17:50:18,79,Valeria Cruz,valeria.cruz58@gmail.com,179,Zapatillas Techwear,2,80.23,160.46
1139,2026-05-12 12:18:23,97,Diego Rojas,diego.rojas44@gmail.com,96,Hoodie Techwear Gris,2,56.52,113.04
1140,2026-05-25 22:28:31,88,Sofia Paspuel,sofia.paspuel45@gmail.com,110,Chaqueta Impermeable Negra,5,75.7,378.5
1141,2026-05-11 05:32:16,59,Luis Paspuel,luis.paspuel81@gmail.com,175,Sneakers Skate Azules,3,74.75,224.25
1142,2026-05-15 21:32:26,13,Luis Lopez,luis.lopez65@gmail.com,191,Polo Oversize Rojo,4,44.81,179.24
1143,2026-05-03 14:57:21,92,Paula Torres,paula.torres53@gmail.com,56,Jean Streetwear Gris,4,91.72,366.88
1144,2026-05-29 18:29:22,70,Diana Ruiz,diana.ruiz90@gmail.com,119,Chaqueta Windbreaker Azul,1,88.03,88.03
1145,2026-05-29 08:35:06,17,Pedro Gomez,pedro.gomez67@gmail.com,34,Camisa Streetwear Negra,5,61.58,307.9
1146,2026-05-27 05:16:07,93,Fernanda Benitez,fernanda.benitez10@gmail.com,22,Camisa Formal Negra,4,45.14,180.56
1147,2026-05-08 06:39:56,5,Daniel Acosta,daniel.acosta85@gmail.com,189,Conjunto Urban Morado,2,40.99,81.98
1148,2026-05-25 00:07:54,4,Pedro Salazar,pedro.salazar91@gmail.com,137,Short Minimalista Blanco,3,22.69,68.07
1149,2026-05-19 20:24:59,20,Carlos Lopez,carlos.lopez18@gmail.com,111,Chaqueta Puffer Blanca,2,77.07,154.14
1150,2026-05-16 13:12:59,8,Paula Benitez,paula.benitez90@gmail.com,157,Bolso Crossbody Negro,2,50.09,100.18
1151,2026-05-25 09:42:37,35,Ana Lopez,ana.lopez61@gmail.com,82,Hoodie Oversize Blanco,2,37.34,74.68
1152,2026-05-05 17:22:36,87,Emily Paspuel,emily.paspuel93@gmail.com,112,Chaqueta Puffer Negra,1,78.44,78.44
1153,2026-05-21 11:26:01,100,Ana Torres,ana.torres87@gmail.com,66,Pantalon Jogger Azul,4,15.42,61.68
1154,2026-05-17 06:43:54,56,Luis Cruz,luis.cruz91@gmail.com,67,Pantalon Wide Leg Negro,3,16.79,50.37
1155,2026-05-28 19:42:44,56,Luis Cruz,luis.cruz91@gmail.com,23,Camisa Flannel Roja,4,46.51,186.04
1156,2026-05-10 06:25:37,71,Mateo Navarro,mateo.navarro72@gmail.com,85,Hoodie Graphic Rojo,5,41.45,207.25
1157,2026-05-11 09:57:47,39,Ana Castro,ana.castro27@gmail.com,92,Hoodie Minimalista Negro,1,51.04,51.04
1158,2026-05-06 20:06:33,98,Ana Navarro,ana.navarro44@gmail.com,107,Chaqueta Varsity Negra,3,71.59,214.77
1159,2026-05-15 11:27:30,20,Carlos Lopez,carlos.lopez18@gmail.com,92,Hoodie Minimalista Negro,1,51.04,51.04
1160,2026-05-23 20:39:39,80,Mateo Gomez,mateo.gomez40@gmail.com,37,Camisa Loose Fit Gris,2,65.69,131.38
1161,2026-05-29 13:19:28,90,Andres Ruiz,andres.ruiz70@gmail.com,19,Camiseta Distressed,2,41.03,82.06
1162,2026-05-23 21:16:00,8,Paula Benitez,paula.benitez90@gmail.com,59,Jean Urban Denim,3,95.83,287.49
1163,2026-05-03 11:15:08,27,Luis Mora,luis.mora33@gmail.com,109,Chaqueta Oversize Gris,1,74.33,74.33
1164,2026-05-24 01:24:27,97,Diego Rojas,diego.rojas44@gmail.com,83,Hoodie Oversize Gris,1,38.71,38.71
1165,2026-05-25 17:23:56,63,Luis Salazar,luis.salazar83@gmail.com,138,Short Monocromatico Negro,2,24.06,48.12
1166,2026-05-29 11:23:06,33,Emily Ruiz,emily.ruiz87@gmail.com,101,Chaqueta Denim Azul Claro,1,63.37,63.37
1167,2026-05-17 17:39:12,70,Diana Ruiz,diana.ruiz90@gmail.com,126,Short Running Azul,2,97.62,195.24
1168,2026-05-05 18:14:12,77,Jose Lopez,jose.lopez69@gmail.com,80,Pantalon Relaxed Gris,2,34.6,69.2
1169,2026-05-03 09:18:24,64,Emily Salazar,emily.salazar93@gmail.com,45,Jean Skinny Azul,2,76.65,153.3
1170,2026-05-07 00:32:11,31,Jose Perez,jose.perez2@gmail.com,63,Pantalon Cargo Verde,2,101.31,202.62
1171,2026-05-27 09:59:36,11,Ana Flores,ana.flores99@gmail.com,127,Short Basketball Rojo,3,98.99,296.97
1172,2026-05-23 02:06:02,25,Diego Suarez,diego.suarez45@gmail.com,68,Pantalon Wide Leg Beige,5,18.16,90.8
1173,2026-05-08 19:47:30,48,Miguel Torres,miguel.torres90@gmail.com,128,Short Streetwear Negro,3,100.36,301.08
1174,2026-05-11 22:29:29,9,Miguel Mora,miguel.mora18@gmail.com,62,Pantalon Cargo Beige,5,99.94,499.7
1175,2026-05-31 07:49:29,27,Luis Mora,luis.mora33@gmail.com,82,Hoodie Oversize Blanco,1,37.34,37.34
1176,2026-05-16 20:42:28,52,Camila Mora,camila.mora82@gmail.com,173,Sneakers Streetwear Negros,5,72.01,360.05
1177,2026-05-17 02:13:59,68,Miguel Rojas,miguel.rojas85@gmail.com,47,Jean Cargo Verde,4,79.39,317.56
1178,2026-05-03 04:57:10,59,Luis Paspuel,luis.paspuel81@gmail.com,125,Short Cargo Verde,3,96.25,288.75
1179,2026-05-11 16:20:28,13,Luis Lopez,luis.lopez65@gmail.com,111,Chaqueta Puffer Blanca,3,77.07,231.21
1180,2026-05-10 19:34:34,6,Andres Flores,andres.flores67@gmail.com,25,Camisa Oversize Beige,1,49.25,49.25
1181,2026-05-06 20:32:24,7,Miguel Flores,miguel.flores68@gmail.com,45,Jean Skinny Azul,3,76.65,229.95
1182,2026-05-12 11:50:51,55,Ana Acosta,ana.acosta99@gmail.com,16,Camiseta Oversize Cafe,5,36.92,184.6
1183,2026-05-18 10:55:45,23,Camila Castro,camila.castro71@gmail.com,96,Hoodie Techwear Gris,2,56.52,113.04
1184,2026-05-03 08:26:27,34,Camila Paspuel,camila.paspuel92@gmail.com,2,Camiseta Basica Blanca,3,17.74,53.22
1185,2026-05-12 09:52:32,99,Valeria Herrera,valeria.herrera1@gmail.com,127,Short Basketball Rojo,1,98.99,98.99
1186,2026-05-03 19:21:46,97,Diego Rojas,diego.rojas44@gmail.com,53,Jean Wide Leg Gris,3,87.61,262.83
1187,2026-05-22 09:13:16,44,Fernanda Torres,fernanda.torres34@gmail.com,60,Jean Acid Wash,4,97.2,388.8
1188,2026-05-22 14:43:29,4,Pedro Salazar,pedro.salazar91@gmail.com,149,Cinturon Marron,4,39.13,156.52
1189,2026-05-25 23:56:41,35,Ana Lopez,ana.lopez61@gmail.com,174,Sneakers Minimalistas,4,73.38,293.52
1190,2026-05-02 18:31:25,88,Sofia Paspuel,sofia.paspuel45@gmail.com,121,Short Deportivo Negro,3,90.77,272.31
1191,2026-05-03 22:47:53,61,Ana Benitez,ana.benitez19@gmail.com,108,Chaqueta Oversize Beige,4,72.96,291.84
1192,2026-05-27 15:32:50,73,Miguel Navarro,miguel.navarro4@gmail.com,100,Hoodie Monocromatico,2,62.0,124.0
1193,2026-05-14 14:29:45,20,Carlos Lopez,carlos.lopez18@gmail.com,123,Short Baggy Negro,1,93.51,93.51
1194,2026-05-17 05:27:20,63,Luis Salazar,luis.salazar83@gmail.com,160,Medias Negras,3,54.2,162.6
1195,2026-05-01 23:04:26,53,Fernanda Paspuel,fernanda.paspuel45@gmail.com,122,Short Deportivo Gris,1,92.14,92.14
1196,2026-05-29 08:26:04,88,Sofia Paspuel,sofia.paspuel45@gmail.com,93,Hoodie Zip Up Gris,1,52.41,52.41
1197,2026-05-02 05:45:02,19,Diana Romero,diana.romero86@gmail.com,157,Bolso Crossbody Negro,2,50.09,100.18
1198,2026-05-03 07:37:57,86,Maria Flores,maria.flores52@gmail.com,192,Sudadera Vintage Verde,4,46.72,186.88
1199,2026-05-16 00:41:52,49,Miguel Benitez,miguel.benitez4@gmail.com,148,Cinturon Negro,3,37.76,113.28
1200,2026-05-02 12:14:18,5,Daniel Acosta,daniel.acosta85@gmail.com,153,Pulsera Acero,5,44.61,223.05
1201,2026-05-13 13:23:44,62,Diego Perez,diego.perez69@gmail.com,105,Chaqueta Cuero Negra,1,68.85,68.85
1202,2026-05-28 07:23:10,24,Jose Gomez,jose.gomez27@gmail.com,63,Pantalon Cargo Verde,4,101.31,405.24
1203,2026-05-09 20:37:20,69,Lucia Herrera,lucia.herrera62@gmail.com,113,Chaqueta Streetwear Verde,3,79.81,239.43
1204,2026-05-07 07:54:32,12,Sofia Gomez,sofia.gomez66@gmail.com,158,Riñonera Gris,3,51.46,154.38
1205,2026-05-13 12:53:52,95,Ana Cruz,ana.cruz50@gmail.com,17,Camiseta Skate,2,38.29,76.58
1206,2026-05-11 10:46:51,49,Miguel Benitez,miguel.benitez4@gmail.com,49,Jean Recto Azul,5,82.13,410.65
1207,2026-05-12 05:21:33,53,Fernanda Paspuel,fernanda.paspuel45@gmail.com,133,Short Oversize Beige,4,17.21,68.84
1208,2026-05-05 21:31:58,50,Juan Castro,juan.castro81@gmail.com,108,Chaqueta Oversize Beige,4,72.96,291.84
1209,2026-05-20 20:48:48,26,Pedro Castro,pedro.castro94@gmail.com,17,Camiseta Skate,5,38.29,191.45
1210,2026-05-09 07:39:10,72,Mateo Paspuel,mateo.paspuel64@gmail.com,61,Pantalon Cargo Negro,1,98.57,98.57
1211,2026-05-16 19:44:37,56,Luis Cruz,luis.cruz91@gmail.com,12,Camiseta Minimalista Beige,1,31.44,31.44
1212,2026-05-06 13:15:19,30,Lucia Acosta,lucia.acosta28@gmail.com,68,Pantalon Wide Leg Beige,5,18.16,90.8
1213,2026-05-19 19:33:21,93,Fernanda Benitez,fernanda.benitez10@gmail.com,1,Camiseta Basica Negra,4,16.37,65.48
1214,2026-05-29 16:03:34,22,Emily Perez,emily.perez82@gmail.com,63,Pantalon Cargo Verde,5,101.31,506.55
1215,2026-05-07 22:42:23,17,Pedro Gomez,pedro.gomez67@gmail.com,5,Camiseta Vintage Roja,2,21.85,43.7
1216,2026-05-23 23:39:25,84,Daniel Flores,daniel.flores75@gmail.com,40,Camisa Denim Azul,3,69.8,209.4
1217,2026-05-04 01:56:59,50,Juan Castro,juan.castro81@gmail.com,86,Hoodie Graphic Negro,3,42.82,128.46
1218,2026-05-20 18:29:11,33,Emily Ruiz,emily.ruiz87@gmail.com,57,Jean Loose Fit Azul,2,93.09,186.18
1219,2026-05-28 05:51:14,31,Jose Perez,jose.perez2@gmail.com,108,Chaqueta Oversize Beige,1,72.96,72.96
1220,2026-05-18 11:12:05,29,Mateo Romero,mateo.romero24@gmail.com,32,Camisa Lino Beige,2,58.84,117.68
1221,2026-05-12 18:40:31,28,Fernanda Acosta,fernanda.acosta52@gmail.com,103,Chaqueta Bomber Negra,2,66.11,132.22
1222,2026-05-14 06:34:32,96,Mateo Mora,mateo.mora34@gmail.com,23,Camisa Flannel Roja,3,46.51,139.53
1223,2026-05-08 22:38:13,30,Lucia Acosta,lucia.acosta28@gmail.com,49,Jean Recto Azul,2,82.13,164.26
1224,2026-05-10 05:55:49,67,Miguel Paspuel,miguel.paspuel30@gmail.com,185,Chompa Graphic Verde,2,33.35,66.7
1225,2026-05-20 11:42:24,26,Pedro Castro,pedro.castro94@gmail.com,101,Chaqueta Denim Azul Claro,1,63.37,63.37
1226,2026-05-05 06:20:38,98,Ana Navarro,ana.navarro44@gmail.com,147,Beanie Blanco,2,36.39,72.78
1227,2026-05-07 16:04:12,37,Camila Rojas,camila.rojas50@gmail.com,93,Hoodie Zip Up Gris,3,52.41,157.23
1228,2026-05-27 07:52:47,47,Valeria Benitez,valeria.benitez19@gmail.com,161,Zapatillas Urbanas Blancas,3,55.57,166.71
1229,2026-05-20 17:40:32,14,Luis Flores,luis.flores15@gmail.com,131,Short Vintage Denim,1,104.47,104.47
1230,2026-05-31 04:08:29,28,Fernanda Acosta,fernanda.acosta52@gmail.com,120,Chaqueta Urban Black,4,89.4,357.6
1231,2026-05-05 14:30:59,97,Diego Rojas,diego.rojas44@gmail.com,53,Jean Wide Leg Gris,2,87.61,175.22
1232,2026-05-06 07:22:20,84,Daniel Flores,daniel.flores75@gmail.com,120,Chaqueta Urban Black,2,89.4,178.8
1233,2026-05-24 14:16:37,15,Jose Castro,jose.castro82@gmail.com,153,Pulsera Acero,3,44.61,133.83
1234,2026-05-30 01:47:15,87,Emily Paspuel,emily.paspuel93@gmail.com,182,Sudadera Vintage Blanco,4,27.62,110.48
1235,2026-05-29 20:43:54,70,Diana Ruiz,diana.ruiz90@gmail.com,127,Short Basketball Rojo,5,98.99,494.95
1236,2026-05-31 09:12:33,67,Miguel Paspuel,miguel.paspuel30@gmail.com,198,Tank Top Loose Fit Color191,3,58.18,174.54
1237,2026-05-10 21:09:59,13,Luis Lopez,luis.lopez65@gmail.com,182,Sudadera Vintage Blanco,3,27.62,82.86
1238,2026-05-02 20:35:13,85,Fernanda Herrera,fernanda.herrera13@gmail.com,22,Camisa Formal Negra,5,45.14,225.7
1239,2026-05-24 23:39:32,80,Mateo Gomez,mateo.gomez40@gmail.com,15,Camiseta Oversize Gris,4,35.55,142.2
1240,2026-05-24 03:09:46,81,Carlos Perez,carlos.perez8@gmail.com,123,Short Baggy Negro,1,93.51,93.51
1241,2026-05-04 22:05:12,71,Mateo Navarro,mateo.navarro72@gmail.com,19,Camiseta Distressed,4,41.03,164.12
1242,2026-05-29 02:50:35,8,Paula Benitez,paula.benitez90@gmail.com,96,Hoodie Techwear Gris,1,56.52,56.52
1243,2026-05-09 22:12:50,21,Lucia Suarez,lucia.suarez43@gmail.com,99,Hoodie College Green,2,60.63,121.26
1244,2026-05-24 16:08:06,66,Daniel Cruz,daniel.cruz12@gmail.com,48,Jean Cargo Beige,2,80.76,161.52
1245,2026-05-06 20:35:20,54,Diego Flores,diego.flores78@gmail.com,44,Jean Baggy Gris,3,75.28,225.84
1246,2026-05-06 21:04:57,81,Carlos Perez,carlos.perez8@gmail.com,160,Medias Negras,1,54.2,54.2
1247,2026-05-28 05:14:32,51,Daniel Gomez,daniel.gomez14@gmail.com,7,Camiseta Vintage Verde,3,24.59,73.77
1248,2026-05-16 01:47:36,64,Emily Salazar,emily.salazar93@gmail.com,12,Camiseta Minimalista Beige,4,31.44,125.76
1249,2026-05-12 19:51:05,48,Miguel Torres,miguel.torres90@gmail.com,171,Sneakers Retro Gris,4,69.27,277.08
1250,2026-05-06 15:32:26,17,Pedro Gomez,pedro.gomez67@gmail.com,113,Chaqueta Streetwear Verde,5,79.81,399.05
1251,2026-05-22 07:25:13,78,Emily Herrera,emily.herrera26@gmail.com,190,Chompa Retro Celeste,4,42.9,171.6
1252,2026-05-10 15:55:47,65,Paula Vega,paula.vega31@gmail.com,80,Pantalon Relaxed Gris,2,34.6,69.2
1253,2026-05-16 00:07:29,69,Lucia Herrera,lucia.herrera62@gmail.com,51,Jean Destroyed Azul,2,84.87,169.74
1254,2026-05-20 23:11:24,85,Fernanda Herrera,fernanda.herrera13@gmail.com,185,Chompa Graphic Verde,4,33.35,133.4
1255,2026-05-09 13:08:44,3,Daniel Suarez,daniel.suarez49@gmail.com,62,Pantalon Cargo Beige,4,99.94,399.76
1256,2026-05-20 19:52:19,15,Jose Castro,jose.castro82@gmail.com,161,Zapatillas Urbanas Blancas,3,55.57,166.71
1257,2026-05-13 02:01:28,57,Luis Acosta,luis.acosta47@gmail.com,133,Short Oversize Beige,2,17.21,34.42
1258,2026-05-03 11:46:34,31,Jose Perez,jose.perez2@gmail.com,156,Mochila Streetwear,4,48.72,194.88
1259,2026-05-23 23:58:03,65,Paula Vega,paula.vega31@gmail.com,29,Camisa Casual Gris,4,54.73,218.92
1260,2026-05-11 05:12:06,18,Diego Lopez,diego.lopez92@gmail.com,133,Short Oversize Beige,5,17.21,86.05
1261,2026-05-14 23:05:06,72,Mateo Paspuel,mateo.paspuel64@gmail.com,172,Sneakers Chunky Blancos,2,70.64,141.28
1262,2026-05-28 14:17:55,89,Ana Gomez,ana.gomez98@gmail.com,35,Camisa Rayada Azul,5,62.95,314.75
1263,2026-05-22 09:08:25,44,Fernanda Torres,fernanda.torres34@gmail.com,71,Pantalon Formal Azul,5,22.27,111.35
1264,2026-05-14 19:58:46,4,Pedro Salazar,pedro.salazar91@gmail.com,13,Camiseta Acid Wash,4,32.81,131.24
1265,2026-05-12 00:53:18,72,Mateo Paspuel,mateo.paspuel64@gmail.com,78,Pantalon Recto Beige,1,31.86,31.86
1266,2026-05-12 09:02:10,7,Miguel Flores,miguel.flores68@gmail.com,170,Zapatos Formales Negros,1,67.9,67.9
1267,2026-05-07 06:42:42,71,Mateo Navarro,mateo.navarro72@gmail.com,112,Chaqueta Puffer Negra,4,78.44,313.76
1268,2026-05-03 07:09:05,48,Miguel Torres,miguel.torres90@gmail.com,15,Camiseta Oversize Gris,2,35.55,71.1
1269,2026-05-22 04:38:54,42,Fernanda Navarro,fernanda.navarro34@gmail.com,38,Camisa Vintage Cafe,1,67.06,67.06
1270,2026-05-28 14:22:29,95,Ana Cruz,ana.cruz50@gmail.com,139,Short Acid Wash,3,25.43,76.29
1271,2026-05-23 21:58:42,35,Ana Lopez,ana.lopez61@gmail.com,184,Conjunto Minimalista Rojo,3,31.44,94.32
1272,2026-05-19 21:40:41,56,Luis Cruz,luis.cruz91@gmail.com,15,Camiseta Oversize Gris,3,35.55,106.65
1273,2026-05-09 02:15:59,98,Ana Navarro,ana.navarro44@gmail.com,31,Camisa Coreana Blanca,4,57.47,229.88
1274,2026-05-31 23:51:08,38,Lucia Castro,lucia.castro3@gmail.com,195,Chompa Graphic Cafe,5,52.45,262.25
1275,2026-05-25 14:57:39,40,Luis Castro,luis.castro1@gmail.com,156,Mochila Streetwear,3,48.72,146.16
1276,2026-05-09 21:24:42,70,Diana Ruiz,diana.ruiz90@gmail.com,15,Camiseta Oversize Gris,4,35.55,142.2
1277,2026-05-04 07:20:25,44,Fernanda Torres,fernanda.torres34@gmail.com,164,Zapatillas Running Rojas,4,59.68,238.72
1278,2026-05-24 07:03:50,85,Fernanda Herrera,fernanda.herrera13@gmail.com,162,Zapatillas Urbanas Negras,5,56.94,284.7
1279,2026-05-02 14:23:02,99,Valeria Herrera,valeria.herrera1@gmail.com,88,Hoodie Streetwear Blanco,5,45.56,227.8
1280,2026-05-28 00:33:41,93,Fernanda Benitez,fernanda.benitez10@gmail.com,181,Polo Oversize Negro,3,25.71,77.13
1281,2026-05-23 12:34:59,35,Ana Lopez,ana.lopez61@gmail.com,93,Hoodie Zip Up Gris,5,52.41,262.05
1282,2026-05-06 18:14:33,17,Pedro Gomez,pedro.gomez67@gmail.com,132,Short Loose Fit Gris,3,15.84,47.52
1283,2026-05-23 19:44:45,56,Luis Cruz,luis.cruz91@gmail.com,140,Short Cargo Gris,5,26.8,134.0
1284,2026-05-02 00:49:56,30,Lucia Acosta,lucia.acosta28@gmail.com,178,Tenis Deportivos Negros,2,78.86,157.72
1285,2026-05-16 18:00:27,87,Emily Paspuel,emily.paspuel93@gmail.com,11,Camiseta Retro 90s,3,30.07,90.21
1286,2026-05-04 01:31:09,94,Valeria Flores,valeria.flores75@gmail.com,108,Chaqueta Oversize Beige,3,72.96,218.88
1287,2026-05-12 08:45:15,80,Mateo Gomez,mateo.gomez40@gmail.com,6,Camiseta Vintage Azul,5,23.22,116.1
1288,2026-05-17 09:17:19,96,Mateo Mora,mateo.mora34@gmail.com,55,Jean Carpenter Azul,1,90.35,90.35
1289,2026-05-13 17:38:31,12,Sofia Gomez,sofia.gomez66@gmail.com,109,Chaqueta Oversize Gris,4,74.33,297.32
1290,2026-05-18 09:02:58,20,Carlos Lopez,carlos.lopez18@gmail.com,53,Jean Wide Leg Gris,3,87.61,262.83
1291,2026-05-01 04:52:30,31,Jose Perez,jose.perez2@gmail.com,109,Chaqueta Oversize Gris,4,74.33,297.32
1292,2026-05-08 08:36:15,73,Miguel Navarro,miguel.navarro4@gmail.com,40,Camisa Denim Azul,2,69.8,139.6
1293,2026-05-27 00:24:29,21,Lucia Suarez,lucia.suarez43@gmail.com,176,Sneakers Vintage Rojos,2,76.12,152.24
1294,2026-05-17 17:24:45,69,Lucia Herrera,lucia.herrera62@gmail.com,27,Camisa Satinada Plateada,4,51.99,207.96
1295,2026-05-02 10:54:52,10,Sofia Torres,sofia.torres60@gmail.com,64,Pantalon Jogger Gris,3,102.68,308.04
1296,2026-05-20 19:55:54,13,Luis Lopez,luis.lopez65@gmail.com,40,Camisa Denim Azul,3,69.8,209.4
1297,2026-05-31 14:35:23,32,Pedro Cruz,pedro.cruz61@gmail.com,76,Pantalon Techwear Negro,3,29.12,87.36
1298,2026-05-04 00:11:15,90,Andres Ruiz,andres.ruiz70@gmail.com,187,Sudadera Boxy Fit Beige,2,37.17,74.34
1299,2026-05-05 16:25:55,59,Luis Paspuel,luis.paspuel81@gmail.com,7,Camiseta Vintage Verde,3,24.59,73.77
1300,2026-05-27 15:03:35,40,Luis Castro,luis.castro1@gmail.com,77,Pantalon Casual Cafe,3,30.49,91.47
1301,2026-05-06 19:21:09,44,Fernanda Torres,fernanda.torres34@gmail.com,175,Sneakers Skate Azules,4,74.75,299.0
1302,2026-05-03 12:59:26,62,Diego Perez,diego.perez69@gmail.com,35,Camisa Rayada Azul,4,62.95,251.8
1303,2026-05-20 18:15:49,42,Fernanda Navarro,fernanda.navarro34@gmail.com,6,Camiseta Vintage Azul,4,23.22,92.88
1304,2026-05-15 23:10:21,39,Ana Castro,ana.castro27@gmail.com,158,Riñonera Gris,3,51.46,154.38
1305,2026-05-17 14:34:15,70,Diana Ruiz,diana.ruiz90@gmail.com,109,Chaqueta Oversize Gris,4,74.33,297.32
1306,2026-05-22 01:48:36,86,Maria Flores,maria.flores52@gmail.com,190,Chompa Retro Celeste,4,42.9,171.6
1307,2026-05-02 18:19:20,82,Sofia Romero,sofia.romero21@gmail.com,65,Pantalon Jogger Negro,3,104.05,312.15
1308,2026-05-17 09:53:58,90,Andres Ruiz,andres.ruiz70@gmail.com,147,Beanie Blanco,4,36.39,145.56
1309,2026-05-20 02:25:27,54,Diego Flores,diego.flores78@gmail.com,174,Sneakers Minimalistas,1,73.38,73.38
1310,2026-05-10 02:05:40,12,Sofia Gomez,sofia.gomez66@gmail.com,7,Camiseta Vintage Verde,2,24.59,49.18
1311,2026-05-20 07:27:28,97,Diego Rojas,diego.rojas44@gmail.com,2,Camiseta Basica Blanca,4,17.74,70.96
1312,2026-05-12 20:24:50,75,Miguel Vega,miguel.vega53@gmail.com,121,Short Deportivo Negro,1,90.77,90.77
1313,2026-05-01 00:01:24,30,Lucia Acosta,lucia.acosta28@gmail.com,125,Short Cargo Verde,5,96.25,481.25
1314,2026-05-19 04:45:46,20,Carlos Lopez,carlos.lopez18@gmail.com,173,Sneakers Streetwear Negros,1,72.01,72.01
1315,2026-05-03 21:31:33,30,Lucia Acosta,lucia.acosta28@gmail.com,89,Hoodie Streetwear Negro,3,46.93,140.79
1316,2026-05-20 07:14:17,84,Daniel Flores,daniel.flores75@gmail.com,3,Camiseta Oversize Negra,2,19.11,38.22
1317,2026-05-23 08:15:56,16,Miguel Romero,miguel.romero59@gmail.com,62,Pantalon Cargo Beige,2,99.94,199.88
1318,2026-05-08 07:27:16,52,Camila Mora,camila.mora82@gmail.com,179,Zapatillas Techwear,2,80.23,160.46
1319,2026-05-24 22:11:29,43,Jose Rojas,jose.rojas67@gmail.com,175,Sneakers Skate Azules,4,74.75,299.0
1320,2026-05-31 01:04:31,32,Pedro Cruz,pedro.cruz61@gmail.com,33,Camisa Oxford Celeste,5,60.21,301.05
1321,2026-05-06 21:35:01,33,Emily Ruiz,emily.ruiz87@gmail.com,87,Hoodie Vintage Gris,4,44.19,176.76
1322,2026-05-26 10:29:17,27,Luis Mora,luis.mora33@gmail.com,58,Jean Oversize Negro,3,94.46,283.38
1323,2026-05-20 21:54:40,21,Lucia Suarez,lucia.suarez43@gmail.com,156,Mochila Streetwear,3,48.72,146.16
1324,2026-05-09 14:18:45,88,Sofia Paspuel,sofia.paspuel45@gmail.com,78,Pantalon Recto Beige,1,31.86,31.86
1325,2026-05-09 12:50:28,26,Pedro Castro,pedro.castro94@gmail.com,118,Chaqueta Utility Beige,2,86.66,173.32
1326,2026-05-28 17:26:54,29,Mateo Romero,mateo.romero24@gmail.com,171,Sneakers Retro Gris,2,69.27,138.54
1327,2026-05-24 21:50:56,29,Mateo Romero,mateo.romero24@gmail.com,139,Short Acid Wash,1,25.43,25.43
1328,2026-05-21 10:26:00,41,Luis Gomez,luis.gomez94@gmail.com,107,Chaqueta Varsity Negra,2,71.59,143.18
1329,2026-05-11 17:20:32,33,Emily Ruiz,emily.ruiz87@gmail.com,33,Camisa Oxford Celeste,4,60.21,240.84
1330,2026-05-07 21:25:24,20,Carlos Lopez,carlos.lopez18@gmail.com,109,Chaqueta Oversize Gris,3,74.33,222.99
1331,2026-05-13 15:56:42,66,Daniel Cruz,daniel.cruz12@gmail.com,163,Zapatillas Running Azul,3,58.31,174.93
1332,2026-05-09 00:56:16,28,Fernanda Acosta,fernanda.acosta52@gmail.com,64,Pantalon Jogger Gris,5,102.68,513.4
1333,2026-05-07 11:09:24,36,Andres Rojas,andres.rojas47@gmail.com,43,Jean Baggy Negro,3,73.91,221.73
1334,2026-05-27 18:37:13,56,Luis Cruz,luis.cruz91@gmail.com,60,Jean Acid Wash,5,97.2,486.0
1335,2026-05-23 23:02:27,73,Miguel Navarro,miguel.navarro4@gmail.com,1,Camiseta Basica Negra,1,16.37,16.37
1336,2026-05-22 05:34:25,40,Luis Castro,luis.castro1@gmail.com,147,Beanie Blanco,5,36.39,181.95
1337,2026-05-17 08:46:27,13,Luis Lopez,luis.lopez65@gmail.com,167,Botas Urbanas Cafe,1,63.79,63.79
1338,2026-05-10 18:16:51,68,Miguel Rojas,miguel.rojas85@gmail.com,77,Pantalon Casual Cafe,3,30.49,91.47
1339,2026-05-02 21:49:25,34,Camila Paspuel,camila.paspuel92@gmail.com,85,Hoodie Graphic Rojo,4,41.45,165.8
1340,2026-05-14 18:59:34,34,Camila Paspuel,camila.paspuel92@gmail.com,72,Pantalon Formal Negro,5,23.64,118.2
1341,2026-05-21 03:06:18,78,Emily Herrera,emily.herrera26@gmail.com,153,Pulsera Acero,2,44.61,89.22
1342,2026-05-08 16:12:07,71,Mateo Navarro,mateo.navarro72@gmail.com,42,Jean Baggy Azul Oscuro,3,72.54,217.62
1343,2026-05-14 13:53:42,65,Paula Vega,paula.vega31@gmail.com,113,Chaqueta Streetwear Verde,4,79.81,319.24
1344,2026-05-11 04:39:37,62,Diego Perez,diego.perez69@gmail.com,95,Hoodie Acid Wash,4,55.15,220.6
1345,2026-05-14 00:40:00,52,Camila Mora,camila.mora82@gmail.com,175,Sneakers Skate Azules,3,74.75,224.25
1346,2026-05-03 07:50:31,28,Fernanda Acosta,fernanda.acosta52@gmail.com,137,Short Minimalista Blanco,3,22.69,68.07
1347,2026-05-22 16:13:47,55,Ana Acosta,ana.acosta99@gmail.com,136,Short Urban Gray,2,21.32,42.64
1348,2026-05-02 15:17:16,55,Ana Acosta,ana.acosta99@gmail.com,35,Camisa Rayada Azul,2,62.95,125.9
1349,2026-05-10 11:03:51,58,Carlos Vega,carlos.vega32@gmail.com,104,Chaqueta Bomber Verde,1,67.48,67.48
1350,2026-05-13 23:31:41,48,Miguel Torres,miguel.torres90@gmail.com,126,Short Running Azul,4,97.62,390.48
1351,2026-05-25 17:09:12,3,Daniel Suarez,daniel.suarez49@gmail.com,13,Camiseta Acid Wash,3,32.81,98.43
1352,2026-05-11 08:31:51,72,Mateo Paspuel,mateo.paspuel64@gmail.com,124,Short Baggy Beige,2,94.88,189.76
1353,2026-05-05 20:23:06,32,Pedro Cruz,pedro.cruz61@gmail.com,92,Hoodie Minimalista Negro,4,51.04,204.16
1354,2026-05-13 19:40:59,77,Jose Lopez,jose.lopez69@gmail.com,85,Hoodie Graphic Rojo,3,41.45,124.35
1355,2026-05-21 01:46:49,19,Diana Romero,diana.romero86@gmail.com,126,Short Running Azul,4,97.62,390.48
1356,2026-05-24 02:18:52,18,Diego Lopez,diego.lopez92@gmail.com,144,Gorra Azul,3,32.28,96.84
1357,2026-05-29 11:03:35,23,Camila Castro,camila.castro71@gmail.com,32,Camisa Lino Beige,1,58.84,58.84
1358,2026-05-02 19:44:25,32,Pedro Cruz,pedro.cruz61@gmail.com,176,Sneakers Vintage Rojos,3,76.12,228.36
1359,2026-05-11 04:55:40,2,Carlos Suarez,carlos.suarez87@gmail.com,189,Conjunto Urban Morado,3,40.99,122.97
1360,2026-05-09 14:55:14,12,Sofia Gomez,sofia.gomez66@gmail.com,92,Hoodie Minimalista Negro,1,51.04,51.04
1361,2026-05-27 16:22:10,74,Ana Mora,ana.mora16@gmail.com,63,Pantalon Cargo Verde,2,101.31,202.62
1362,2026-05-04 05:33:54,89,Ana Gomez,ana.gomez98@gmail.com,181,Polo Oversize Negro,4,25.71,102.84
1363,2026-05-25 10:23:50,76,Maria Gomez,maria.gomez80@gmail.com,165,Converse Negras,5,61.05,305.25
1364,2026-05-28 04:38:54,63,Luis Salazar,luis.salazar83@gmail.com,192,Sudadera Vintage Verde,3,46.72,140.16
1365,2026-05-09 06:54:02,4,Pedro Salazar,pedro.salazar91@gmail.com,128,Short Streetwear Negro,4,100.36,401.44
1366,2026-05-27 18:14:27,31,Jose Perez,jose.perez2@gmail.com,55,Jean Carpenter Azul,4,90.35,361.4
1367,2026-05-17 18:52:40,21,Lucia Suarez,lucia.suarez43@gmail.com,146,Beanie Gris,5,35.02,175.1
1368,2026-05-07 01:37:30,66,Daniel Cruz,daniel.cruz12@gmail.com,135,Short Techwear Verde,4,19.95,79.8
1369,2026-05-20 04:56:23,88,Sofia Paspuel,sofia.paspuel45@gmail.com,195,Chompa Graphic Cafe,3,52.45,157.35
1370,2026-05-21 18:39:17,38,Lucia Castro,lucia.castro3@gmail.com,81,Hoodie Oversize Negro,4,35.97,143.88
1371,2026-05-15 01:28:52,27,Luis Mora,luis.mora33@gmail.com,145,Beanie Negro,5,33.65,168.25
1372,2026-05-31 20:35:57,29,Mateo Romero,mateo.romero24@gmail.com,106,Chaqueta Varsity Roja,4,70.22,280.88
1373,2026-05-08 22:21:16,82,Sofia Romero,sofia.romero21@gmail.com,45,Jean Skinny Azul,5,76.65,383.25
1374,2026-05-12 17:39:23,70,Diana Ruiz,diana.ruiz90@gmail.com,61,Pantalon Cargo Negro,4,98.57,394.28
1375,2026-05-06 12:19:41,23,Camila Castro,camila.castro71@gmail.com,199,Conjunto Urban Negro,5,60.09,300.45
1376,2026-05-31 04:25:36,82,Sofia Romero,sofia.romero21@gmail.com,86,Hoodie Graphic Negro,4,42.82,171.28
1377,2026-05-28 05:59:00,22,Emily Perez,emily.perez82@gmail.com,90,Hoodie Anime Tokyo,2,48.3,96.6
1378,2026-05-30 13:19:41,66,Daniel Cruz,daniel.cruz12@gmail.com,9,Camiseta Graphic Dragon,1,27.33,27.33
1379,2026-05-22 16:07:01,8,Paula Benitez,paula.benitez90@gmail.com,2,Camiseta Basica Blanca,4,17.74,70.96
1380,2026-05-29 15:08:30,100,Ana Torres,ana.torres87@gmail.com,193,Tank Top Streetwear Gris,3,48.63,145.89
1381,2026-05-15 23:55:22,25,Diego Suarez,diego.suarez45@gmail.com,195,Chompa Graphic Cafe,3,52.45,157.35
1382,2026-05-01 04:47:02,20,Carlos Lopez,carlos.lopez18@gmail.com,164,Zapatillas Running Rojas,3,59.68,179.04
1383,2026-05-08 16:32:05,51,Daniel Gomez,daniel.gomez14@gmail.com,158,Riñonera Gris,5,51.46,257.3
1384,2026-05-09 18:06:23,30,Lucia Acosta,lucia.acosta28@gmail.com,24,Camisa Flannel Azul,2,47.88,95.76
1385,2026-05-28 15:57:09,45,Fernanda Ruiz,fernanda.ruiz48@gmail.com,137,Short Minimalista Blanco,3,22.69,68.07
1386,2026-05-15 03:51:29,47,Valeria Benitez,valeria.benitez19@gmail.com,10,Camiseta Streetwear Urban,5,28.7,143.5
1387,2026-05-04 17:17:05,74,Ana Mora,ana.mora16@gmail.com,102,Chaqueta Denim Negra,3,64.74,194.22
1388,2026-05-06 09:51:54,56,Luis Cruz,luis.cruz91@gmail.com,92,Hoodie Minimalista Negro,1,51.04,51.04
1389,2026-05-26 20:31:05,23,Camila Castro,camila.castro71@gmail.com,157,Bolso Crossbody Negro,1,50.09,50.09
1390,2026-05-03 23:32:39,98,Ana Navarro,ana.navarro44@gmail.com,38,Camisa Vintage Cafe,2,67.06,134.12
1391,2026-05-16 10:28:51,27,Luis Mora,luis.mora33@gmail.com,98,Hoodie Retro Purple,3,59.26,177.78
1392,2026-05-31 00:02:49,29,Mateo Romero,mateo.romero24@gmail.com,174,Sneakers Minimalistas,1,73.38,73.38
1393,2026-05-19 13:44:18,76,Maria Gomez,maria.gomez80@gmail.com,95,Hoodie Acid Wash,1,55.15,55.15
1394,2026-05-23 06:34:18,43,Jose Rojas,jose.rojas67@gmail.com,96,Hoodie Techwear Gris,4,56.52,226.08
1395,2026-05-29 22:01:05,9,Miguel Mora,miguel.mora18@gmail.com,55,Jean Carpenter Azul,1,90.35,90.35
1396,2026-05-11 10:56:27,10,Sofia Torres,sofia.torres60@gmail.com,169,Zapatos Casuales Beige,5,66.53,332.65
1397,2026-05-20 00:58:17,12,Sofia Gomez,sofia.gomez66@gmail.com,65,Pantalon Jogger Negro,1,104.05,104.05
1398,2026-05-19 11:56:45,9,Miguel Mora,miguel.mora18@gmail.com,119,Chaqueta Windbreaker Azul,3,88.03,264.09
1399,2026-05-26 16:55:02,8,Paula Benitez,paula.benitez90@gmail.com,109,Chaqueta Oversize Gris,1,74.33,74.33
1400,2026-05-06 22:16:34,23,Camila Castro,camila.castro71@gmail.com,163,Zapatillas Running Azul,5,58.31,291.55
1401,2026-05-15 15:53:51,45,Fernanda Ruiz,fernanda.ruiz48@gmail.com,152,Pulsera Cuero Negra,2,43.24,86.48
1402,2026-05-25 15:29:13,90,Andres Ruiz,andres.ruiz70@gmail.com,68,Pantalon Wide Leg Beige,5,18.16,90.8
1403,2026-05-16 18:25:24,5,Daniel Acosta,daniel.acosta85@gmail.com,116,Chaqueta Cargo Negra,5,83.92,419.6
1404,2026-05-20 21:41:18,26,Pedro Castro,pedro.castro94@gmail.com,191,Polo Oversize Rojo,5,44.81,224.05
1405,2026-05-15 06:55:27,46,Daniel Mora,daniel.mora2@gmail.com,115,Chaqueta Vintage Denim,5,82.55,412.75
1406,2026-05-28 08:28:46,17,Pedro Gomez,pedro.gomez67@gmail.com,46,Jean Skinny Negro,2,78.02,156.04
1407,2026-05-16 16:06:16,69,Lucia Herrera,lucia.herrera62@gmail.com,189,Conjunto Urban Morado,5,40.99,204.95
1408,2026-05-30 04:10:52,51,Daniel Gomez,daniel.gomez14@gmail.com,163,Zapatillas Running Azul,3,58.31,174.93
1409,2026-05-03 18:55:03,38,Lucia Castro,lucia.castro3@gmail.com,155,Lentes Urbanos,4,47.35,189.4
1410,2026-05-17 08:04:00,16,Miguel Romero,miguel.romero59@gmail.com,72,Pantalon Formal Negro,3,23.64,70.92
1411,2026-05-03 12:07:44,33,Emily Ruiz,emily.ruiz87@gmail.com,44,Jean Baggy Gris,5,75.28,376.4
1412,2026-05-15 21:27:04,81,Carlos Perez,carlos.perez8@gmail.com,59,Jean Urban Denim,3,95.83,287.49
1413,2026-05-12 13:57:59,64,Emily Salazar,emily.salazar93@gmail.com,93,Hoodie Zip Up Gris,5,52.41,262.05
1414,2026-05-22 08:19:03,66,Daniel Cruz,daniel.cruz12@gmail.com,156,Mochila Streetwear,1,48.72,48.72
1415,2026-05-08 15:45:14,79,Valeria Cruz,valeria.cruz58@gmail.com,71,Pantalon Formal Azul,3,22.27,66.81
1416,2026-05-25 18:37:30,63,Luis Salazar,luis.salazar83@gmail.com,82,Hoodie Oversize Blanco,2,37.34,74.68
1417,2026-05-27 12:16:54,19,Diana Romero,diana.romero86@gmail.com,59,Jean Urban Denim,1,95.83,95.83
1418,2026-05-15 11:34:29,91,Camila Acosta,camila.acosta41@gmail.com,147,Beanie Blanco,1,36.39,36.39
1419,2026-05-19 01:46:29,92,Paula Torres,paula.torres53@gmail.com,105,Chaqueta Cuero Negra,2,68.85,137.7
1420,2026-05-17 03:36:58,48,Miguel Torres,miguel.torres90@gmail.com,62,Pantalon Cargo Beige,1,99.94,99.94
1421,2026-05-24 12:49:05,41,Luis Gomez,luis.gomez94@gmail.com,58,Jean Oversize Negro,2,94.46,188.92
1422,2026-05-30 06:08:19,77,Jose Lopez,jose.lopez69@gmail.com,123,Short Baggy Negro,5,93.51,467.55
1423,2026-05-16 22:06:37,25,Diego Suarez,diego.suarez45@gmail.com,131,Short Vintage Denim,1,104.47,104.47
1424,2026-05-05 01:43:31,32,Pedro Cruz,pedro.cruz61@gmail.com,69,Pantalon Streetwear Gris,3,19.53,58.59
1425,2026-05-14 18:52:54,96,Mateo Mora,mateo.mora34@gmail.com,174,Sneakers Minimalistas,1,73.38,73.38
1426,2026-05-14 06:15:49,36,Andres Rojas,andres.rojas47@gmail.com,87,Hoodie Vintage Gris,3,44.19,132.57
1427,2026-05-13 23:57:30,61,Ana Benitez,ana.benitez19@gmail.com,71,Pantalon Formal Azul,3,22.27,66.81
1428,2026-05-31 18:34:47,37,Camila Rojas,camila.rojas50@gmail.com,171,Sneakers Retro Gris,3,69.27,207.81
1429,2026-05-24 10:52:20,4,Pedro Salazar,pedro.salazar91@gmail.com,151,Cadena Dorada,4,41.87,167.48
1430,2026-05-03 20:20:58,85,Fernanda Herrera,fernanda.herrera13@gmail.com,150,Cadena Plateada,2,40.5,81.0
1431,2026-05-11 15:04:08,78,Emily Herrera,emily.herrera26@gmail.com,170,Zapatos Formales Negros,3,67.9,203.7
1432,2026-05-21 12:19:36,43,Jose Rojas,jose.rojas67@gmail.com,95,Hoodie Acid Wash,4,55.15,220.6
1433,2026-05-31 07:02:28,75,Miguel Vega,miguel.vega53@gmail.com,195,Chompa Graphic Cafe,5,52.45,262.25
1434,2026-05-29 00:14:34,6,Andres Flores,andres.flores67@gmail.com,169,Zapatos Casuales Beige,3,66.53,199.59
1435,2026-05-18 21:38:45,79,Valeria Cruz,valeria.cruz58@gmail.com,156,Mochila Streetwear,2,48.72,97.44
1436,2026-05-25 04:36:26,23,Camila Castro,camila.castro71@gmail.com,14,Camiseta Boxy Fit,3,34.18,102.54
1437,2026-05-06 17:42:06,29,Mateo Romero,mateo.romero24@gmail.com,131,Short Vintage Denim,4,104.47,417.88
1438,2026-05-04 09:37:43,87,Emily Paspuel,emily.paspuel93@gmail.com,117,Chaqueta Casual Cafe,1,85.29,85.29
1439,2026-05-24 21:37:34,27,Luis Mora,luis.mora33@gmail.com,34,Camisa Streetwear Negra,5,61.58,307.9
1440,2026-05-06 09:33:13,11,Ana Flores,ana.flores99@gmail.com,66,Pantalon Jogger Azul,1,15.42,15.42
1441,2026-05-22 03:14:20,20,Carlos Lopez,carlos.lopez18@gmail.com,109,Chaqueta Oversize Gris,5,74.33,371.65
1442,2026-05-04 21:09:37,19,Diana Romero,diana.romero86@gmail.com,130,Short Casual Blanco,3,103.1,309.3
1443,2026-05-07 20:30:11,60,Diana Torres,diana.torres20@gmail.com,98,Hoodie Retro Purple,4,59.26,237.04
1444,2026-05-31 15:50:17,93,Fernanda Benitez,fernanda.benitez10@gmail.com,154,Lentes Vintage,5,45.98,229.9
1445,2026-05-13 15:48:39,74,Ana Mora,ana.mora16@gmail.com,115,Chaqueta Vintage Denim,2,82.55,165.1
1446,2026-05-28 03:27:41,38,Lucia Castro,lucia.castro3@gmail.com,194,Conjunto Minimalista Beige,2,50.54,101.08
1447,2026-05-15 12:09:45,22,Emily Perez,emily.perez82@gmail.com,137,Short Minimalista Blanco,1,22.69,22.69
1448,2026-05-11 15:54:08,21,Lucia Suarez,lucia.suarez43@gmail.com,109,Chaqueta Oversize Gris,4,74.33,297.32
1449,2026-05-08 22:14:07,15,Jose Castro,jose.castro82@gmail.com,137,Short Minimalista Blanco,5,22.69,113.45
1450,2026-05-09 06:27:52,14,Luis Flores,luis.flores15@gmail.com,117,Chaqueta Casual Cafe,2,85.29,170.58
1451,2026-05-15 16:11:46,21,Lucia Suarez,lucia.suarez43@gmail.com,26,Camisa Oversize Negra,5,50.62,253.1
1452,2026-05-06 18:39:09,93,Fernanda Benitez,fernanda.benitez10@gmail.com,88,Hoodie Streetwear Blanco,2,45.56,91.12
1453,2026-05-26 19:52:47,38,Lucia Castro,lucia.castro3@gmail.com,72,Pantalon Formal Negro,3,23.64,70.92
1454,2026-05-18 07:23:53,5,Daniel Acosta,daniel.acosta85@gmail.com,114,Chaqueta Techwear Gris,5,81.18,405.9
1455,2026-05-12 22:38:16,45,Fernanda Ruiz,fernanda.ruiz48@gmail.com,174,Sneakers Minimalistas,4,73.38,293.52
1456,2026-05-25 05:49:58,56,Luis Cruz,luis.cruz91@gmail.com,35,Camisa Rayada Azul,1,62.95,62.95
1457,2026-05-21 16:31:04,19,Diana Romero,diana.romero86@gmail.com,64,Pantalon Jogger Gris,2,102.68,205.36
1458,2026-05-15 18:03:19,36,Andres Rojas,andres.rojas47@gmail.com,96,Hoodie Techwear Gris,3,56.52,169.56
1459,2026-05-08 04:10:32,28,Fernanda Acosta,fernanda.acosta52@gmail.com,105,Chaqueta Cuero Negra,1,68.85,68.85
1460,2026-05-29 17:08:26,30,Lucia Acosta,lucia.acosta28@gmail.com,37,Camisa Loose Fit Gris,4,65.69,262.76
1461,2026-05-19 21:15:56,28,Fernanda Acosta,fernanda.acosta52@gmail.com,38,Camisa Vintage Cafe,2,67.06,134.12
1462,2026-05-14 17:19:44,73,Miguel Navarro,miguel.navarro4@gmail.com,97,Hoodie Urban Blue,2,57.89,115.78
1463,2026-05-14 17:05:38,75,Miguel Vega,miguel.vega53@gmail.com,135,Short Techwear Verde,2,19.95,39.9
1464,2026-05-30 00:20:29,40,Luis Castro,luis.castro1@gmail.com,79,Pantalon Urban Fit,2,33.23,66.46
1465,2026-05-19 16:08:28,98,Ana Navarro,ana.navarro44@gmail.com,58,Jean Oversize Negro,5,94.46,472.3
1466,2026-05-28 23:50:41,75,Miguel Vega,miguel.vega53@gmail.com,135,Short Techwear Verde,2,19.95,39.9
1467,2026-05-09 18:55:19,53,Fernanda Paspuel,fernanda.paspuel45@gmail.com,32,Camisa Lino Beige,5,58.84,294.2
1468,2026-05-27 03:30:50,24,Jose Gomez,jose.gomez27@gmail.com,44,Jean Baggy Gris,5,75.28,376.4
1469,2026-05-17 10:51:13,46,Daniel Mora,daniel.mora2@gmail.com,151,Cadena Dorada,5,41.87,209.35
1470,2026-05-11 16:22:42,36,Andres Rojas,andres.rojas47@gmail.com,190,Chompa Retro Celeste,3,42.9,128.7
1471,2026-05-01 02:06:41,49,Miguel Benitez,miguel.benitez4@gmail.com,36,Camisa Slim Fit Blanca,4,64.32,257.28
1472,2026-05-19 20:41:46,64,Emily Salazar,emily.salazar93@gmail.com,154,Lentes Vintage,3,45.98,137.94
1473,2026-05-05 19:40:52,91,Camila Acosta,camila.acosta41@gmail.com,200,Chompa Retro Blanco,1,62.0,62.0
1474,2026-05-25 20:17:21,73,Miguel Navarro,miguel.navarro4@gmail.com,152,Pulsera Cuero Negra,3,43.24,129.72
1475,2026-05-23 13:45:16,100,Ana Torres,ana.torres87@gmail.com,40,Camisa Denim Azul,3,69.8,209.4
1476,2026-05-19 12:46:06,90,Andres Ruiz,andres.ruiz70@gmail.com,141,Gorra Negra,3,28.17,84.51
1477,2026-05-25 13:16:38,53,Fernanda Paspuel,fernanda.paspuel45@gmail.com,126,Short Running Azul,5,97.62,488.1
1478,2026-05-09 11:34:52,38,Lucia Castro,lucia.castro3@gmail.com,87,Hoodie Vintage Gris,2,44.19,88.38
1479,2026-05-22 16:39:33,28,Fernanda Acosta,fernanda.acosta52@gmail.com,178,Tenis Deportivos Negros,2,78.86,157.72
1480,2026-05-16 09:36:33,30,Lucia Acosta,lucia.acosta28@gmail.com,129,Short Casual Azul,1,101.73,101.73
1481,2026-05-22 06:27:23,12,Sofia Gomez,sofia.gomez66@gmail.com,93,Hoodie Zip Up Gris,3,52.41,157.23
1482,2026-05-14 05:38:13,74,Ana Mora,ana.mora16@gmail.com,136,Short Urban Gray,5,21.32,106.6
1483,2026-05-19 13:40:42,82,Sofia Romero,sofia.romero21@gmail.com,141,Gorra Negra,2,28.17,56.34
1484,2026-05-19 16:46:11,65,Paula Vega,paula.vega31@gmail.com,114,Chaqueta Techwear Gris,5,81.18,405.9
1485,2026-05-01 02:56:37,75,Miguel Vega,miguel.vega53@gmail.com,88,Hoodie Streetwear Blanco,4,45.56,182.24
1486,2026-05-24 16:06:45,59,Luis Paspuel,luis.paspuel81@gmail.com,14,Camiseta Boxy Fit,5,34.18,170.9
1487,2026-05-20 10:23:15,70,Diana Ruiz,diana.ruiz90@gmail.com,123,Short Baggy Negro,5,93.51,467.55
1488,2026-05-06 03:16:27,16,Miguel Romero,miguel.romero59@gmail.com,76,Pantalon Techwear Negro,4,29.12,116.48
1489,2026-05-11 12:01:06,58,Carlos Vega,carlos.vega32@gmail.com,141,Gorra Negra,5,28.17,140.85
1490,2026-05-06 02:07:16,95,Ana Cruz,ana.cruz50@gmail.com,46,Jean Skinny Negro,5,78.02,390.1
1491,2026-05-29 05:42:47,12,Sofia Gomez,sofia.gomez66@gmail.com,31,Camisa Coreana Blanca,5,57.47,287.35
1492,2026-05-07 10:30:44,83,Maria Castro,maria.castro9@gmail.com,190,Chompa Retro Celeste,1,42.9,42.9
1493,2026-05-17 21:26:10,3,Daniel Suarez,daniel.suarez49@gmail.com,92,Hoodie Minimalista Negro,5,51.04,255.2
1494,2026-05-13 06:46:02,32,Pedro Cruz,pedro.cruz61@gmail.com,149,Cinturon Marron,1,39.13,39.13
1495,2026-05-04 23:56:31,86,Maria Flores,maria.flores52@gmail.com,84,Hoodie Oversize Beige,3,40.08,120.24
1496,2026-05-29 18:44:36,71,Mateo Navarro,mateo.navarro72@gmail.com,122,Short Deportivo Gris,2,92.14,184.28
1497,2026-05-10 02:23:47,60,Diana Torres,diana.torres20@gmail.com,34,Camisa Streetwear Negra,3,61.58,184.74
1498,2026-05-09 03:24:42,32,Pedro Cruz,pedro.cruz61@gmail.com,70,Pantalon Streetwear Negro,2,20.9,41.8
1499,2026-05-03 10:51:09,13,Luis Lopez,luis.lopez65@gmail.com,158,Riñonera Gris,5,51.46,257.3
1500,2026-05-02 10:34:45,60,Diana Torres,diana.torres20@gmail.com,79,Pantalon Urban Fit,4,33.23,132.92
1501,2026-05-14 10:33:05,24,Jose Gomez,jose.gomez27@gmail.com,25,Camisa Oversize Beige,3,49.25,147.75
1502,2026-05-26 12:22:14,32,Pedro Cruz,pedro.cruz61@gmail.com,94,Hoodie Boxy Fit Negro,3,53.78,161.34
1503,2026-05-22 21:34:29,54,Diego Flores,diego.flores78@gmail.com,164,Zapatillas Running Rojas,2,59.68,119.36
1504,2026-05-23 18:55:35,23,Camila Castro,camila.castro71@gmail.com,192,Sudadera Vintage Verde,3,46.72,140.16
1505,2026-05-07 14:37:40,47,Valeria Benitez,valeria.benitez19@gmail.com,8,Camiseta Anime Tokyo,4,25.96,103.84
1506,2026-05-05 11:10:46,47,Valeria Benitez,valeria.benitez19@gmail.com,176,Sneakers Vintage Rojos,4,76.12,304.48
1507,2026-05-11 00:23:38,1,Jose Suarez,jose.suarez11@gmail.com,118,Chaqueta Utility Beige,1,86.66,86.66
1508,2026-05-07 12:00:54,8,Paula Benitez,paula.benitez90@gmail.com,112,Chaqueta Puffer Negra,5,78.44,392.2
1509,2026-05-13 07:30:58,61,Ana Benitez,ana.benitez19@gmail.com,97,Hoodie Urban Blue,5,57.89,289.45
1510,2026-05-05 01:53:43,55,Ana Acosta,ana.acosta99@gmail.com,198,Tank Top Loose Fit Color191,5,58.18,290.9
1511,2026-05-21 18:58:48,60,Diana Torres,diana.torres20@gmail.com,113,Chaqueta Streetwear Verde,5,79.81,399.05
1512,2026-05-18 21:29:43,19,Diana Romero,diana.romero86@gmail.com,56,Jean Streetwear Gris,5,91.72,458.6
1513,2026-05-28 17:15:09,55,Ana Acosta,ana.acosta99@gmail.com,153,Pulsera Acero,1,44.61,44.61
1514,2026-05-14 07:44:25,54,Diego Flores,diego.flores78@gmail.com,174,Sneakers Minimalistas,4,73.38,293.52
1515,2026-05-10 10:18:24,37,Camila Rojas,camila.rojas50@gmail.com,127,Short Basketball Rojo,1,98.99,98.99
1516,2026-05-31 11:07:01,42,Fernanda Navarro,fernanda.navarro34@gmail.com,178,Tenis Deportivos Negros,4,78.86,315.44
1517,2026-05-03 00:04:36,72,Mateo Paspuel,mateo.paspuel64@gmail.com,93,Hoodie Zip Up Gris,3,52.41,157.23
1518,2026-05-14 17:58:52,79,Valeria Cruz,valeria.cruz58@gmail.com,42,Jean Baggy Azul Oscuro,3,72.54,217.62
1519,2026-05-10 09:02:28,73,Miguel Navarro,miguel.navarro4@gmail.com,199,Conjunto Urban Negro,1,60.09,60.09
1520,2026-05-24 22:03:43,34,Camila Paspuel,camila.paspuel92@gmail.com,198,Tank Top Loose Fit Color191,1,58.18,58.18
1521,2026-05-15 21:44:19,55,Ana Acosta,ana.acosta99@gmail.com,66,Pantalon Jogger Azul,4,15.42,61.68
1522,2026-05-01 02:19:20,55,Ana Acosta,ana.acosta99@gmail.com,177,Tenis Deportivos Blancos,5,77.49,387.45
1523,2026-05-17 13:29:52,94,Valeria Flores,valeria.flores75@gmail.com,45,Jean Skinny Azul,5,76.65,383.25
1524,2026-05-23 13:41:24,58,Carlos Vega,carlos.vega32@gmail.com,53,Jean Wide Leg Gris,4,87.61,350.44
1525,2026-05-12 10:28:28,28,Fernanda Acosta,fernanda.acosta52@gmail.com,62,Pantalon Cargo Beige,5,99.94,499.7
1526,2026-05-25 12:44:00,90,Andres Ruiz,andres.ruiz70@gmail.com,134,Short Skate Negro,1,18.58,18.58
1527,2026-05-12 10:24:22,93,Fernanda Benitez,fernanda.benitez10@gmail.com,77,Pantalon Casual Cafe,3,30.49,91.47
1528,2026-05-23 04:12:11,17,Pedro Gomez,pedro.gomez67@gmail.com,110,Chaqueta Impermeable Negra,1,75.7,75.7
1529,2026-05-28 08:57:54,20,Carlos Lopez,carlos.lopez18@gmail.com,31,Camisa Coreana Blanca,2,57.47,114.94
1530,2026-05-05 00:16:25,54,Diego Flores,diego.flores78@gmail.com,146,Beanie Gris,4,35.02,140.08
1531,2026-05-07 03:21:25,100,Ana Torres,ana.torres87@gmail.com,120,Chaqueta Urban Black,4,89.4,357.6
1532,2026-05-24 09:32:17,57,Luis Acosta,luis.acosta47@gmail.com,137,Short Minimalista Blanco,2,22.69,45.38
1533,2026-05-29 15:54:33,31,Jose Perez,jose.perez2@gmail.com,190,Chompa Retro Celeste,1,42.9,42.9
1534,2026-05-21 13:20:09,3,Daniel Suarez,daniel.suarez49@gmail.com,74,Pantalon Slim Fit Gris,4,26.38,105.52
1535,2026-05-14 16:03:05,47,Valeria Benitez,valeria.benitez19@gmail.com,41,Jean Baggy Azul Claro,1,71.17,71.17
1536,2026-05-02 03:01:10,15,Jose Castro,jose.castro82@gmail.com,177,Tenis Deportivos Blancos,2,77.49,154.98
1537,2026-05-15 18:22:57,97,Diego Rojas,diego.rojas44@gmail.com,65,Pantalon Jogger Negro,2,104.05,208.1
1538,2026-05-03 06:27:42,39,Ana Castro,ana.castro27@gmail.com,13,Camiseta Acid Wash,4,32.81,131.24
1539,2026-05-29 05:14:56,88,Sofia Paspuel,sofia.paspuel45@gmail.com,94,Hoodie Boxy Fit Negro,5,53.78,268.9
1540,2026-05-24 17:39:55,44,Fernanda Torres,fernanda.torres34@gmail.com,26,Camisa Oversize Negra,2,50.62,101.24
1541,2026-05-15 03:21:26,24,Jose Gomez,jose.gomez27@gmail.com,193,Tank Top Streetwear Gris,1,48.63,48.63
1542,2026-05-22 17:18:08,52,Camila Mora,camila.mora82@gmail.com,128,Short Streetwear Negro,5,100.36,501.8
1543,2026-05-31 12:56:12,38,Lucia Castro,lucia.castro3@gmail.com,114,Chaqueta Techwear Gris,3,81.18,243.54
1544,2026-05-12 03:32:58,21,Lucia Suarez,lucia.suarez43@gmail.com,163,Zapatillas Running Azul,1,58.31,58.31
1545,2026-05-09 00:57:29,65,Paula Vega,paula.vega31@gmail.com,132,Short Loose Fit Gris,1,15.84,15.84
1546,2026-05-30 22:01:03,62,Diego Perez,diego.perez69@gmail.com,47,Jean Cargo Verde,2,79.39,158.78
1547,2026-05-26 19:00:49,60,Diana Torres,diana.torres20@gmail.com,10,Camiseta Streetwear Urban,4,28.7,114.8
1548,2026-05-08 23:15:19,28,Fernanda Acosta,fernanda.acosta52@gmail.com,197,Sudadera Boxy Fit Celeste,3,56.27,168.81
1549,2026-05-02 08:15:47,15,Jose Castro,jose.castro82@gmail.com,105,Chaqueta Cuero Negra,2,68.85,137.7
1550,2026-05-16 15:05:50,24,Jose Gomez,jose.gomez27@gmail.com,69,Pantalon Streetwear Gris,3,19.53,58.59
1551,2026-05-25 14:50:57,68,Miguel Rojas,miguel.rojas85@gmail.com,37,Camisa Loose Fit Gris,1,65.69,65.69
1552,2026-05-01 10:49:45,11,Ana Flores,ana.flores99@gmail.com,39,Camisa Estampada Negra,2,68.43,136.86
1553,2026-05-21 17:01:07,13,Luis Lopez,luis.lopez65@gmail.com,116,Chaqueta Cargo Negra,4,83.92,335.68
1554,2026-05-22 09:06:38,16,Miguel Romero,miguel.romero59@gmail.com,152,Pulsera Cuero Negra,1,43.24,43.24
1555,2026-05-08 23:31:08,3,Daniel Suarez,daniel.suarez49@gmail.com,109,Chaqueta Oversize Gris,4,74.33,297.32
1556,2026-05-09 10:49:06,16,Miguel Romero,miguel.romero59@gmail.com,1,Camiseta Basica Negra,3,16.37,49.11
1557,2026-05-22 04:19:45,64,Emily Salazar,emily.salazar93@gmail.com,112,Chaqueta Puffer Negra,2,78.44,156.88
1558,2026-05-22 04:58:48,45,Fernanda Ruiz,fernanda.ruiz48@gmail.com,118,Chaqueta Utility Beige,2,86.66,173.32
1559,2026-05-01 07:40:23,94,Valeria Flores,valeria.flores75@gmail.com,21,Camisa Formal Blanca,4,43.77,175.08
1560,2026-05-15 05:22:58,4,Pedro Salazar,pedro.salazar91@gmail.com,69,Pantalon Streetwear Gris,4,19.53,78.12
1561,2026-05-02 13:04:30,13,Luis Lopez,luis.lopez65@gmail.com,193,Tank Top Streetwear Gris,3,48.63,145.89
1562,2026-05-01 01:42:31,5,Daniel Acosta,daniel.acosta85@gmail.com,170,Zapatos Formales Negros,3,67.9,203.7
1563,2026-05-02 11:03:00,85,Fernanda Herrera,fernanda.herrera13@gmail.com,145,Beanie Negro,2,33.65,67.3
1564,2026-05-20 11:50:42,83,Maria Castro,maria.castro9@gmail.com,175,Sneakers Skate Azules,2,74.75,149.5
1565,2026-05-08 11:52:29,1,Jose Suarez,jose.suarez11@gmail.com,96,Hoodie Techwear Gris,3,56.52,169.56
1566,2026-05-07 08:02:41,87,Emily Paspuel,emily.paspuel93@gmail.com,107,Chaqueta Varsity Negra,5,71.59,357.95
1567,2026-05-21 10:41:08,60,Diana Torres,diana.torres20@gmail.com,112,Chaqueta Puffer Negra,2,78.44,156.88
1568,2026-05-03 03:16:56,39,Ana Castro,ana.castro27@gmail.com,182,Sudadera Vintage Blanco,2,27.62,55.24
1569,2026-05-22 18:09:03,26,Pedro Castro,pedro.castro94@gmail.com,165,Converse Negras,2,61.05,122.1
1570,2026-05-19 10:30:26,70,Diana Ruiz,diana.ruiz90@gmail.com,179,Zapatillas Techwear,3,80.23,240.69
1571,2026-05-29 19:15:43,39,Ana Castro,ana.castro27@gmail.com,146,Beanie Gris,5,35.02,175.1
1572,2026-05-08 19:18:03,24,Jose Gomez,jose.gomez27@gmail.com,100,Hoodie Monocromatico,5,62.0,310.0
1573,2026-05-13 07:34:33,79,Valeria Cruz,valeria.cruz58@gmail.com,92,Hoodie Minimalista Negro,4,51.04,204.16
1574,2026-05-04 01:28:22,85,Fernanda Herrera,fernanda.herrera13@gmail.com,85,Hoodie Graphic Rojo,4,41.45,165.8
1575,2026-05-16 02:23:47,13,Luis Lopez,luis.lopez65@gmail.com,44,Jean Baggy Gris,5,75.28,376.4
1576,2026-05-29 07:05:56,95,Ana Cruz,ana.cruz50@gmail.com,7,Camiseta Vintage Verde,2,24.59,49.18
1577,2026-05-18 03:20:55,44,Fernanda Torres,fernanda.torres34@gmail.com,84,Hoodie Oversize Beige,4,40.08,160.32
1578,2026-05-13 16:55:19,88,Sofia Paspuel,sofia.paspuel45@gmail.com,45,Jean Skinny Azul,1,76.65,76.65
1579,2026-05-12 17:38:42,1,Jose Suarez,jose.suarez11@gmail.com,187,Sudadera Boxy Fit Beige,4,37.17,148.68
1580,2026-05-13 10:16:52,54,Diego Flores,diego.flores78@gmail.com,196,Polo Acid Wash Morado,1,54.36,54.36
1581,2026-05-15 03:27:15,86,Maria Flores,maria.flores52@gmail.com,189,Conjunto Urban Morado,2,40.99,81.98
1582,2026-05-28 02:12:43,43,Jose Rojas,jose.rojas67@gmail.com,75,Pantalon Tactical Verde,2,27.75,55.5
1583,2026-05-11 16:30:18,75,Miguel Vega,miguel.vega53@gmail.com,34,Camisa Streetwear Negra,5,61.58,307.9
1584,2026-05-24 04:18:05,94,Valeria Flores,valeria.flores75@gmail.com,147,Beanie Blanco,4,36.39,145.56
1585,2026-05-09 21:15:54,63,Luis Salazar,luis.salazar83@gmail.com,127,Short Basketball Rojo,5,98.99,494.95
1586,2026-05-12 06:01:20,23,Camila Castro,camila.castro71@gmail.com,122,Short Deportivo Gris,3,92.14,276.42
1587,2026-05-16 08:24:41,42,Fernanda Navarro,fernanda.navarro34@gmail.com,119,Chaqueta Windbreaker Azul,1,88.03,88.03
1588,2026-05-11 20:03:15,74,Ana Mora,ana.mora16@gmail.com,198,Tank Top Loose Fit Color191,4,58.18,232.72
1589,2026-05-17 20:21:59,91,Camila Acosta,camila.acosta41@gmail.com,131,Short Vintage Denim,3,104.47,313.41
1590,2026-05-03 09:36:01,61,Ana Benitez,ana.benitez19@gmail.com,104,Chaqueta Bomber Verde,3,67.48,202.44
1591,2026-05-29 18:22:38,24,Jose Gomez,jose.gomez27@gmail.com,53,Jean Wide Leg Gris,2,87.61,175.22
1592,2026-05-08 13:13:16,29,Mateo Romero,mateo.romero24@gmail.com,78,Pantalon Recto Beige,3,31.86,95.58
1593,2026-05-11 07:49:27,69,Lucia Herrera,lucia.herrera62@gmail.com,36,Camisa Slim Fit Blanca,4,64.32,257.28
1594,2026-05-05 11:44:14,55,Ana Acosta,ana.acosta99@gmail.com,176,Sneakers Vintage Rojos,4,76.12,304.48
1595,2026-05-25 11:04:35,74,Ana Mora,ana.mora16@gmail.com,152,Pulsera Cuero Negra,4,43.24,172.96
1596,2026-05-10 01:03:31,60,Diana Torres,diana.torres20@gmail.com,33,Camisa Oxford Celeste,3,60.21,180.63
1597,2026-05-08 17:06:40,88,Sofia Paspuel,sofia.paspuel45@gmail.com,84,Hoodie Oversize Beige,1,40.08,40.08
1598,2026-05-08 13:53:41,48,Miguel Torres,miguel.torres90@gmail.com,1,Camiseta Basica Negra,3,16.37,49.11
1599,2026-05-30 06:46:06,83,Maria Castro,maria.castro9@gmail.com,15,Camiseta Oversize Gris,5,35.55,177.75
1600,2026-05-16 14:56:19,7,Miguel Flores,miguel.flores68@gmail.com,158,Riñonera Gris,5,51.46,257.3
1601,2026-05-05 06:38:21,89,Ana Gomez,ana.gomez98@gmail.com,139,Short Acid Wash,3,25.43,76.29
1602,2026-05-01 05:22:18,13,Luis Lopez,luis.lopez65@gmail.com,83,Hoodie Oversize Gris,3,38.71,116.13
1603,2026-05-07 20:04:59,94,Valeria Flores,valeria.flores75@gmail.com,66,Pantalon Jogger Azul,3,15.42,46.26
1604,2026-05-13 12:10:00,45,Fernanda Ruiz,fernanda.ruiz48@gmail.com,123,Short Baggy Negro,1,93.51,93.51
1605,2026-05-08 04:42:35,19,Diana Romero,diana.romero86@gmail.com,119,Chaqueta Windbreaker Azul,2,88.03,176.06
1606,2026-05-15 19:57:57,97,Diego Rojas,diego.rojas44@gmail.com,155,Lentes Urbanos,3,47.35,142.05
1607,2026-05-17 22:47:41,98,Ana Navarro,ana.navarro44@gmail.com,136,Short Urban Gray,1,21.32,21.32
1608,2026-05-14 18:17:29,71,Mateo Navarro,mateo.navarro72@gmail.com,146,Beanie Gris,2,35.02,70.04
1609,2026-05-11 02:38:49,87,Emily Paspuel,emily.paspuel93@gmail.com,152,Pulsera Cuero Negra,3,43.24,129.72
1610,2026-05-19 23:02:27,77,Jose Lopez,jose.lopez69@gmail.com,148,Cinturon Negro,5,37.76,188.8
1611,2026-05-05 08:13:18,91,Camila Acosta,camila.acosta41@gmail.com,11,Camiseta Retro 90s,3,30.07,90.21
1612,2026-05-06 06:35:32,100,Ana Torres,ana.torres87@gmail.com,155,Lentes Urbanos,3,47.35,142.05
1613,2026-05-04 17:07:42,94,Valeria Flores,valeria.flores75@gmail.com,90,Hoodie Anime Tokyo,2,48.3,96.6
1614,2026-05-17 00:39:18,29,Mateo Romero,mateo.romero24@gmail.com,25,Camisa Oversize Beige,3,49.25,147.75
1615,2026-05-31 11:10:47,75,Miguel Vega,miguel.vega53@gmail.com,124,Short Baggy Beige,3,94.88,284.64
1616,2026-05-03 06:37:38,75,Miguel Vega,miguel.vega53@gmail.com,111,Chaqueta Puffer Blanca,1,77.07,77.07
1617,2026-05-15 21:20:22,32,Pedro Cruz,pedro.cruz61@gmail.com,51,Jean Destroyed Azul,2,84.87,169.74
1618,2026-05-06 03:12:54,30,Lucia Acosta,lucia.acosta28@gmail.com,94,Hoodie Boxy Fit Negro,4,53.78,215.12
1619,2026-05-23 19:29:35,61,Ana Benitez,ana.benitez19@gmail.com,139,Short Acid Wash,5,25.43,127.15
1620,2026-05-07 14:55:09,26,Pedro Castro,pedro.castro94@gmail.com,24,Camisa Flannel Azul,4,47.88,191.52
1621,2026-05-01 00:17:04,5,Daniel Acosta,daniel.acosta85@gmail.com,106,Chaqueta Varsity Roja,2,70.22,140.44
1622,2026-05-29 09:41:21,75,Miguel Vega,miguel.vega53@gmail.com,29,Camisa Casual Gris,4,54.73,218.92
1623,2026-05-05 15:32:32,2,Carlos Suarez,carlos.suarez87@gmail.com,195,Chompa Graphic Cafe,2,52.45,104.9
1624,2026-05-27 02:13:51,23,Camila Castro,camila.castro71@gmail.com,176,Sneakers Vintage Rojos,5,76.12,380.6
1625,2026-05-26 19:59:29,48,Miguel Torres,miguel.torres90@gmail.com,17,Camiseta Skate,4,38.29,153.16
1626,2026-05-10 00:36:06,27,Luis Mora,luis.mora33@gmail.com,22,Camisa Formal Negra,1,45.14,45.14
1627,2026-05-29 17:38:56,47,Valeria Benitez,valeria.benitez19@gmail.com,53,Jean Wide Leg Gris,5,87.61,438.05
1628,2026-05-27 17:32:31,39,Ana Castro,ana.castro27@gmail.com,49,Jean Recto Azul,1,82.13,82.13
1629,2026-05-09 20:52:58,49,Miguel Benitez,miguel.benitez4@gmail.com,34,Camisa Streetwear Negra,5,61.58,307.9
1630,2026-05-01 20:23:41,74,Ana Mora,ana.mora16@gmail.com,8,Camiseta Anime Tokyo,4,25.96,103.84
1631,2026-05-12 10:38:11,60,Diana Torres,diana.torres20@gmail.com,200,Chompa Retro Blanco,2,62.0,124.0
1632,2026-05-29 14:37:28,19,Diana Romero,diana.romero86@gmail.com,195,Chompa Graphic Cafe,4,52.45,209.8
1633,2026-05-18 15:34:04,11,Ana Flores,ana.flores99@gmail.com,51,Jean Destroyed Azul,2,84.87,169.74
1634,2026-05-18 02:24:41,28,Fernanda Acosta,fernanda.acosta52@gmail.com,11,Camiseta Retro 90s,5,30.07,150.35
1635,2026-05-07 18:38:26,65,Paula Vega,paula.vega31@gmail.com,200,Chompa Retro Blanco,5,62.0,310.0
1636,2026-05-12 06:37:29,50,Juan Castro,juan.castro81@gmail.com,200,Chompa Retro Blanco,2,62.0,124.0
1637,2026-05-11 22:55:21,40,Luis Castro,luis.castro1@gmail.com,52,Jean Vintage Wash,1,86.24,86.24
1638,2026-05-04 15:38:18,47,Valeria Benitez,valeria.benitez19@gmail.com,177,Tenis Deportivos Blancos,3,77.49,232.47
1639,2026-05-13 20:37:40,47,Valeria Benitez,valeria.benitez19@gmail.com,158,Riñonera Gris,4,51.46,205.84
1640,2026-05-10 19:17:50,19,Diana Romero,diana.romero86@gmail.com,126,Short Running Azul,1,97.62,97.62
1641,2026-05-11 20:13:47,41,Luis Gomez,luis.gomez94@gmail.com,60,Jean Acid Wash,2,97.2,194.4
1642,2026-05-08 16:56:41,33,Emily Ruiz,emily.ruiz87@gmail.com,34,Camisa Streetwear Negra,2,61.58,123.16
1643,2026-05-21 19:18:38,24,Jose Gomez,jose.gomez27@gmail.com,68,Pantalon Wide Leg Beige,2,18.16,36.32
1644,2026-05-11 03:04:07,50,Juan Castro,juan.castro81@gmail.com,142,Gorra Blanca,1,29.54,29.54
1645,2026-05-21 16:54:14,63,Luis Salazar,luis.salazar83@gmail.com,197,Sudadera Boxy Fit Celeste,2,56.27,112.54
1646,2026-05-21 15:18:13,55,Ana Acosta,ana.acosta99@gmail.com,34,Camisa Streetwear Negra,5,61.58,307.9
1647,2026-05-06 09:14:21,98,Ana Navarro,ana.navarro44@gmail.com,187,Sudadera Boxy Fit Beige,3,37.17,111.51
1648,2026-05-28 12:37:37,1,Jose Suarez,jose.suarez11@gmail.com,138,Short Monocromatico Negro,2,24.06,48.12
1649,2026-05-12 21:27:47,89,Ana Gomez,ana.gomez98@gmail.com,32,Camisa Lino Beige,4,58.84,235.36
1650,2026-05-14 15:09:39,17,Pedro Gomez,pedro.gomez67@gmail.com,164,Zapatillas Running Rojas,2,59.68,119.36
1651,2026-05-16 21:10:59,97,Diego Rojas,diego.rojas44@gmail.com,116,Chaqueta Cargo Negra,2,83.92,167.84
1652,2026-05-04 09:45:02,94,Valeria Flores,valeria.flores75@gmail.com,66,Pantalon Jogger Azul,1,15.42,15.42
1653,2026-05-14 15:17:22,46,Daniel Mora,daniel.mora2@gmail.com,178,Tenis Deportivos Negros,3,78.86,236.58
1654,2026-05-22 19:23:33,30,Lucia Acosta,lucia.acosta28@gmail.com,179,Zapatillas Techwear,4,80.23,320.92
1655,2026-05-17 11:45:42,66,Daniel Cruz,daniel.cruz12@gmail.com,149,Cinturon Marron,1,39.13,39.13
1656,2026-05-14 22:22:53,2,Carlos Suarez,carlos.suarez87@gmail.com,103,Chaqueta Bomber Negra,3,66.11,198.33
1657,2026-05-05 08:19:09,38,Lucia Castro,lucia.castro3@gmail.com,111,Chaqueta Puffer Blanca,2,77.07,154.14
1658,2026-05-06 01:20:12,25,Diego Suarez,diego.suarez45@gmail.com,12,Camiseta Minimalista Beige,1,31.44,31.44
1659,2026-05-23 21:34:46,86,Maria Flores,maria.flores52@gmail.com,7,Camiseta Vintage Verde,5,24.59,122.95
1660,2026-05-10 07:33:13,70,Diana Ruiz,diana.ruiz90@gmail.com,193,Tank Top Streetwear Gris,3,48.63,145.89
1661,2026-05-06 08:25:59,70,Diana Ruiz,diana.ruiz90@gmail.com,3,Camiseta Oversize Negra,1,19.11,19.11
1662,2026-05-17 02:12:27,75,Miguel Vega,miguel.vega53@gmail.com,78,Pantalon Recto Beige,3,31.86,95.58
1663,2026-05-04 12:35:26,4,Pedro Salazar,pedro.salazar91@gmail.com,113,Chaqueta Streetwear Verde,3,79.81,239.43
1664,2026-05-01 19:27:56,71,Mateo Navarro,mateo.navarro72@gmail.com,176,Sneakers Vintage Rojos,1,76.12,76.12
1665,2026-05-08 14:50:43,4,Pedro Salazar,pedro.salazar91@gmail.com,150,Cadena Plateada,5,40.5,202.5
1666,2026-05-10 17:07:08,1,Jose Suarez,jose.suarez11@gmail.com,74,Pantalon Slim Fit Gris,3,26.38,79.14
1667,2026-05-24 12:58:16,67,Miguel Paspuel,miguel.paspuel30@gmail.com,137,Short Minimalista Blanco,2,22.69,45.38
1668,2026-05-16 04:55:34,30,Lucia Acosta,lucia.acosta28@gmail.com,49,Jean Recto Azul,5,82.13,410.65
1669,2026-05-17 09:34:44,7,Miguel Flores,miguel.flores68@gmail.com,198,Tank Top Loose Fit Color191,5,58.18,290.9
1670,2026-05-18 17:14:24,67,Miguel Paspuel,miguel.paspuel30@gmail.com,170,Zapatos Formales Negros,5,67.9,339.5
1671,2026-05-22 15:09:56,26,Pedro Castro,pedro.castro94@gmail.com,35,Camisa Rayada Azul,5,62.95,314.75
1672,2026-05-24 19:35:27,25,Diego Suarez,diego.suarez45@gmail.com,67,Pantalon Wide Leg Negro,1,16.79,16.79
1673,2026-05-14 08:41:02,70,Diana Ruiz,diana.ruiz90@gmail.com,51,Jean Destroyed Azul,4,84.87,339.48
1674,2026-05-04 12:28:55,53,Fernanda Paspuel,fernanda.paspuel45@gmail.com,116,Chaqueta Cargo Negra,4,83.92,335.68
1675,2026-05-08 18:47:53,100,Ana Torres,ana.torres87@gmail.com,23,Camisa Flannel Roja,1,46.51,46.51
1676,2026-05-12 03:20:50,89,Ana Gomez,ana.gomez98@gmail.com,94,Hoodie Boxy Fit Negro,1,53.78,53.78
1677,2026-05-01 14:02:58,54,Diego Flores,diego.flores78@gmail.com,124,Short Baggy Beige,3,94.88,284.64
1678,2026-05-29 18:29:37,100,Ana Torres,ana.torres87@gmail.com,30,Camisa Manga Corta Azul,4,56.1,224.4
1679,2026-05-17 12:14:34,94,Valeria Flores,valeria.flores75@gmail.com,188,Tank Top Loose Fit Cafe,2,39.08,78.16
1680,2026-05-25 07:12:43,95,Ana Cruz,ana.cruz50@gmail.com,158,Riñonera Gris,4,51.46,205.84
1681,2026-05-15 12:28:48,36,Andres Rojas,andres.rojas47@gmail.com,115,Chaqueta Vintage Denim,1,82.55,82.55
1682,2026-05-12 17:12:37,51,Daniel Gomez,daniel.gomez14@gmail.com,51,Jean Destroyed Azul,5,84.87,424.35
1683,2026-05-23 02:32:01,68,Miguel Rojas,miguel.rojas85@gmail.com,27,Camisa Satinada Plateada,5,51.99,259.95
1684,2026-05-25 13:33:26,40,Luis Castro,luis.castro1@gmail.com,40,Camisa Denim Azul,4,69.8,279.2
1685,2026-05-07 17:08:59,44,Fernanda Torres,fernanda.torres34@gmail.com,158,Riñonera Gris,4,51.46,205.84
1686,2026-05-04 16:45:59,81,Carlos Perez,carlos.perez8@gmail.com,144,Gorra Azul,4,32.28,129.12
1687,2026-05-13 05:29:26,90,Andres Ruiz,andres.ruiz70@gmail.com,176,Sneakers Vintage Rojos,4,76.12,304.48
1688,2026-05-20 20:55:32,47,Valeria Benitez,valeria.benitez19@gmail.com,148,Cinturon Negro,2,37.76,75.52
1689,2026-05-22 00:21:13,58,Carlos Vega,carlos.vega32@gmail.com,93,Hoodie Zip Up Gris,1,52.41,52.41
1690,2026-05-26 02:58:40,27,Luis Mora,luis.mora33@gmail.com,165,Converse Negras,5,61.05,305.25
1691,2026-05-09 05:03:49,76,Maria Gomez,maria.gomez80@gmail.com,169,Zapatos Casuales Beige,2,66.53,133.06
1692,2026-05-29 18:38:59,52,Camila Mora,camila.mora82@gmail.com,102,Chaqueta Denim Negra,5,64.74,323.7
1693,2026-05-16 04:58:37,15,Jose Castro,jose.castro82@gmail.com,127,Short Basketball Rojo,3,98.99,296.97
1694,2026-05-10 18:43:42,8,Paula Benitez,paula.benitez90@gmail.com,133,Short Oversize Beige,4,17.21,68.84
1695,2026-05-18 12:39:32,100,Ana Torres,ana.torres87@gmail.com,126,Short Running Azul,2,97.62,195.24
1696,2026-05-23 20:57:56,40,Luis Castro,luis.castro1@gmail.com,93,Hoodie Zip Up Gris,1,52.41,52.41
1697,2026-05-31 17:44:29,92,Paula Torres,paula.torres53@gmail.com,65,Pantalon Jogger Negro,3,104.05,312.15
1698,2026-05-19 22:08:25,69,Lucia Herrera,lucia.herrera62@gmail.com,122,Short Deportivo Gris,1,92.14,92.14
1699,2026-05-24 02:04:15,54,Diego Flores,diego.flores78@gmail.com,51,Jean Destroyed Azul,5,84.87,424.35
1700,2026-05-14 14:46:28,79,Valeria Cruz,valeria.cruz58@gmail.com,22,Camisa Formal Negra,4,45.14,180.56
1701,2026-05-21 10:10:28,89,Ana Gomez,ana.gomez98@gmail.com,18,Camiseta Hip Hop,2,39.66,79.32
1702,2026-05-21 16:03:04,94,Valeria Flores,valeria.flores75@gmail.com,144,Gorra Azul,3,32.28,96.84
1703,2026-05-04 09:23:12,76,Maria Gomez,maria.gomez80@gmail.com,86,Hoodie Graphic Negro,4,42.82,171.28
1704,2026-05-02 09:54:48,4,Pedro Salazar,pedro.salazar91@gmail.com,101,Chaqueta Denim Azul Claro,5,63.37,316.85
1705,2026-05-20 03:10:27,49,Miguel Benitez,miguel.benitez4@gmail.com,103,Chaqueta Bomber Negra,4,66.11,264.44
1706,2026-05-02 20:43:22,46,Daniel Mora,daniel.mora2@gmail.com,158,Riñonera Gris,3,51.46,154.38
1707,2026-05-06 20:40:30,1,Jose Suarez,jose.suarez11@gmail.com,52,Jean Vintage Wash,5,86.24,431.2
1708,2026-05-19 08:11:45,7,Miguel Flores,miguel.flores68@gmail.com,102,Chaqueta Denim Negra,4,64.74,258.96
1709,2026-05-02 20:19:30,39,Ana Castro,ana.castro27@gmail.com,153,Pulsera Acero,5,44.61,223.05
1710,2026-05-23 18:52:55,36,Andres Rojas,andres.rojas47@gmail.com,43,Jean Baggy Negro,5,73.91,369.55
1711,2026-05-11 15:34:34,66,Daniel Cruz,daniel.cruz12@gmail.com,90,Hoodie Anime Tokyo,2,48.3,96.6
1712,2026-05-29 04:01:34,9,Miguel Mora,miguel.mora18@gmail.com,109,Chaqueta Oversize Gris,2,74.33,148.66
1713,2026-05-18 01:41:58,79,Valeria Cruz,valeria.cruz58@gmail.com,48,Jean Cargo Beige,2,80.76,161.52
1714,2026-05-12 03:42:07,92,Paula Torres,paula.torres53@gmail.com,59,Jean Urban Denim,3,95.83,287.49
1715,2026-05-09 21:18:19,78,Emily Herrera,emily.herrera26@gmail.com,42,Jean Baggy Azul Oscuro,4,72.54,290.16
1716,2026-05-19 20:13:37,74,Ana Mora,ana.mora16@gmail.com,8,Camiseta Anime Tokyo,1,25.96,25.96
1717,2026-05-24 10:11:31,89,Ana Gomez,ana.gomez98@gmail.com,158,Riñonera Gris,1,51.46,51.46
1718,2026-05-16 06:07:27,55,Ana Acosta,ana.acosta99@gmail.com,115,Chaqueta Vintage Denim,2,82.55,165.1
1719,2026-05-05 00:57:55,21,Lucia Suarez,lucia.suarez43@gmail.com,190,Chompa Retro Celeste,5,42.9,214.5
1720,2026-05-16 16:17:41,27,Luis Mora,luis.mora33@gmail.com,151,Cadena Dorada,1,41.87,41.87
1721,2026-05-12 21:46:24,45,Fernanda Ruiz,fernanda.ruiz48@gmail.com,152,Pulsera Cuero Negra,3,43.24,129.72
1722,2026-05-01 03:12:40,54,Diego Flores,diego.flores78@gmail.com,146,Beanie Gris,3,35.02,105.06
1723,2026-05-10 19:50:55,81,Carlos Perez,carlos.perez8@gmail.com,117,Chaqueta Casual Cafe,1,85.29,85.29
1724,2026-05-02 21:47:35,2,Carlos Suarez,carlos.suarez87@gmail.com,98,Hoodie Retro Purple,2,59.26,118.52
1725,2026-05-30 17:15:27,4,Pedro Salazar,pedro.salazar91@gmail.com,22,Camisa Formal Negra,1,45.14,45.14
1726,2026-05-01 00:21:34,76,Maria Gomez,maria.gomez80@gmail.com,49,Jean Recto Azul,3,82.13,246.39
1727,2026-05-02 10:31:30,11,Ana Flores,ana.flores99@gmail.com,69,Pantalon Streetwear Gris,3,19.53,58.59
1728,2026-05-01 20:37:38,38,Lucia Castro,lucia.castro3@gmail.com,96,Hoodie Techwear Gris,5,56.52,282.6
1729,2026-05-12 07:04:03,77,Jose Lopez,jose.lopez69@gmail.com,75,Pantalon Tactical Verde,4,27.75,111.0
1730,2026-05-08 06:42:32,56,Luis Cruz,luis.cruz91@gmail.com,8,Camiseta Anime Tokyo,2,25.96,51.92
1731,2026-05-13 11:58:18,59,Luis Paspuel,luis.paspuel81@gmail.com,6,Camiseta Vintage Azul,2,23.22,46.44
1732,2026-05-23 06:18:32,76,Maria Gomez,maria.gomez80@gmail.com,149,Cinturon Marron,4,39.13,156.52
1733,2026-05-27 22:55:14,56,Luis Cruz,luis.cruz91@gmail.com,83,Hoodie Oversize Gris,4,38.71,154.84
1734,2026-05-12 05:56:35,88,Sofia Paspuel,sofia.paspuel45@gmail.com,170,Zapatos Formales Negros,5,67.9,339.5
1735,2026-05-11 00:36:28,8,Paula Benitez,paula.benitez90@gmail.com,88,Hoodie Streetwear Blanco,4,45.56,182.24
1736,2026-05-14 19:22:41,67,Miguel Paspuel,miguel.paspuel30@gmail.com,200,Chompa Retro Blanco,1,62.0,62.0
1737,2026-05-06 21:15:44,52,Camila Mora,camila.mora82@gmail.com,21,Camisa Formal Blanca,3,43.77,131.31
1738,2026-05-13 07:15:47,25,Diego Suarez,diego.suarez45@gmail.com,139,Short Acid Wash,5,25.43,127.15
1739,2026-05-25 23:46:07,87,Emily Paspuel,emily.paspuel93@gmail.com,50,Jean Recto Negro,1,83.5,83.5
1740,2026-05-23 07:44:40,39,Ana Castro,ana.castro27@gmail.com,51,Jean Destroyed Azul,5,84.87,424.35
1741,2026-05-03 07:41:46,19,Diana Romero,diana.romero86@gmail.com,177,Tenis Deportivos Blancos,5,77.49,387.45
1742,2026-05-29 16:37:35,75,Miguel Vega,miguel.vega53@gmail.com,96,Hoodie Techwear Gris,3,56.52,169.56
1743,2026-05-25 05:38:32,91,Camila Acosta,camila.acosta41@gmail.com,166,Converse Blancas,1,62.42,62.42
1744,2026-05-13 04:56:39,26,Pedro Castro,pedro.castro94@gmail.com,92,Hoodie Minimalista Negro,3,51.04,153.12
1745,2026-05-31 16:11:01,76,Maria Gomez,maria.gomez80@gmail.com,157,Bolso Crossbody Negro,5,50.09,250.45
1746,2026-05-14 06:02:39,47,Valeria Benitez,valeria.benitez19@gmail.com,24,Camisa Flannel Azul,4,47.88,191.52
1747,2026-05-13 13:58:24,14,Luis Flores,luis.flores15@gmail.com,60,Jean Acid Wash,1,97.2,97.2
1748,2026-05-08 23:40:37,31,Jose Perez,jose.perez2@gmail.com,172,Sneakers Chunky Blancos,4,70.64,282.56
1749,2026-05-15 01:40:58,55,Ana Acosta,ana.acosta99@gmail.com,183,Tank Top Streetwear Azul,1,29.53,29.53
1750,2026-05-11 13:41:58,54,Diego Flores,diego.flores78@gmail.com,96,Hoodie Techwear Gris,4,56.52,226.08
1751,2026-05-24 22:06:15,20,Carlos Lopez,carlos.lopez18@gmail.com,100,Hoodie Monocromatico,3,62.0,186.0
1752,2026-05-27 01:03:59,30,Lucia Acosta,lucia.acosta28@gmail.com,163,Zapatillas Running Azul,5,58.31,291.55
1753,2026-05-15 02:46:37,20,Carlos Lopez,carlos.lopez18@gmail.com,61,Pantalon Cargo Negro,5,98.57,492.85
1754,2026-05-09 20:26:03,99,Valeria Herrera,valeria.herrera1@gmail.com,125,Short Cargo Verde,2,96.25,192.5
1755,2026-05-17 20:42:23,100,Ana Torres,ana.torres87@gmail.com,57,Jean Loose Fit Azul,1,93.09,93.09
1756,2026-05-16 08:06:59,86,Maria Flores,maria.flores52@gmail.com,134,Short Skate Negro,3,18.58,55.74
1757,2026-05-14 10:58:06,73,Miguel Navarro,miguel.navarro4@gmail.com,178,Tenis Deportivos Negros,4,78.86,315.44
1758,2026-05-04 05:12:34,45,Fernanda Ruiz,fernanda.ruiz48@gmail.com,3,Camiseta Oversize Negra,4,19.11,76.44
1759,2026-05-18 06:24:33,47,Valeria Benitez,valeria.benitez19@gmail.com,145,Beanie Negro,5,33.65,168.25
1760,2026-05-20 12:39:14,41,Luis Gomez,luis.gomez94@gmail.com,197,Sudadera Boxy Fit Celeste,2,56.27,112.54
1761,2026-05-29 09:15:57,7,Miguel Flores,miguel.flores68@gmail.com,183,Tank Top Streetwear Azul,5,29.53,147.65
1762,2026-05-21 05:36:25,57,Luis Acosta,luis.acosta47@gmail.com,179,Zapatillas Techwear,4,80.23,320.92
1763,2026-05-16 11:50:26,95,Ana Cruz,ana.cruz50@gmail.com,69,Pantalon Streetwear Gris,4,19.53,78.12
1764,2026-05-19 21:41:26,65,Paula Vega,paula.vega31@gmail.com,18,Camiseta Hip Hop,4,39.66,158.64
1765,2026-05-06 13:02:19,71,Mateo Navarro,mateo.navarro72@gmail.com,51,Jean Destroyed Azul,1,84.87,84.87
1766,2026-05-11 19:30:07,67,Miguel Paspuel,miguel.paspuel30@gmail.com,11,Camiseta Retro 90s,2,30.07,60.14
1767,2026-05-31 22:28:17,71,Mateo Navarro,mateo.navarro72@gmail.com,46,Jean Skinny Negro,2,78.02,156.04
1768,2026-05-03 23:06:41,22,Emily Perez,emily.perez82@gmail.com,191,Polo Oversize Rojo,2,44.81,89.62
1769,2026-05-18 02:01:31,88,Sofia Paspuel,sofia.paspuel45@gmail.com,102,Chaqueta Denim Negra,2,64.74,129.48
1770,2026-05-07 17:38:31,76,Maria Gomez,maria.gomez80@gmail.com,134,Short Skate Negro,3,18.58,55.74
1771,2026-05-02 23:34:16,93,Fernanda Benitez,fernanda.benitez10@gmail.com,160,Medias Negras,5,54.2,271.0
1772,2026-05-12 01:05:01,72,Mateo Paspuel,mateo.paspuel64@gmail.com,180,Zapatillas High Top,1,81.6,81.6
1773,2026-05-09 14:19:45,74,Ana Mora,ana.mora16@gmail.com,4,Camiseta Oversize Blanca,1,20.48,20.48
1774,2026-05-27 09:53:27,11,Ana Flores,ana.flores99@gmail.com,116,Chaqueta Cargo Negra,1,83.92,83.92
1775,2026-05-23 01:29:18,90,Andres Ruiz,andres.ruiz70@gmail.com,22,Camisa Formal Negra,5,45.14,225.7
1776,2026-05-19 09:46:54,68,Miguel Rojas,miguel.rojas85@gmail.com,111,Chaqueta Puffer Blanca,4,77.07,308.28
1777,2026-05-09 06:46:29,55,Ana Acosta,ana.acosta99@gmail.com,86,Hoodie Graphic Negro,3,42.82,128.46
1778,2026-05-18 23:28:58,26,Pedro Castro,pedro.castro94@gmail.com,164,Zapatillas Running Rojas,2,59.68,119.36
1779,2026-05-12 01:14:44,23,Camila Castro,camila.castro71@gmail.com,55,Jean Carpenter Azul,2,90.35,180.7
1780,2026-05-05 07:48:40,33,Emily Ruiz,emily.ruiz87@gmail.com,25,Camisa Oversize Beige,5,49.25,246.25
1781,2026-05-30 00:45:43,58,Carlos Vega,carlos.vega32@gmail.com,183,Tank Top Streetwear Azul,5,29.53,147.65
1782,2026-05-05 14:58:10,95,Ana Cruz,ana.cruz50@gmail.com,133,Short Oversize Beige,1,17.21,17.21
1783,2026-05-16 05:46:25,21,Lucia Suarez,lucia.suarez43@gmail.com,87,Hoodie Vintage Gris,5,44.19,220.95
1784,2026-05-23 12:27:39,8,Paula Benitez,paula.benitez90@gmail.com,15,Camiseta Oversize Gris,2,35.55,71.1
1785,2026-05-05 19:00:16,72,Mateo Paspuel,mateo.paspuel64@gmail.com,78,Pantalon Recto Beige,1,31.86,31.86
1786,2026-05-15 15:52:33,44,Fernanda Torres,fernanda.torres34@gmail.com,6,Camiseta Vintage Azul,3,23.22,69.66
1787,2026-05-09 20:28:35,23,Camila Castro,camila.castro71@gmail.com,68,Pantalon Wide Leg Beige,4,18.16,72.64
1788,2026-05-19 06:51:52,99,Valeria Herrera,valeria.herrera1@gmail.com,174,Sneakers Minimalistas,2,73.38,146.76
1789,2026-05-15 18:43:30,72,Mateo Paspuel,mateo.paspuel64@gmail.com,50,Jean Recto Negro,3,83.5,250.5
1790,2026-05-11 15:04:00,40,Luis Castro,luis.castro1@gmail.com,112,Chaqueta Puffer Negra,1,78.44,78.44
1791,2026-05-14 19:22:31,9,Miguel Mora,miguel.mora18@gmail.com,115,Chaqueta Vintage Denim,2,82.55,165.1
1792,2026-05-25 20:20:12,26,Pedro Castro,pedro.castro94@gmail.com,152,Pulsera Cuero Negra,2,43.24,86.48
1793,2026-05-21 22:30:57,87,Emily Paspuel,emily.paspuel93@gmail.com,78,Pantalon Recto Beige,1,31.86,31.86
1794,2026-05-14 08:42:33,87,Emily Paspuel,emily.paspuel93@gmail.com,84,Hoodie Oversize Beige,4,40.08,160.32
1795,2026-05-07 23:20:58,20,Carlos Lopez,carlos.lopez18@gmail.com,5,Camiseta Vintage Roja,5,21.85,109.25
1796,2026-05-16 17:35:45,51,Daniel Gomez,daniel.gomez14@gmail.com,1,Camiseta Basica Negra,3,16.37,49.11
1797,2026-05-09 11:53:53,22,Emily Perez,emily.perez82@gmail.com,143,Gorra Roja,4,30.91,123.64
1798,2026-05-11 08:24:48,28,Fernanda Acosta,fernanda.acosta52@gmail.com,193,Tank Top Streetwear Gris,4,48.63,194.52
1799,2026-05-19 00:20:10,23,Camila Castro,camila.castro71@gmail.com,200,Chompa Retro Blanco,1,62.0,62.0
1800,2026-05-03 03:00:35,18,Diego Lopez,diego.lopez92@gmail.com,73,Pantalon Deportivo Blanco,4,25.01,100.04
1801,2026-05-23 22:14:04,91,Camila Acosta,camila.acosta41@gmail.com,67,Pantalon Wide Leg Negro,4,16.79,67.16
1802,2026-05-09 07:13:17,23,Camila Castro,camila.castro71@gmail.com,129,Short Casual Azul,2,101.73,203.46
1803,2026-05-14 20:25:52,19,Diana Romero,diana.romero86@gmail.com,91,Hoodie Essentials Arena,5,49.67,248.35
1804,2026-05-25 07:57:30,92,Paula Torres,paula.torres53@gmail.com,29,Camisa Casual Gris,1,54.73,54.73
1805,2026-05-03 04:37:51,51,Daniel Gomez,daniel.gomez14@gmail.com,56,Jean Streetwear Gris,3,91.72,275.16
1806,2026-05-10 16:16:58,94,Valeria Flores,valeria.flores75@gmail.com,192,Sudadera Vintage Verde,4,46.72,186.88
1807,2026-05-17 10:33:04,68,Miguel Rojas,miguel.rojas85@gmail.com,191,Polo Oversize Rojo,1,44.81,44.81
1808,2026-05-09 22:19:59,79,Valeria Cruz,valeria.cruz58@gmail.com,128,Short Streetwear Negro,2,100.36,200.72
1809,2026-05-28 09:45:30,43,Jose Rojas,jose.rojas67@gmail.com,125,Short Cargo Verde,4,96.25,385.0
1810,2026-05-01 11:44:16,34,Camila Paspuel,camila.paspuel92@gmail.com,37,Camisa Loose Fit Gris,2,65.69,131.38
1811,2026-05-12 10:52:24,60,Diana Torres,diana.torres20@gmail.com,55,Jean Carpenter Azul,2,90.35,180.7
1812,2026-05-04 15:04:12,95,Ana Cruz,ana.cruz50@gmail.com,68,Pantalon Wide Leg Beige,1,18.16,18.16
1813,2026-05-16 08:31:25,99,Valeria Herrera,valeria.herrera1@gmail.com,179,Zapatillas Techwear,2,80.23,160.46
1814,2026-05-24 15:14:21,35,Ana Lopez,ana.lopez61@gmail.com,36,Camisa Slim Fit Blanca,4,64.32,257.28
1815,2026-05-04 04:29:40,80,Mateo Gomez,mateo.gomez40@gmail.com,26,Camisa Oversize Negra,3,50.62,151.86
1816,2026-05-07 12:30:12,66,Daniel Cruz,daniel.cruz12@gmail.com,126,Short Running Azul,3,97.62,292.86
1817,2026-05-12 01:50:16,5,Daniel Acosta,daniel.acosta85@gmail.com,130,Short Casual Blanco,3,103.1,309.3
1818,2026-05-26 16:17:41,59,Luis Paspuel,luis.paspuel81@gmail.com,180,Zapatillas High Top,2,81.6,163.2
1819,2026-05-26 17:06:05,14,Luis Flores,luis.flores15@gmail.com,43,Jean Baggy Negro,4,73.91,295.64
1820,2026-05-01 22:43:12,92,Paula Torres,paula.torres53@gmail.com,189,Conjunto Urban Morado,4,40.99,163.96
1821,2026-05-24 09:19:23,93,Fernanda Benitez,fernanda.benitez10@gmail.com,22,Camisa Formal Negra,2,45.14,90.28
1822,2026-05-06 07:32:09,42,Fernanda Navarro,fernanda.navarro34@gmail.com,65,Pantalon Jogger Negro,4,104.05,416.2
1823,2026-05-24 11:39:59,97,Diego Rojas,diego.rojas44@gmail.com,34,Camisa Streetwear Negra,1,61.58,61.58
1824,2026-05-07 18:46:42,70,Diana Ruiz,diana.ruiz90@gmail.com,42,Jean Baggy Azul Oscuro,1,72.54,72.54
1825,2026-05-15 14:49:33,93,Fernanda Benitez,fernanda.benitez10@gmail.com,186,Polo Acid Wash Gris,1,35.26,35.26
1826,2026-05-02 02:19:43,15,Jose Castro,jose.castro82@gmail.com,195,Chompa Graphic Cafe,3,52.45,157.35
1827,2026-05-03 02:50:29,50,Juan Castro,juan.castro81@gmail.com,125,Short Cargo Verde,2,96.25,192.5
1828,2026-05-21 15:55:11,26,Pedro Castro,pedro.castro94@gmail.com,109,Chaqueta Oversize Gris,3,74.33,222.99
1829,2026-05-16 05:58:34,26,Pedro Castro,pedro.castro94@gmail.com,9,Camiseta Graphic Dragon,4,27.33,109.32
1830,2026-05-13 14:56:33,46,Daniel Mora,daniel.mora2@gmail.com,77,Pantalon Casual Cafe,3,30.49,91.47
1831,2026-05-15 07:34:48,74,Ana Mora,ana.mora16@gmail.com,158,Riñonera Gris,1,51.46,51.46
1832,2026-05-28 16:51:57,67,Miguel Paspuel,miguel.paspuel30@gmail.com,166,Converse Blancas,2,62.42,124.84
1833,2026-05-01 08:00:06,64,Emily Salazar,emily.salazar93@gmail.com,96,Hoodie Techwear Gris,3,56.52,169.56
1834,2026-05-17 07:59:44,92,Paula Torres,paula.torres53@gmail.com,152,Pulsera Cuero Negra,5,43.24,216.2
1835,2026-05-17 21:47:16,49,Miguel Benitez,miguel.benitez4@gmail.com,160,Medias Negras,1,54.2,54.2
1836,2026-05-05 22:24:59,10,Sofia Torres,sofia.torres60@gmail.com,23,Camisa Flannel Roja,1,46.51,46.51
1837,2026-05-21 02:06:24,61,Ana Benitez,ana.benitez19@gmail.com,16,Camiseta Oversize Cafe,3,36.92,110.76
1838,2026-05-15 12:20:39,51,Daniel Gomez,daniel.gomez14@gmail.com,75,Pantalon Tactical Verde,4,27.75,111.0
1839,2026-05-25 09:36:33,13,Luis Lopez,luis.lopez65@gmail.com,48,Jean Cargo Beige,1,80.76,80.76
1840,2026-05-05 05:19:43,47,Valeria Benitez,valeria.benitez19@gmail.com,42,Jean Baggy Azul Oscuro,1,72.54,72.54
1841,2026-05-23 20:39:14,72,Mateo Paspuel,mateo.paspuel64@gmail.com,188,Tank Top Loose Fit Cafe,2,39.08,78.16
1842,2026-05-30 22:39:26,24,Jose Gomez,jose.gomez27@gmail.com,169,Zapatos Casuales Beige,4,66.53,266.12
1843,2026-05-20 23:45:44,65,Paula Vega,paula.vega31@gmail.com,138,Short Monocromatico Negro,4,24.06,96.24
1844,2026-05-21 03:46:46,19,Diana Romero,diana.romero86@gmail.com,151,Cadena Dorada,4,41.87,167.48
1845,2026-05-14 13:50:30,83,Maria Castro,maria.castro9@gmail.com,61,Pantalon Cargo Negro,4,98.57,394.28
1846,2026-05-27 00:27:29,18,Diego Lopez,diego.lopez92@gmail.com,84,Hoodie Oversize Beige,2,40.08,80.16
1847,2026-05-20 09:30:01,19,Diana Romero,diana.romero86@gmail.com,31,Camisa Coreana Blanca,1,57.47,57.47
1848,2026-05-29 02:47:30,30,Lucia Acosta,lucia.acosta28@gmail.com,198,Tank Top Loose Fit Color191,4,58.18,232.72
1849,2026-05-01 02:56:40,8,Paula Benitez,paula.benitez90@gmail.com,36,Camisa Slim Fit Blanca,1,64.32,64.32
1850,2026-05-28 03:07:00,83,Maria Castro,maria.castro9@gmail.com,96,Hoodie Techwear Gris,2,56.52,113.04
1851,2026-05-24 19:40:00,2,Carlos Suarez,carlos.suarez87@gmail.com,27,Camisa Satinada Plateada,5,51.99,259.95
1852,2026-05-01 10:23:39,31,Jose Perez,jose.perez2@gmail.com,142,Gorra Blanca,3,29.54,88.62
1853,2026-05-23 05:17:52,48,Miguel Torres,miguel.torres90@gmail.com,132,Short Loose Fit Gris,2,15.84,31.68
1854,2026-05-20 03:29:52,5,Daniel Acosta,daniel.acosta85@gmail.com,116,Chaqueta Cargo Negra,5,83.92,419.6
1855,2026-05-25 11:08:26,70,Diana Ruiz,diana.ruiz90@gmail.com,26,Camisa Oversize Negra,5,50.62,253.1
1856,2026-05-10 05:14:52,69,Lucia Herrera,lucia.herrera62@gmail.com,11,Camiseta Retro 90s,1,30.07,30.07
1857,2026-05-21 03:22:53,20,Carlos Lopez,carlos.lopez18@gmail.com,58,Jean Oversize Negro,2,94.46,188.92
1858,2026-05-08 07:58:46,32,Pedro Cruz,pedro.cruz61@gmail.com,184,Conjunto Minimalista Rojo,2,31.44,62.88
1859,2026-05-04 02:43:07,3,Daniel Suarez,daniel.suarez49@gmail.com,182,Sudadera Vintage Blanco,4,27.62,110.48
1860,2026-05-27 03:21:39,2,Carlos Suarez,carlos.suarez87@gmail.com,47,Jean Cargo Verde,4,79.39,317.56
1861,2026-05-01 13:49:42,88,Sofia Paspuel,sofia.paspuel45@gmail.com,14,Camiseta Boxy Fit,3,34.18,102.54
1862,2026-05-20 16:36:19,90,Andres Ruiz,andres.ruiz70@gmail.com,99,Hoodie College Green,2,60.63,121.26
1863,2026-05-11 19:55:45,9,Miguel Mora,miguel.mora18@gmail.com,123,Short Baggy Negro,5,93.51,467.55
1864,2026-05-14 20:47:38,6,Andres Flores,andres.flores67@gmail.com,37,Camisa Loose Fit Gris,3,65.69,197.07
1865,2026-05-10 22:45:20,85,Fernanda Herrera,fernanda.herrera13@gmail.com,2,Camiseta Basica Blanca,4,17.74,70.96
1866,2026-05-15 01:42:17,24,Jose Gomez,jose.gomez27@gmail.com,159,Medias Blancas,3,52.83,158.49
1867,2026-05-07 01:13:22,43,Jose Rojas,jose.rojas67@gmail.com,47,Jean Cargo Verde,2,79.39,158.78
1868,2026-05-11 15:25:25,9,Miguel Mora,miguel.mora18@gmail.com,198,Tank Top Loose Fit Color191,2,58.18,116.36
1869,2026-05-10 21:49:25,83,Maria Castro,maria.castro9@gmail.com,2,Camiseta Basica Blanca,4,17.74,70.96
1870,2026-05-28 05:54:40,98,Ana Navarro,ana.navarro44@gmail.com,73,Pantalon Deportivo Blanco,1,25.01,25.01
1871,2026-05-06 20:30:07,100,Ana Torres,ana.torres87@gmail.com,147,Beanie Blanco,3,36.39,109.17
1872,2026-05-14 23:56:10,79,Valeria Cruz,valeria.cruz58@gmail.com,43,Jean Baggy Negro,1,73.91,73.91
1873,2026-05-08 00:51:52,13,Luis Lopez,luis.lopez65@gmail.com,128,Short Streetwear Negro,4,100.36,401.44
1874,2026-05-10 13:11:50,81,Carlos Perez,carlos.perez8@gmail.com,73,Pantalon Deportivo Blanco,2,25.01,50.02
1875,2026-05-23 12:55:32,4,Pedro Salazar,pedro.salazar91@gmail.com,188,Tank Top Loose Fit Cafe,4,39.08,156.32
1876,2026-05-31 22:59:32,78,Emily Herrera,emily.herrera26@gmail.com,12,Camiseta Minimalista Beige,1,31.44,31.44
1877,2026-05-16 23:10:14,30,Lucia Acosta,lucia.acosta28@gmail.com,190,Chompa Retro Celeste,2,42.9,85.8
1878,2026-05-29 06:39:33,27,Luis Mora,luis.mora33@gmail.com,2,Camiseta Basica Blanca,4,17.74,70.96
1879,2026-05-02 11:42:44,33,Emily Ruiz,emily.ruiz87@gmail.com,160,Medias Negras,3,54.2,162.6
1880,2026-05-08 04:46:04,37,Camila Rojas,camila.rojas50@gmail.com,148,Cinturon Negro,1,37.76,37.76
1881,2026-05-14 10:26:19,97,Diego Rojas,diego.rojas44@gmail.com,47,Jean Cargo Verde,4,79.39,317.56
1882,2026-05-30 05:49:21,61,Ana Benitez,ana.benitez19@gmail.com,57,Jean Loose Fit Azul,3,93.09,279.27
1883,2026-05-06 03:45:10,2,Carlos Suarez,carlos.suarez87@gmail.com,137,Short Minimalista Blanco,5,22.69,113.45
1884,2026-05-28 07:00:31,10,Sofia Torres,sofia.torres60@gmail.com,68,Pantalon Wide Leg Beige,1,18.16,18.16
1885,2026-05-05 03:44:28,33,Emily Ruiz,emily.ruiz87@gmail.com,24,Camisa Flannel Azul,5,47.88,239.4
1886,2026-05-22 17:52:42,17,Pedro Gomez,pedro.gomez67@gmail.com,160,Medias Negras,3,54.2,162.6
1887,2026-05-14 07:20:39,96,Mateo Mora,mateo.mora34@gmail.com,172,Sneakers Chunky Blancos,3,70.64,211.92
1888,2026-05-23 20:45:26,50,Juan Castro,juan.castro81@gmail.com,190,Chompa Retro Celeste,4,42.9,171.6
1889,2026-05-01 17:46:48,95,Ana Cruz,ana.cruz50@gmail.com,53,Jean Wide Leg Gris,1,87.61,87.61
1890,2026-05-22 15:25:19,64,Emily Salazar,emily.salazar93@gmail.com,160,Medias Negras,4,54.2,216.8
1891,2026-05-04 18:30:42,33,Emily Ruiz,emily.ruiz87@gmail.com,175,Sneakers Skate Azules,5,74.75,373.75
1892,2026-05-30 00:06:49,75,Miguel Vega,miguel.vega53@gmail.com,166,Converse Blancas,5,62.42,312.1
1893,2026-05-07 15:35:36,17,Pedro Gomez,pedro.gomez67@gmail.com,138,Short Monocromatico Negro,1,24.06,24.06
1894,2026-05-26 05:14:33,56,Luis Cruz,luis.cruz91@gmail.com,77,Pantalon Casual Cafe,1,30.49,30.49
1895,2026-05-13 01:44:05,13,Luis Lopez,luis.lopez65@gmail.com,35,Camisa Rayada Azul,2,62.95,125.9
1896,2026-05-15 20:47:34,82,Sofia Romero,sofia.romero21@gmail.com,4,Camiseta Oversize Blanca,5,20.48,102.4
1897,2026-05-07 15:21:40,64,Emily Salazar,emily.salazar93@gmail.com,86,Hoodie Graphic Negro,5,42.82,214.1
1898,2026-05-07 10:05:59,24,Jose Gomez,jose.gomez27@gmail.com,194,Conjunto Minimalista Beige,4,50.54,202.16
1899,2026-05-08 09:55:49,81,Carlos Perez,carlos.perez8@gmail.com,136,Short Urban Gray,1,21.32,21.32
1900,2026-05-22 00:41:15,95,Ana Cruz,ana.cruz50@gmail.com,143,Gorra Roja,3,30.91,92.73
1901,2026-05-15 10:43:40,69,Lucia Herrera,lucia.herrera62@gmail.com,128,Short Streetwear Negro,2,100.36,200.72
1902,2026-05-05 07:58:50,85,Fernanda Herrera,fernanda.herrera13@gmail.com,63,Pantalon Cargo Verde,1,101.31,101.31
1903,2026-05-08 23:07:10,73,Miguel Navarro,miguel.navarro4@gmail.com,178,Tenis Deportivos Negros,4,78.86,315.44
1904,2026-05-22 20:05:25,47,Valeria Benitez,valeria.benitez19@gmail.com,22,Camisa Formal Negra,2,45.14,90.28
1905,2026-05-06 22:23:38,47,Valeria Benitez,valeria.benitez19@gmail.com,36,Camisa Slim Fit Blanca,3,64.32,192.96
1906,2026-05-16 01:47:36,93,Fernanda Benitez,fernanda.benitez10@gmail.com,42,Jean Baggy Azul Oscuro,3,72.54,217.62
1907,2026-05-12 15:40:15,37,Camila Rojas,camila.rojas50@gmail.com,48,Jean Cargo Beige,3,80.76,242.28
1908,2026-05-10 03:26:25,70,Diana Ruiz,diana.ruiz90@gmail.com,89,Hoodie Streetwear Negro,3,46.93,140.79
1909,2026-05-21 14:02:04,2,Carlos Suarez,carlos.suarez87@gmail.com,185,Chompa Graphic Verde,5,33.35,166.75
1910,2026-05-22 08:21:58,49,Miguel Benitez,miguel.benitez4@gmail.com,120,Chaqueta Urban Black,5,89.4,447.0
1911,2026-05-31 00:18:05,96,Mateo Mora,mateo.mora34@gmail.com,108,Chaqueta Oversize Beige,3,72.96,218.88
1912,2026-05-27 09:29:47,10,Sofia Torres,sofia.torres60@gmail.com,74,Pantalon Slim Fit Gris,4,26.38,105.52
1913,2026-05-03 11:47:24,16,Miguel Romero,miguel.romero59@gmail.com,120,Chaqueta Urban Black,4,89.4,357.6
1914,2026-05-26 11:24:15,34,Camila Paspuel,camila.paspuel92@gmail.com,59,Jean Urban Denim,3,95.83,287.49
1915,2026-05-19 11:08:23,100,Ana Torres,ana.torres87@gmail.com,101,Chaqueta Denim Azul Claro,2,63.37,126.74
1916,2026-05-01 17:31:58,39,Ana Castro,ana.castro27@gmail.com,176,Sneakers Vintage Rojos,1,76.12,76.12
1917,2026-05-17 07:47:20,65,Paula Vega,paula.vega31@gmail.com,199,Conjunto Urban Negro,1,60.09,60.09
1918,2026-05-21 22:32:17,4,Pedro Salazar,pedro.salazar91@gmail.com,94,Hoodie Boxy Fit Negro,1,53.78,53.78
1919,2026-05-09 19:56:03,62,Diego Perez,diego.perez69@gmail.com,7,Camiseta Vintage Verde,1,24.59,24.59
1920,2026-05-03 02:27:43,2,Carlos Suarez,carlos.suarez87@gmail.com,199,Conjunto Urban Negro,4,60.09,240.36
1921,2026-05-02 16:58:54,34,Camila Paspuel,camila.paspuel92@gmail.com,70,Pantalon Streetwear Negro,3,20.9,62.7
1922,2026-05-24 19:41:35,82,Sofia Romero,sofia.romero21@gmail.com,154,Lentes Vintage,1,45.98,45.98
1923,2026-05-02 15:59:14,52,Camila Mora,camila.mora82@gmail.com,188,Tank Top Loose Fit Cafe,2,39.08,78.16
1924,2026-05-10 11:12:09,87,Emily Paspuel,emily.paspuel93@gmail.com,153,Pulsera Acero,4,44.61,178.44
1925,2026-05-16 02:48:44,93,Fernanda Benitez,fernanda.benitez10@gmail.com,162,Zapatillas Urbanas Negras,5,56.94,284.7
1926,2026-05-26 21:37:50,51,Daniel Gomez,daniel.gomez14@gmail.com,195,Chompa Graphic Cafe,5,52.45,262.25
1927,2026-05-28 11:25:27,37,Camila Rojas,camila.rojas50@gmail.com,173,Sneakers Streetwear Negros,3,72.01,216.03
1928,2026-05-02 10:39:15,70,Diana Ruiz,diana.ruiz90@gmail.com,65,Pantalon Jogger Negro,1,104.05,104.05
1929,2026-05-03 05:05:19,83,Maria Castro,maria.castro9@gmail.com,58,Jean Oversize Negro,3,94.46,283.38
1930,2026-05-07 21:13:26,85,Fernanda Herrera,fernanda.herrera13@gmail.com,163,Zapatillas Running Azul,3,58.31,174.93
1931,2026-05-19 07:06:43,99,Valeria Herrera,valeria.herrera1@gmail.com,34,Camisa Streetwear Negra,4,61.58,246.32
1932,2026-05-12 00:36:04,61,Ana Benitez,ana.benitez19@gmail.com,89,Hoodie Streetwear Negro,2,46.93,93.86
1933,2026-05-02 01:55:11,2,Carlos Suarez,carlos.suarez87@gmail.com,105,Chaqueta Cuero Negra,5,68.85,344.25
1934,2026-05-18 00:29:50,46,Daniel Mora,daniel.mora2@gmail.com,179,Zapatillas Techwear,2,80.23,160.46
1935,2026-05-07 19:40:22,2,Carlos Suarez,carlos.suarez87@gmail.com,172,Sneakers Chunky Blancos,4,70.64,282.56
1936,2026-05-12 20:45:02,46,Daniel Mora,daniel.mora2@gmail.com,41,Jean Baggy Azul Claro,2,71.17,142.34
1937,2026-05-13 12:38:33,6,Andres Flores,andres.flores67@gmail.com,83,Hoodie Oversize Gris,4,38.71,154.84
1938,2026-05-03 15:17:37,88,Sofia Paspuel,sofia.paspuel45@gmail.com,161,Zapatillas Urbanas Blancas,4,55.57,222.28
1939,2026-05-08 09:58:27,81,Carlos Perez,carlos.perez8@gmail.com,194,Conjunto Minimalista Beige,2,50.54,101.08
1940,2026-05-17 15:08:18,6,Andres Flores,andres.flores67@gmail.com,72,Pantalon Formal Negro,1,23.64,23.64
1941,2026-05-13 23:34:51,27,Luis Mora,luis.mora33@gmail.com,164,Zapatillas Running Rojas,1,59.68,59.68
1942,2026-05-19 07:14:26,22,Emily Perez,emily.perez82@gmail.com,49,Jean Recto Azul,3,82.13,246.39
1943,2026-05-07 06:48:24,43,Jose Rojas,jose.rojas67@gmail.com,46,Jean Skinny Negro,4,78.02,312.08
1944,2026-05-03 18:49:22,80,Mateo Gomez,mateo.gomez40@gmail.com,3,Camiseta Oversize Negra,2,19.11,38.22
1945,2026-05-23 02:42:08,40,Luis Castro,luis.castro1@gmail.com,117,Chaqueta Casual Cafe,1,85.29,85.29
1946,2026-05-02 16:13:44,36,Andres Rojas,andres.rojas47@gmail.com,130,Short Casual Blanco,1,103.1,103.1
1947,2026-05-19 01:57:17,40,Luis Castro,luis.castro1@gmail.com,31,Camisa Coreana Blanca,2,57.47,114.94
1948,2026-05-31 11:33:56,66,Daniel Cruz,daniel.cruz12@gmail.com,42,Jean Baggy Azul Oscuro,4,72.54,290.16
1949,2026-05-27 00:32:49,44,Fernanda Torres,fernanda.torres34@gmail.com,70,Pantalon Streetwear Negro,2,20.9,41.8
1950,2026-05-30 21:28:23,98,Ana Navarro,ana.navarro44@gmail.com,151,Cadena Dorada,4,41.87,167.48
1951,2026-05-27 19:39:54,97,Diego Rojas,diego.rojas44@gmail.com,169,Zapatos Casuales Beige,5,66.53,332.65
1952,2026-05-25 23:47:55,33,Emily Ruiz,emily.ruiz87@gmail.com,89,Hoodie Streetwear Negro,1,46.93,46.93
1953,2026-05-23 05:48:11,91,Camila Acosta,camila.acosta41@gmail.com,76,Pantalon Techwear Negro,3,29.12,87.36
1954,2026-05-11 13:34:46,79,Valeria Cruz,valeria.cruz58@gmail.com,67,Pantalon Wide Leg Negro,2,16.79,33.58
1955,2026-05-15 07:15:51,17,Pedro Gomez,pedro.gomez67@gmail.com,66,Pantalon Jogger Azul,2,15.42,30.84
1956,2026-05-29 11:25:13,6,Andres Flores,andres.flores67@gmail.com,48,Jean Cargo Beige,5,80.76,403.8
1957,2026-05-23 11:27:19,46,Daniel Mora,daniel.mora2@gmail.com,182,Sudadera Vintage Blanco,1,27.62,27.62
1958,2026-05-24 02:06:16,3,Daniel Suarez,daniel.suarez49@gmail.com,4,Camiseta Oversize Blanca,5,20.48,102.4
1959,2026-05-31 18:53:41,54,Diego Flores,diego.flores78@gmail.com,140,Short Cargo Gris,5,26.8,134.0
1960,2026-05-03 01:43:07,13,Luis Lopez,luis.lopez65@gmail.com,64,Pantalon Jogger Gris,5,102.68,513.4
1961,2026-05-07 11:54:11,26,Pedro Castro,pedro.castro94@gmail.com,38,Camisa Vintage Cafe,5,67.06,335.3
1962,2026-05-17 14:46:39,28,Fernanda Acosta,fernanda.acosta52@gmail.com,59,Jean Urban Denim,5,95.83,479.15
1963,2026-05-28 04:34:04,36,Andres Rojas,andres.rojas47@gmail.com,53,Jean Wide Leg Gris,3,87.61,262.83
1964,2026-05-10 19:40:48,88,Sofia Paspuel,sofia.paspuel45@gmail.com,92,Hoodie Minimalista Negro,4,51.04,204.16
1965,2026-05-27 23:46:44,17,Pedro Gomez,pedro.gomez67@gmail.com,183,Tank Top Streetwear Azul,5,29.53,147.65
1966,2026-05-10 15:47:17,7,Miguel Flores,miguel.flores68@gmail.com,196,Polo Acid Wash Morado,1,54.36,54.36
1967,2026-05-01 14:14:19,5,Daniel Acosta,daniel.acosta85@gmail.com,159,Medias Blancas,4,52.83,211.32
1968,2026-05-06 09:45:42,20,Carlos Lopez,carlos.lopez18@gmail.com,97,Hoodie Urban Blue,1,57.89,57.89
1969,2026-05-08 17:56:37,57,Luis Acosta,luis.acosta47@gmail.com,17,Camiseta Skate,1,38.29,38.29
1970,2026-05-24 07:31:27,2,Carlos Suarez,carlos.suarez87@gmail.com,143,Gorra Roja,5,30.91,154.55
1971,2026-05-21 16:15:53,31,Jose Perez,jose.perez2@gmail.com,46,Jean Skinny Negro,3,78.02,234.06
1972,2026-05-25 18:51:32,90,Andres Ruiz,andres.ruiz70@gmail.com,72,Pantalon Formal Negro,4,23.64,94.56
1973,2026-05-20 20:37:20,99,Valeria Herrera,valeria.herrera1@gmail.com,37,Camisa Loose Fit Gris,2,65.69,131.38
1974,2026-05-01 04:07:24,49,Miguel Benitez,miguel.benitez4@gmail.com,132,Short Loose Fit Gris,5,15.84,79.2
1975,2026-05-25 16:35:42,2,Carlos Suarez,carlos.suarez87@gmail.com,136,Short Urban Gray,2,21.32,42.64
1976,2026-05-20 11:15:09,100,Ana Torres,ana.torres87@gmail.com,169,Zapatos Casuales Beige,3,66.53,199.59
1977,2026-05-01 18:35:15,99,Valeria Herrera,valeria.herrera1@gmail.com,78,Pantalon Recto Beige,3,31.86,95.58
1978,2026-05-30 17:32:00,79,Valeria Cruz,valeria.cruz58@gmail.com,112,Chaqueta Puffer Negra,4,78.44,313.76
1979,2026-05-21 06:23:13,83,Maria Castro,maria.castro9@gmail.com,167,Botas Urbanas Cafe,5,63.79,318.95
1980,2026-05-13 08:16:20,49,Miguel Benitez,miguel.benitez4@gmail.com,26,Camisa Oversize Negra,4,50.62,202.48
1981,2026-05-21 23:56:40,45,Fernanda Ruiz,fernanda.ruiz48@gmail.com,96,Hoodie Techwear Gris,2,56.52,113.04
1982,2026-05-27 15:02:51,86,Maria Flores,maria.flores52@gmail.com,44,Jean Baggy Gris,2,75.28,150.56
1983,2026-05-01 16:17:03,43,Jose Rojas,jose.rojas67@gmail.com,15,Camiseta Oversize Gris,1,35.55,35.55
1984,2026-05-23 02:47:30,82,Sofia Romero,sofia.romero21@gmail.com,86,Hoodie Graphic Negro,1,42.82,42.82
1985,2026-05-23 20:54:13,19,Diana Romero,diana.romero86@gmail.com,192,Sudadera Vintage Verde,2,46.72,93.44
1986,2026-05-26 22:02:35,10,Sofia Torres,sofia.torres60@gmail.com,165,Converse Negras,2,61.05,122.1
1987,2026-05-13 21:28:13,62,Diego Perez,diego.perez69@gmail.com,80,Pantalon Relaxed Gris,1,34.6,34.6
1988,2026-05-25 06:01:09,31,Jose Perez,jose.perez2@gmail.com,7,Camiseta Vintage Verde,3,24.59,73.77
1989,2026-05-22 04:45:11,33,Emily Ruiz,emily.ruiz87@gmail.com,20,Camiseta Monocromatica,1,42.4,42.4
1990,2026-05-30 17:54:05,26,Pedro Castro,pedro.castro94@gmail.com,187,Sudadera Boxy Fit Beige,2,37.17,74.34
1991,2026-05-20 04:05:00,19,Diana Romero,diana.romero86@gmail.com,115,Chaqueta Vintage Denim,3,82.55,247.65
1992,2026-05-18 03:16:41,76,Maria Gomez,maria.gomez80@gmail.com,5,Camiseta Vintage Roja,1,21.85,21.85
1993,2026-05-30 09:13:29,36,Andres Rojas,andres.rojas47@gmail.com,6,Camiseta Vintage Azul,3,23.22,69.66
1994,2026-05-12 13:30:11,56,Luis Cruz,luis.cruz91@gmail.com,30,Camisa Manga Corta Azul,4,56.1,224.4
1995,2026-05-31 01:24:19,100,Ana Torres,ana.torres87@gmail.com,115,Chaqueta Vintage Denim,2,82.55,165.1
1996,2026-05-22 06:39:21,51,Daniel Gomez,daniel.gomez14@gmail.com,172,Sneakers Chunky Blancos,2,70.64,141.28
1997,2026-05-18 22:51:25,50,Juan Castro,juan.castro81@gmail.com,198,Tank Top Loose Fit Color191,1,58.18,58.18
1998,2026-05-09 00:41:52,55,Ana Acosta,ana.acosta99@gmail.com,3,Camiseta Oversize Negra,1,19.11,19.11
1999,2026-05-01 20:29:52,90,Andres Ruiz,andres.ruiz70@gmail.com,178,Tenis Deportivos Negros,3,78.86,236.58
2000,2026-05-01 03:18:06,74,Ana Mora,ana.mora16@gmail.com,65,Pantalon Jogger Negro,2,104.05,208.1
2001,2026-05-31 07:19:38,85,Fernanda Herrera,fernanda.herrera13@gmail.com,167,Botas Urbanas Cafe,1,63.79,63.79
2002,2026-05-17 09:24:39,51,Daniel Gomez,daniel.gomez14@gmail.com,30,Camisa Manga Corta Azul,5,56.1,280.5
2003,2026-05-02 20:25:16,86,Maria Flores,maria.flores52@gmail.com,28,Camisa Casual Verde,5,53.36,266.8
2004,2026-05-07 05:34:52,58,Carlos Vega,carlos.vega32@gmail.com,156,Mochila Streetwear,3,48.72,146.16
2005,2026-05-14 06:29:36,81,Carlos Perez,carlos.perez8@gmail.com,89,Hoodie Streetwear Negro,4,46.93,187.72
2006,2026-05-01 01:15:08,49,Miguel Benitez,miguel.benitez4@gmail.com,107,Chaqueta Varsity Negra,5,71.59,357.95
2007,2026-05-11 19:09:57,14,Luis Flores,luis.flores15@gmail.com,158,Riñonera Gris,4,51.46,205.84
2008,2026-05-08 20:11:14,89,Ana Gomez,ana.gomez98@gmail.com,192,Sudadera Vintage Verde,5,46.72,233.6
2009,2026-05-30 04:31:22,11,Ana Flores,ana.flores99@gmail.com,19,Camiseta Distressed,4,41.03,164.12
2010,2026-05-05 21:10:27,45,Fernanda Ruiz,fernanda.ruiz48@gmail.com,7,Camiseta Vintage Verde,4,24.59,98.36
2011,2026-05-08 09:05:04,80,Mateo Gomez,mateo.gomez40@gmail.com,131,Short Vintage Denim,1,104.47,104.47
2012,2026-05-16 13:26:19,51,Daniel Gomez,daniel.gomez14@gmail.com,34,Camisa Streetwear Negra,2,61.58,123.16
2013,2026-05-17 00:11:19,38,Lucia Castro,lucia.castro3@gmail.com,157,Bolso Crossbody Negro,5,50.09,250.45
2014,2026-05-23 05:11:06,91,Camila Acosta,camila.acosta41@gmail.com,183,Tank Top Streetwear Azul,4,29.53,118.12
2015,2026-05-23 21:54:50,60,Diana Torres,diana.torres20@gmail.com,76,Pantalon Techwear Negro,3,29.12,87.36
2016,2026-05-16 01:08:54,74,Ana Mora,ana.mora16@gmail.com,77,Pantalon Casual Cafe,4,30.49,121.96
2017,2026-05-12 12:57:35,10,Sofia Torres,sofia.torres60@gmail.com,81,Hoodie Oversize Negro,2,35.97,71.94
2018,2026-05-11 13:13:19,76,Maria Gomez,maria.gomez80@gmail.com,69,Pantalon Streetwear Gris,2,19.53,39.06
2019,2026-05-31 13:27:55,46,Daniel Mora,daniel.mora2@gmail.com,188,Tank Top Loose Fit Cafe,3,39.08,117.24
2020,2026-05-17 14:19:18,89,Ana Gomez,ana.gomez98@gmail.com,197,Sudadera Boxy Fit Celeste,2,56.27,112.54
2021,2026-05-05 09:11:39,56,Luis Cruz,luis.cruz91@gmail.com,119,Chaqueta Windbreaker Azul,2,88.03,176.06
2022,2026-05-05 01:06:28,83,Maria Castro,maria.castro9@gmail.com,9,Camiseta Graphic Dragon,2,27.33,54.66
2023,2026-05-17 20:22:41,57,Luis Acosta,luis.acosta47@gmail.com,193,Tank Top Streetwear Gris,1,48.63,48.63
2024,2026-05-14 02:41:38,70,Diana Ruiz,diana.ruiz90@gmail.com,107,Chaqueta Varsity Negra,3,71.59,214.77
2025,2026-05-05 01:15:06,46,Daniel Mora,daniel.mora2@gmail.com,83,Hoodie Oversize Gris,3,38.71,116.13
2026,2026-05-03 13:55:12,34,Camila Paspuel,camila.paspuel92@gmail.com,187,Sudadera Boxy Fit Beige,5,37.17,185.85
2027,2026-05-23 03:17:40,93,Fernanda Benitez,fernanda.benitez10@gmail.com,99,Hoodie College Green,5,60.63,303.15
2028,2026-05-02 14:19:23,75,Miguel Vega,miguel.vega53@gmail.com,153,Pulsera Acero,2,44.61,89.22
2029,2026-05-17 10:06:30,22,Emily Perez,emily.perez82@gmail.com,126,Short Running Azul,4,97.62,390.48
2030,2026-05-19 08:51:35,72,Mateo Paspuel,mateo.paspuel64@gmail.com,183,Tank Top Streetwear Azul,4,29.53,118.12
2031,2026-05-13 22:28:29,26,Pedro Castro,pedro.castro94@gmail.com,99,Hoodie College Green,1,60.63,60.63
2032,2026-05-24 09:42:37,60,Diana Torres,diana.torres20@gmail.com,20,Camiseta Monocromatica,2,42.4,84.8
2033,2026-05-25 06:54:40,59,Luis Paspuel,luis.paspuel81@gmail.com,31,Camisa Coreana Blanca,4,57.47,229.88
2034,2026-05-09 19:15:38,67,Miguel Paspuel,miguel.paspuel30@gmail.com,108,Chaqueta Oversize Beige,5,72.96,364.8
2035,2026-05-25 20:17:52,86,Maria Flores,maria.flores52@gmail.com,14,Camiseta Boxy Fit,5,34.18,170.9
2036,2026-05-01 13:57:10,9,Miguel Mora,miguel.mora18@gmail.com,98,Hoodie Retro Purple,4,59.26,237.04
2037,2026-05-16 04:11:07,34,Camila Paspuel,camila.paspuel92@gmail.com,64,Pantalon Jogger Gris,3,102.68,308.04
2038,2026-05-06 15:03:09,35,Ana Lopez,ana.lopez61@gmail.com,64,Pantalon Jogger Gris,4,102.68,410.72
2039,2026-05-17 20:01:46,22,Emily Perez,emily.perez82@gmail.com,37,Camisa Loose Fit Gris,3,65.69,197.07
2040,2026-05-19 00:26:24,52,Camila Mora,camila.mora82@gmail.com,22,Camisa Formal Negra,5,45.14,225.7
2041,2026-05-06 01:31:25,68,Miguel Rojas,miguel.rojas85@gmail.com,178,Tenis Deportivos Negros,3,78.86,236.58
2042,2026-05-22 10:48:41,88,Sofia Paspuel,sofia.paspuel45@gmail.com,115,Chaqueta Vintage Denim,1,82.55,82.55
2043,2026-05-28 14:18:41,15,Jose Castro,jose.castro82@gmail.com,128,Short Streetwear Negro,5,100.36,501.8
2044,2026-05-08 21:37:54,7,Miguel Flores,miguel.flores68@gmail.com,33,Camisa Oxford Celeste,5,60.21,301.05
2045,2026-05-11 18:47:26,77,Jose Lopez,jose.lopez69@gmail.com,93,Hoodie Zip Up Gris,4,52.41,209.64
2046,2026-05-02 13:01:06,96,Mateo Mora,mateo.mora34@gmail.com,68,Pantalon Wide Leg Beige,3,18.16,54.48
2047,2026-05-27 09:18:01,8,Paula Benitez,paula.benitez90@gmail.com,124,Short Baggy Beige,3,94.88,284.64
2048,2026-05-30 21:02:31,57,Luis Acosta,luis.acosta47@gmail.com,160,Medias Negras,3,54.2,162.6
2049,2026-05-13 10:50:59,92,Paula Torres,paula.torres53@gmail.com,197,Sudadera Boxy Fit Celeste,1,56.27,56.27
2050,2026-05-23 07:54:20,29,Mateo Romero,mateo.romero24@gmail.com,197,Sudadera Boxy Fit Celeste,5,56.27,281.35
2051,2026-05-09 04:01:12,96,Mateo Mora,mateo.mora34@gmail.com,148,Cinturon Negro,2,37.76,75.52
2052,2026-05-28 06:47:41,93,Fernanda Benitez,fernanda.benitez10@gmail.com,193,Tank Top Streetwear Gris,3,48.63,145.89
2053,2026-05-16 02:27:51,73,Miguel Navarro,miguel.navarro4@gmail.com,60,Jean Acid Wash,1,97.2,97.2
2054,2026-05-19 13:32:38,97,Diego Rojas,diego.rojas44@gmail.com,32,Camisa Lino Beige,4,58.84,235.36
2055,2026-05-23 09:15:43,86,Maria Flores,maria.flores52@gmail.com,45,Jean Skinny Azul,1,76.65,76.65
2056,2026-05-12 12:14:26,82,Sofia Romero,sofia.romero21@gmail.com,50,Jean Recto Negro,4,83.5,334.0
2057,2026-05-31 03:49:40,90,Andres Ruiz,andres.ruiz70@gmail.com,165,Converse Negras,5,61.05,305.25
2058,2026-05-10 16:51:31,77,Jose Lopez,jose.lopez69@gmail.com,89,Hoodie Streetwear Negro,2,46.93,93.86
2059,2026-05-03 09:10:56,38,Lucia Castro,lucia.castro3@gmail.com,33,Camisa Oxford Celeste,3,60.21,180.63
2060,2026-05-31 18:01:17,82,Sofia Romero,sofia.romero21@gmail.com,150,Cadena Plateada,3,40.5,121.5
2061,2026-05-21 11:49:13,64,Emily Salazar,emily.salazar93@gmail.com,140,Short Cargo Gris,3,26.8,80.4
2062,2026-05-15 00:45:17,39,Ana Castro,ana.castro27@gmail.com,123,Short Baggy Negro,1,93.51,93.51
2063,2026-05-05 04:42:45,8,Paula Benitez,paula.benitez90@gmail.com,9,Camiseta Graphic Dragon,5,27.33,136.65
2064,2026-05-27 10:51:58,19,Diana Romero,diana.romero86@gmail.com,116,Chaqueta Cargo Negra,2,83.92,167.84
2065,2026-05-20 23:20:02,38,Lucia Castro,lucia.castro3@gmail.com,5,Camiseta Vintage Roja,3,21.85,65.55
2066,2026-05-02 05:07:10,49,Miguel Benitez,miguel.benitez4@gmail.com,126,Short Running Azul,2,97.62,195.24
2067,2026-05-08 09:23:35,82,Sofia Romero,sofia.romero21@gmail.com,52,Jean Vintage Wash,2,86.24,172.48
2068,2026-05-22 20:50:54,36,Andres Rojas,andres.rojas47@gmail.com,122,Short Deportivo Gris,4,92.14,368.56
2069,2026-05-16 07:34:56,14,Luis Flores,luis.flores15@gmail.com,145,Beanie Negro,2,33.65,67.3
2070,2026-05-11 22:56:25,97,Diego Rojas,diego.rojas44@gmail.com,62,Pantalon Cargo Beige,2,99.94,199.88
2071,2026-05-20 02:11:25,87,Emily Paspuel,emily.paspuel93@gmail.com,85,Hoodie Graphic Rojo,5,41.45,207.25
2072,2026-05-26 16:33:46,89,Ana Gomez,ana.gomez98@gmail.com,49,Jean Recto Azul,3,82.13,246.39
2073,2026-05-12 03:35:29,66,Daniel Cruz,daniel.cruz12@gmail.com,191,Polo Oversize Rojo,4,44.81,179.24
2074,2026-05-05 13:17:15,38,Lucia Castro,lucia.castro3@gmail.com,91,Hoodie Essentials Arena,1,49.67,49.67
2075,2026-05-25 02:47:12,9,Miguel Mora,miguel.mora18@gmail.com,128,Short Streetwear Negro,2,100.36,200.72
2076,2026-05-27 01:02:23,79,Valeria Cruz,valeria.cruz58@gmail.com,143,Gorra Roja,4,30.91,123.64
2077,2026-05-15 15:52:05,81,Carlos Perez,carlos.perez8@gmail.com,133,Short Oversize Beige,4,17.21,68.84
2078,2026-05-13 04:07:56,43,Jose Rojas,jose.rojas67@gmail.com,156,Mochila Streetwear,5,48.72,243.6
2079,2026-05-17 02:18:46,38,Lucia Castro,lucia.castro3@gmail.com,179,Zapatillas Techwear,2,80.23,160.46
2080,2026-05-09 03:28:57,75,Miguel Vega,miguel.vega53@gmail.com,34,Camisa Streetwear Negra,1,61.58,61.58
2081,2026-05-12 03:55:39,66,Daniel Cruz,daniel.cruz12@gmail.com,37,Camisa Loose Fit Gris,3,65.69,197.07
2082,2026-05-31 13:19:04,42,Fernanda Navarro,fernanda.navarro34@gmail.com,187,Sudadera Boxy Fit Beige,5,37.17,185.85
2083,2026-05-14 03:29:20,81,Carlos Perez,carlos.perez8@gmail.com,21,Camisa Formal Blanca,1,43.77,43.77
2084,2026-05-07 02:36:06,68,Miguel Rojas,miguel.rojas85@gmail.com,87,Hoodie Vintage Gris,2,44.19,88.38
2085,2026-05-08 19:03:34,17,Pedro Gomez,pedro.gomez67@gmail.com,29,Camisa Casual Gris,2,54.73,109.46
2086,2026-05-31 22:39:10,71,Mateo Navarro,mateo.navarro72@gmail.com,88,Hoodie Streetwear Blanco,2,45.56,91.12
2087,2026-05-27 04:28:55,35,Ana Lopez,ana.lopez61@gmail.com,99,Hoodie College Green,3,60.63,181.89
2088,2026-05-09 14:45:47,84,Daniel Flores,daniel.flores75@gmail.com,137,Short Minimalista Blanco,5,22.69,113.45
2089,2026-05-30 05:12:51,73,Miguel Navarro,miguel.navarro4@gmail.com,123,Short Baggy Negro,5,93.51,467.55
2090,2026-05-18 05:19:36,54,Diego Flores,diego.flores78@gmail.com,167,Botas Urbanas Cafe,4,63.79,255.16
2091,2026-05-15 02:25:20,11,Ana Flores,ana.flores99@gmail.com,88,Hoodie Streetwear Blanco,5,45.56,227.8
2092,2026-05-31 15:35:59,52,Camila Mora,camila.mora82@gmail.com,119,Chaqueta Windbreaker Azul,3,88.03,264.09
2093,2026-05-18 05:39:36,9,Miguel Mora,miguel.mora18@gmail.com,65,Pantalon Jogger Negro,4,104.05,416.2
2094,2026-05-28 05:18:02,66,Daniel Cruz,daniel.cruz12@gmail.com,163,Zapatillas Running Azul,1,58.31,58.31
2095,2026-05-16 22:45:58,64,Emily Salazar,emily.salazar93@gmail.com,25,Camisa Oversize Beige,5,49.25,246.25
2096,2026-05-13 02:58:56,76,Maria Gomez,maria.gomez80@gmail.com,156,Mochila Streetwear,3,48.72,146.16
2097,2026-05-31 01:24:48,28,Fernanda Acosta,fernanda.acosta52@gmail.com,138,Short Monocromatico Negro,3,24.06,72.18
2098,2026-05-29 20:01:09,53,Fernanda Paspuel,fernanda.paspuel45@gmail.com,147,Beanie Blanco,4,36.39,145.56
2099,2026-05-09 17:39:50,53,Fernanda Paspuel,fernanda.paspuel45@gmail.com,141,Gorra Negra,2,28.17,56.34
2100,2026-05-12 04:14:54,6,Andres Flores,andres.flores67@gmail.com,86,Hoodie Graphic Negro,2,42.82,85.64
2101,2026-05-16 11:33:01,70,Diana Ruiz,diana.ruiz90@gmail.com,40,Camisa Denim Azul,4,69.8,279.2
2102,2026-05-14 14:31:49,42,Fernanda Navarro,fernanda.navarro34@gmail.com,131,Short Vintage Denim,1,104.47,104.47
2103,2026-05-06 02:34:43,25,Diego Suarez,diego.suarez45@gmail.com,159,Medias Blancas,4,52.83,211.32
2104,2026-05-02 20:24:51,66,Daniel Cruz,daniel.cruz12@gmail.com,39,Camisa Estampada Negra,4,68.43,273.72
2105,2026-05-21 20:58:50,88,Sofia Paspuel,sofia.paspuel45@gmail.com,181,Polo Oversize Negro,1,25.71,25.71
2106,2026-05-19 02:10:42,93,Fernanda Benitez,fernanda.benitez10@gmail.com,195,Chompa Graphic Cafe,3,52.45,157.35
2107,2026-05-18 01:04:41,53,Fernanda Paspuel,fernanda.paspuel45@gmail.com,46,Jean Skinny Negro,4,78.02,312.08
2108,2026-05-28 03:27:10,95,Ana Cruz,ana.cruz50@gmail.com,152,Pulsera Cuero Negra,1,43.24,43.24
2109,2026-05-04 05:38:35,28,Fernanda Acosta,fernanda.acosta52@gmail.com,127,Short Basketball Rojo,3,98.99,296.97
2110,2026-05-02 04:26:18,70,Diana Ruiz,diana.ruiz90@gmail.com,24,Camisa Flannel Azul,3,47.88,143.64
2111,2026-05-12 20:07:25,8,Paula Benitez,paula.benitez90@gmail.com,167,Botas Urbanas Cafe,5,63.79,318.95
2112,2026-05-08 07:56:44,75,Miguel Vega,miguel.vega53@gmail.com,117,Chaqueta Casual Cafe,5,85.29,426.45
2113,2026-05-16 23:44:28,100,Ana Torres,ana.torres87@gmail.com,119,Chaqueta Windbreaker Azul,1,88.03,88.03
2114,2026-05-26 05:05:04,33,Emily Ruiz,emily.ruiz87@gmail.com,33,Camisa Oxford Celeste,1,60.21,60.21
2115,2026-05-19 11:59:12,62,Diego Perez,diego.perez69@gmail.com,197,Sudadera Boxy Fit Celeste,5,56.27,281.35
2116,2026-05-02 22:41:37,10,Sofia Torres,sofia.torres60@gmail.com,68,Pantalon Wide Leg Beige,4,18.16,72.64
2117,2026-05-17 02:50:43,2,Carlos Suarez,carlos.suarez87@gmail.com,148,Cinturon Negro,1,37.76,37.76
2118,2026-05-07 07:52:01,65,Paula Vega,paula.vega31@gmail.com,158,Riñonera Gris,3,51.46,154.38
2119,2026-05-17 09:25:20,23,Camila Castro,camila.castro71@gmail.com,94,Hoodie Boxy Fit Negro,2,53.78,107.56
2120,2026-05-31 20:41:41,27,Luis Mora,luis.mora33@gmail.com,13,Camiseta Acid Wash,5,32.81,164.05
2121,2026-05-09 23:46:26,88,Sofia Paspuel,sofia.paspuel45@gmail.com,138,Short Monocromatico Negro,3,24.06,72.18
2122,2026-05-22 02:18:38,50,Juan Castro,juan.castro81@gmail.com,59,Jean Urban Denim,3,95.83,287.49
2123,2026-05-23 21:17:06,15,Jose Castro,jose.castro82@gmail.com,137,Short Minimalista Blanco,3,22.69,68.07
2124,2026-05-17 19:32:49,86,Maria Flores,maria.flores52@gmail.com,36,Camisa Slim Fit Blanca,3,64.32,192.96
2125,2026-05-15 10:08:28,87,Emily Paspuel,emily.paspuel93@gmail.com,29,Camisa Casual Gris,4,54.73,218.92
2126,2026-05-21 01:31:31,21,Lucia Suarez,lucia.suarez43@gmail.com,160,Medias Negras,1,54.2,54.2
2127,2026-05-30 01:42:06,34,Camila Paspuel,camila.paspuel92@gmail.com,96,Hoodie Techwear Gris,5,56.52,282.6
2128,2026-05-04 18:07:09,96,Mateo Mora,mateo.mora34@gmail.com,16,Camiseta Oversize Cafe,2,36.92,73.84
2129,2026-05-29 04:28:09,68,Miguel Rojas,miguel.rojas85@gmail.com,20,Camiseta Monocromatica,4,42.4,169.6
2130,2026-05-23 21:36:11,76,Maria Gomez,maria.gomez80@gmail.com,145,Beanie Negro,1,33.65,33.65
2131,2026-05-25 12:14:21,45,Fernanda Ruiz,fernanda.ruiz48@gmail.com,134,Short Skate Negro,4,18.58,74.32
2132,2026-05-20 06:05:23,99,Valeria Herrera,valeria.herrera1@gmail.com,61,Pantalon Cargo Negro,3,98.57,295.71
2133,2026-05-27 22:37:56,90,Andres Ruiz,andres.ruiz70@gmail.com,138,Short Monocromatico Negro,5,24.06,120.3
2134,2026-05-14 23:41:56,50,Juan Castro,juan.castro81@gmail.com,40,Camisa Denim Azul,1,69.8,69.8
2135,2026-05-16 16:09:20,91,Camila Acosta,camila.acosta41@gmail.com,84,Hoodie Oversize Beige,3,40.08,120.24
2136,2026-05-22 01:26:24,1,Jose Suarez,jose.suarez11@gmail.com,9,Camiseta Graphic Dragon,4,27.33,109.32
2137,2026-05-24 03:51:03,78,Emily Herrera,emily.herrera26@gmail.com,25,Camisa Oversize Beige,3,49.25,147.75
2138,2026-05-22 13:10:01,86,Maria Flores,maria.flores52@gmail.com,107,Chaqueta Varsity Negra,1,71.59,71.59
2139,2026-05-12 11:03:06,7,Miguel Flores,miguel.flores68@gmail.com,48,Jean Cargo Beige,2,80.76,161.52
2140,2026-05-17 09:57:20,32,Pedro Cruz,pedro.cruz61@gmail.com,183,Tank Top Streetwear Azul,4,29.53,118.12
2141,2026-05-06 07:22:56,2,Carlos Suarez,carlos.suarez87@gmail.com,60,Jean Acid Wash,5,97.2,486.0
2142,2026-05-13 23:09:24,1,Jose Suarez,jose.suarez11@gmail.com,187,Sudadera Boxy Fit Beige,3,37.17,111.51
2143,2026-05-20 04:34:52,45,Fernanda Ruiz,fernanda.ruiz48@gmail.com,52,Jean Vintage Wash,5,86.24,431.2
2144,2026-05-07 22:36:28,48,Miguel Torres,miguel.torres90@gmail.com,39,Camisa Estampada Negra,5,68.43,342.15
2145,2026-05-11 22:44:38,30,Lucia Acosta,lucia.acosta28@gmail.com,22,Camisa Formal Negra,3,45.14,135.42
2146,2026-05-04 21:45:05,51,Daniel Gomez,daniel.gomez14@gmail.com,87,Hoodie Vintage Gris,1,44.19,44.19
2147,2026-05-15 14:04:10,56,Luis Cruz,luis.cruz91@gmail.com,136,Short Urban Gray,1,21.32,21.32
2148,2026-05-10 16:26:44,59,Luis Paspuel,luis.paspuel81@gmail.com,56,Jean Streetwear Gris,3,91.72,275.16
2149,2026-05-15 18:34:52,77,Jose Lopez,jose.lopez69@gmail.com,77,Pantalon Casual Cafe,4,30.49,121.96
2150,2026-05-31 04:07:18,95,Ana Cruz,ana.cruz50@gmail.com,86,Hoodie Graphic Negro,1,42.82,42.82
2151,2026-05-28 03:46:38,37,Camila Rojas,camila.rojas50@gmail.com,17,Camiseta Skate,5,38.29,191.45
2152,2026-05-15 05:31:27,72,Mateo Paspuel,mateo.paspuel64@gmail.com,100,Hoodie Monocromatico,2,62.0,124.0
2153,2026-05-22 04:55:51,24,Jose Gomez,jose.gomez27@gmail.com,122,Short Deportivo Gris,3,92.14,276.42
2154,2026-05-18 14:01:50,21,Lucia Suarez,lucia.suarez43@gmail.com,59,Jean Urban Denim,1,95.83,95.83
2155,2026-05-23 06:00:17,68,Miguel Rojas,miguel.rojas85@gmail.com,10,Camiseta Streetwear Urban,5,28.7,143.5
2156,2026-05-28 08:07:55,49,Miguel Benitez,miguel.benitez4@gmail.com,148,Cinturon Negro,1,37.76,37.76
2157,2026-05-21 20:48:04,87,Emily Paspuel,emily.paspuel93@gmail.com,22,Camisa Formal Negra,5,45.14,225.7
2158,2026-05-26 06:38:47,98,Ana Navarro,ana.navarro44@gmail.com,54,Jean Relaxed Fit Negro,3,88.98,266.94
2159,2026-05-09 00:05:47,64,Emily Salazar,emily.salazar93@gmail.com,55,Jean Carpenter Azul,4,90.35,361.4
2160,2026-05-01 09:12:28,83,Maria Castro,maria.castro9@gmail.com,52,Jean Vintage Wash,5,86.24,431.2
2161,2026-05-24 17:36:21,10,Sofia Torres,sofia.torres60@gmail.com,30,Camisa Manga Corta Azul,2,56.1,112.2
2162,2026-05-05 14:55:07,38,Lucia Castro,lucia.castro3@gmail.com,180,Zapatillas High Top,1,81.6,81.6
2163,2026-05-01 02:23:44,27,Luis Mora,luis.mora33@gmail.com,138,Short Monocromatico Negro,2,24.06,48.12
2164,2026-05-03 01:08:38,75,Miguel Vega,miguel.vega53@gmail.com,59,Jean Urban Denim,3,95.83,287.49
2165,2026-05-05 05:09:04,84,Daniel Flores,daniel.flores75@gmail.com,134,Short Skate Negro,5,18.58,92.9
2166,2026-05-30 03:20:29,46,Daniel Mora,daniel.mora2@gmail.com,31,Camisa Coreana Blanca,2,57.47,114.94
2167,2026-05-18 04:21:22,93,Fernanda Benitez,fernanda.benitez10@gmail.com,41,Jean Baggy Azul Claro,1,71.17,71.17
2168,2026-05-17 04:11:32,23,Camila Castro,camila.castro71@gmail.com,9,Camiseta Graphic Dragon,5,27.33,136.65
2169,2026-05-05 11:04:51,79,Valeria Cruz,valeria.cruz58@gmail.com,133,Short Oversize Beige,4,17.21,68.84
2170,2026-05-25 16:40:33,75,Miguel Vega,miguel.vega53@gmail.com,14,Camiseta Boxy Fit,5,34.18,170.9
2171,2026-05-19 01:05:33,92,Paula Torres,paula.torres53@gmail.com,167,Botas Urbanas Cafe,2,63.79,127.58
2172,2026-05-07 20:17:27,19,Diana Romero,diana.romero86@gmail.com,148,Cinturon Negro,2,37.76,75.52
2173,2026-05-13 07:50:02,62,Diego Perez,diego.perez69@gmail.com,2,Camiseta Basica Blanca,4,17.74,70.96
2174,2026-05-18 10:49:16,83,Maria Castro,maria.castro9@gmail.com,75,Pantalon Tactical Verde,3,27.75,83.25
2175,2026-05-01 19:23:42,71,Mateo Navarro,mateo.navarro72@gmail.com,91,Hoodie Essentials Arena,4,49.67,198.68
2176,2026-05-15 10:32:47,6,Andres Flores,andres.flores67@gmail.com,69,Pantalon Streetwear Gris,4,19.53,78.12
2177,2026-05-07 21:22:19,69,Lucia Herrera,lucia.herrera62@gmail.com,34,Camisa Streetwear Negra,5,61.58,307.9
2178,2026-05-24 08:18:15,11,Ana Flores,ana.flores99@gmail.com,143,Gorra Roja,3,30.91,92.73
2179,2026-05-07 08:23:39,64,Emily Salazar,emily.salazar93@gmail.com,125,Short Cargo Verde,2,96.25,192.5
2180,2026-05-08 07:26:02,62,Diego Perez,diego.perez69@gmail.com,105,Chaqueta Cuero Negra,2,68.85,137.7
2181,2026-05-09 03:02:11,83,Maria Castro,maria.castro9@gmail.com,154,Lentes Vintage,1,45.98,45.98
2182,2026-05-11 03:30:21,85,Fernanda Herrera,fernanda.herrera13@gmail.com,96,Hoodie Techwear Gris,2,56.52,113.04
2183,2026-05-17 13:00:29,14,Luis Flores,luis.flores15@gmail.com,6,Camiseta Vintage Azul,5,23.22,116.1
2184,2026-05-04 09:07:44,52,Camila Mora,camila.mora82@gmail.com,108,Chaqueta Oversize Beige,1,72.96,72.96
2185,2026-05-11 19:22:24,12,Sofia Gomez,sofia.gomez66@gmail.com,27,Camisa Satinada Plateada,1,51.99,51.99
2186,2026-05-05 15:12:36,68,Miguel Rojas,miguel.rojas85@gmail.com,177,Tenis Deportivos Blancos,4,77.49,309.96
2187,2026-05-08 07:12:51,1,Jose Suarez,jose.suarez11@gmail.com,138,Short Monocromatico Negro,2,24.06,48.12
2188,2026-05-12 06:56:03,92,Paula Torres,paula.torres53@gmail.com,105,Chaqueta Cuero Negra,5,68.85,344.25
2189,2026-05-11 17:14:12,31,Jose Perez,jose.perez2@gmail.com,32,Camisa Lino Beige,2,58.84,117.68
2190,2026-05-05 09:38:36,66,Daniel Cruz,daniel.cruz12@gmail.com,187,Sudadera Boxy Fit Beige,4,37.17,148.68
2191,2026-05-01 11:38:39,82,Sofia Romero,sofia.romero21@gmail.com,34,Camisa Streetwear Negra,5,61.58,307.9
2192,2026-05-05 09:07:47,4,Pedro Salazar,pedro.salazar91@gmail.com,188,Tank Top Loose Fit Cafe,4,39.08,156.32
2193,2026-05-01 05:02:46,34,Camila Paspuel,camila.paspuel92@gmail.com,184,Conjunto Minimalista Rojo,2,31.44,62.88
2194,2026-05-20 23:50:08,65,Paula Vega,paula.vega31@gmail.com,3,Camiseta Oversize Negra,1,19.11,19.11
2195,2026-05-21 07:25:50,70,Diana Ruiz,diana.ruiz90@gmail.com,93,Hoodie Zip Up Gris,4,52.41,209.64
2196,2026-05-05 05:37:01,86,Maria Flores,maria.flores52@gmail.com,109,Chaqueta Oversize Gris,5,74.33,371.65
2197,2026-05-04 11:22:07,97,Diego Rojas,diego.rojas44@gmail.com,137,Short Minimalista Blanco,4,22.69,90.76
2198,2026-05-21 08:22:36,86,Maria Flores,maria.flores52@gmail.com,174,Sneakers Minimalistas,4,73.38,293.52
2199,2026-05-23 18:13:33,83,Maria Castro,maria.castro9@gmail.com,163,Zapatillas Running Azul,4,58.31,233.24
2200,2026-05-24 18:16:47,57,Luis Acosta,luis.acosta47@gmail.com,49,Jean Recto Azul,4,82.13,328.52
2201,2026-05-22 07:58:41,36,Andres Rojas,andres.rojas47@gmail.com,33,Camisa Oxford Celeste,5,60.21,301.05
2202,2026-05-21 07:07:18,19,Diana Romero,diana.romero86@gmail.com,153,Pulsera Acero,4,44.61,178.44
2203,2026-05-21 00:14:38,40,Luis Castro,luis.castro1@gmail.com,200,Chompa Retro Blanco,4,62.0,248.0
2204,2026-05-19 15:35:28,70,Diana Ruiz,diana.ruiz90@gmail.com,200,Chompa Retro Blanco,3,62.0,186.0
2205,2026-05-24 07:48:24,12,Sofia Gomez,sofia.gomez66@gmail.com,119,Chaqueta Windbreaker Azul,2,88.03,176.06
2206,2026-05-29 01:42:57,56,Luis Cruz,luis.cruz91@gmail.com,78,Pantalon Recto Beige,4,31.86,127.44
2207,2026-05-02 23:24:23,72,Mateo Paspuel,mateo.paspuel64@gmail.com,115,Chaqueta Vintage Denim,2,82.55,165.1
2208,2026-05-28 18:24:07,26,Pedro Castro,pedro.castro94@gmail.com,128,Short Streetwear Negro,5,100.36,501.8
2209,2026-05-08 12:11:26,76,Maria Gomez,maria.gomez80@gmail.com,160,Medias Negras,2,54.2,108.4
2210,2026-05-05 18:36:36,25,Diego Suarez,diego.suarez45@gmail.com,4,Camiseta Oversize Blanca,4,20.48,81.92
2211,2026-05-26 07:55:33,38,Lucia Castro,lucia.castro3@gmail.com,71,Pantalon Formal Azul,2,22.27,44.54
2212,2026-05-01 10:14:51,63,Luis Salazar,luis.salazar83@gmail.com,149,Cinturon Marron,5,39.13,195.65
2213,2026-05-11 17:29:40,32,Pedro Cruz,pedro.cruz61@gmail.com,40,Camisa Denim Azul,2,69.8,139.6
2214,2026-05-17 01:35:14,38,Lucia Castro,lucia.castro3@gmail.com,113,Chaqueta Streetwear Verde,2,79.81,159.62
2215,2026-05-22 10:28:06,82,Sofia Romero,sofia.romero21@gmail.com,69,Pantalon Streetwear Gris,1,19.53,19.53
2216,2026-05-25 20:35:52,32,Pedro Cruz,pedro.cruz61@gmail.com,108,Chaqueta Oversize Beige,4,72.96,291.84
2217,2026-05-26 06:11:21,29,Mateo Romero,mateo.romero24@gmail.com,72,Pantalon Formal Negro,1,23.64,23.64
2218,2026-05-29 11:00:34,28,Fernanda Acosta,fernanda.acosta52@gmail.com,120,Chaqueta Urban Black,4,89.4,357.6
2219,2026-05-09 17:33:22,5,Daniel Acosta,daniel.acosta85@gmail.com,195,Chompa Graphic Cafe,4,52.45,209.8
2220,2026-05-31 20:41:53,29,Mateo Romero,mateo.romero24@gmail.com,20,Camiseta Monocromatica,1,42.4,42.4
2221,2026-05-27 22:41:09,32,Pedro Cruz,pedro.cruz61@gmail.com,171,Sneakers Retro Gris,4,69.27,277.08
2222,2026-05-31 00:25:26,33,Emily Ruiz,emily.ruiz87@gmail.com,70,Pantalon Streetwear Negro,5,20.9,104.5
2223,2026-05-22 10:13:48,81,Carlos Perez,carlos.perez8@gmail.com,185,Chompa Graphic Verde,4,33.35,133.4
2224,2026-05-10 10:31:00,100,Ana Torres,ana.torres87@gmail.com,26,Camisa Oversize Negra,3,50.62,151.86
2225,2026-05-02 00:39:32,77,Jose Lopez,jose.lopez69@gmail.com,133,Short Oversize Beige,2,17.21,34.42
2226,2026-05-15 18:44:29,84,Daniel Flores,daniel.flores75@gmail.com,188,Tank Top Loose Fit Cafe,1,39.08,39.08
2227,2026-05-24 03:20:36,73,Miguel Navarro,miguel.navarro4@gmail.com,34,Camisa Streetwear Negra,4,61.58,246.32
2228,2026-05-04 13:15:38,49,Miguel Benitez,miguel.benitez4@gmail.com,155,Lentes Urbanos,2,47.35,94.7
2229,2026-05-06 13:31:53,77,Jose Lopez,jose.lopez69@gmail.com,143,Gorra Roja,1,30.91,30.91
2230,2026-05-05 23:18:57,66,Daniel Cruz,daniel.cruz12@gmail.com,57,Jean Loose Fit Azul,3,93.09,279.27
2231,2026-05-27 16:01:11,71,Mateo Navarro,mateo.navarro72@gmail.com,82,Hoodie Oversize Blanco,2,37.34,74.68
2232,2026-05-14 05:26:28,18,Diego Lopez,diego.lopez92@gmail.com,146,Beanie Gris,2,35.02,70.04
2233,2026-05-10 06:18:52,93,Fernanda Benitez,fernanda.benitez10@gmail.com,143,Gorra Roja,2,30.91,61.82
2234,2026-05-21 02:58:47,14,Luis Flores,luis.flores15@gmail.com,38,Camisa Vintage Cafe,2,67.06,134.12
2235,2026-05-15 03:05:56,18,Diego Lopez,diego.lopez92@gmail.com,128,Short Streetwear Negro,1,100.36,100.36
2236,2026-05-08 03:47:11,29,Mateo Romero,mateo.romero24@gmail.com,131,Short Vintage Denim,1,104.47,104.47
2237,2026-05-04 23:48:49,81,Carlos Perez,carlos.perez8@gmail.com,32,Camisa Lino Beige,5,58.84,294.2
2238,2026-05-05 06:42:22,67,Miguel Paspuel,miguel.paspuel30@gmail.com,134,Short Skate Negro,4,18.58,74.32
2239,2026-05-01 12:37:48,79,Valeria Cruz,valeria.cruz58@gmail.com,170,Zapatos Formales Negros,5,67.9,339.5
2240,2026-05-14 12:53:44,62,Diego Perez,diego.perez69@gmail.com,138,Short Monocromatico Negro,4,24.06,96.24
2241,2026-05-16 17:59:13,100,Ana Torres,ana.torres87@gmail.com,116,Chaqueta Cargo Negra,5,83.92,419.6
2242,2026-05-27 20:46:21,44,Fernanda Torres,fernanda.torres34@gmail.com,38,Camisa Vintage Cafe,2,67.06,134.12
2243,2026-05-11 03:52:04,15,Jose Castro,jose.castro82@gmail.com,31,Camisa Coreana Blanca,3,57.47,172.41
2244,2026-05-04 04:40:19,81,Carlos Perez,carlos.perez8@gmail.com,177,Tenis Deportivos Blancos,5,77.49,387.45
2245,2026-05-14 09:16:19,4,Pedro Salazar,pedro.salazar91@gmail.com,176,Sneakers Vintage Rojos,2,76.12,152.24
2246,2026-05-11 12:20:23,18,Diego Lopez,diego.lopez92@gmail.com,35,Camisa Rayada Azul,1,62.95,62.95
2247,2026-05-03 15:46:18,26,Pedro Castro,pedro.castro94@gmail.com,164,Zapatillas Running Rojas,4,59.68,238.72
2248,2026-05-20 20:17:14,27,Luis Mora,luis.mora33@gmail.com,90,Hoodie Anime Tokyo,4,48.3,193.2
2249,2026-05-13 16:19:12,47,Valeria Benitez,valeria.benitez19@gmail.com,87,Hoodie Vintage Gris,5,44.19,220.95
2250,2026-05-01 21:40:16,36,Andres Rojas,andres.rojas47@gmail.com,54,Jean Relaxed Fit Negro,4,88.98,355.92
2251,2026-05-13 20:29:11,74,Ana Mora,ana.mora16@gmail.com,45,Jean Skinny Azul,1,76.65,76.65
2252,2026-05-04 06:12:12,67,Miguel Paspuel,miguel.paspuel30@gmail.com,19,Camiseta Distressed,4,41.03,164.12
2253,2026-05-08 06:09:26,64,Emily Salazar,emily.salazar93@gmail.com,124,Short Baggy Beige,2,94.88,189.76
2254,2026-05-28 00:22:04,12,Sofia Gomez,sofia.gomez66@gmail.com,165,Converse Negras,5,61.05,305.25
2255,2026-05-15 08:20:23,82,Sofia Romero,sofia.romero21@gmail.com,141,Gorra Negra,1,28.17,28.17
2256,2026-05-25 21:52:04,100,Ana Torres,ana.torres87@gmail.com,25,Camisa Oversize Beige,1,49.25,49.25
2257,2026-05-20 02:50:38,50,Juan Castro,juan.castro81@gmail.com,190,Chompa Retro Celeste,4,42.9,171.6
2258,2026-05-03 04:42:05,88,Sofia Paspuel,sofia.paspuel45@gmail.com,79,Pantalon Urban Fit,4,33.23,132.92
2259,2026-05-23 03:17:54,54,Diego Flores,diego.flores78@gmail.com,17,Camiseta Skate,2,38.29,76.58
2260,2026-05-31 08:32:15,30,Lucia Acosta,lucia.acosta28@gmail.com,131,Short Vintage Denim,1,104.47,104.47
2261,2026-05-20 03:52:43,96,Mateo Mora,mateo.mora34@gmail.com,103,Chaqueta Bomber Negra,2,66.11,132.22
2262,2026-05-12 11:26:24,69,Lucia Herrera,lucia.herrera62@gmail.com,165,Converse Negras,3,61.05,183.15
2263,2026-05-30 23:00:44,32,Pedro Cruz,pedro.cruz61@gmail.com,182,Sudadera Vintage Blanco,4,27.62,110.48
2264,2026-05-17 00:37:38,57,Luis Acosta,luis.acosta47@gmail.com,137,Short Minimalista Blanco,4,22.69,90.76
2265,2026-05-24 14:36:20,53,Fernanda Paspuel,fernanda.paspuel45@gmail.com,88,Hoodie Streetwear Blanco,2,45.56,91.12
2266,2026-05-13 20:44:19,83,Maria Castro,maria.castro9@gmail.com,194,Conjunto Minimalista Beige,3,50.54,151.62
2267,2026-05-17 14:02:25,30,Lucia Acosta,lucia.acosta28@gmail.com,10,Camiseta Streetwear Urban,3,28.7,86.1
2268,2026-05-01 11:21:01,22,Emily Perez,emily.perez82@gmail.com,40,Camisa Denim Azul,2,69.8,139.6
2269,2026-05-27 05:03:56,77,Jose Lopez,jose.lopez69@gmail.com,156,Mochila Streetwear,3,48.72,146.16
2270,2026-05-06 09:32:56,94,Valeria Flores,valeria.flores75@gmail.com,166,Converse Blancas,5,62.42,312.1
2271,2026-05-20 20:57:49,6,Andres Flores,andres.flores67@gmail.com,91,Hoodie Essentials Arena,5,49.67,248.35
2272,2026-05-01 02:40:20,25,Diego Suarez,diego.suarez45@gmail.com,76,Pantalon Techwear Negro,1,29.12,29.12
2273,2026-05-27 16:57:44,48,Miguel Torres,miguel.torres90@gmail.com,1,Camiseta Basica Negra,2,16.37,32.74
2274,2026-05-10 00:37:14,47,Valeria Benitez,valeria.benitez19@gmail.com,114,Chaqueta Techwear Gris,3,81.18,243.54
2275,2026-05-30 18:04:03,78,Emily Herrera,emily.herrera26@gmail.com,72,Pantalon Formal Negro,2,23.64,47.28
2276,2026-05-23 13:15:45,68,Miguel Rojas,miguel.rojas85@gmail.com,54,Jean Relaxed Fit Negro,2,88.98,177.96
2277,2026-05-05 04:26:52,57,Luis Acosta,luis.acosta47@gmail.com,49,Jean Recto Azul,3,82.13,246.39
2278,2026-05-25 12:53:46,92,Paula Torres,paula.torres53@gmail.com,170,Zapatos Formales Negros,1,67.9,67.9
2279,2026-05-25 09:32:36,84,Daniel Flores,daniel.flores75@gmail.com,28,Camisa Casual Verde,3,53.36,160.08
2280,2026-05-17 06:34:01,96,Mateo Mora,mateo.mora34@gmail.com,177,Tenis Deportivos Blancos,3,77.49,232.47
2281,2026-05-15 21:03:31,88,Sofia Paspuel,sofia.paspuel45@gmail.com,80,Pantalon Relaxed Gris,1,34.6,34.6
2282,2026-05-13 01:23:11,93,Fernanda Benitez,fernanda.benitez10@gmail.com,66,Pantalon Jogger Azul,2,15.42,30.84
2283,2026-05-28 20:04:16,23,Camila Castro,camila.castro71@gmail.com,83,Hoodie Oversize Gris,5,38.71,193.55
2284,2026-05-01 21:17:16,34,Camila Paspuel,camila.paspuel92@gmail.com,99,Hoodie College Green,4,60.63,242.52
2285,2026-05-29 09:54:19,42,Fernanda Navarro,fernanda.navarro34@gmail.com,136,Short Urban Gray,3,21.32,63.96
2286,2026-05-28 23:24:01,92,Paula Torres,paula.torres53@gmail.com,37,Camisa Loose Fit Gris,4,65.69,262.76
2287,2026-05-12 09:54:15,93,Fernanda Benitez,fernanda.benitez10@gmail.com,119,Chaqueta Windbreaker Azul,4,88.03,352.12
2288,2026-05-21 10:05:06,49,Miguel Benitez,miguel.benitez4@gmail.com,188,Tank Top Loose Fit Cafe,2,39.08,78.16
2289,2026-05-25 01:30:17,19,Diana Romero,diana.romero86@gmail.com,40,Camisa Denim Azul,1,69.8,69.8
2290,2026-05-14 18:44:35,67,Miguel Paspuel,miguel.paspuel30@gmail.com,155,Lentes Urbanos,4,47.35,189.4
2291,2026-05-23 17:05:45,87,Emily Paspuel,emily.paspuel93@gmail.com,182,Sudadera Vintage Blanco,5,27.62,138.1
2292,2026-05-28 01:46:54,26,Pedro Castro,pedro.castro94@gmail.com,13,Camiseta Acid Wash,4,32.81,131.24
2293,2026-05-19 03:52:21,30,Lucia Acosta,lucia.acosta28@gmail.com,182,Sudadera Vintage Blanco,5,27.62,138.1
2294,2026-05-24 20:12:04,28,Fernanda Acosta,fernanda.acosta52@gmail.com,141,Gorra Negra,2,28.17,56.34
2295,2026-05-20 03:50:35,35,Ana Lopez,ana.lopez61@gmail.com,39,Camisa Estampada Negra,1,68.43,68.43
2296,2026-05-23 14:28:59,45,Fernanda Ruiz,fernanda.ruiz48@gmail.com,188,Tank Top Loose Fit Cafe,4,39.08,156.32
2297,2026-05-07 11:55:03,19,Diana Romero,diana.romero86@gmail.com,34,Camisa Streetwear Negra,4,61.58,246.32
2298,2026-05-02 15:36:29,5,Daniel Acosta,daniel.acosta85@gmail.com,171,Sneakers Retro Gris,2,69.27,138.54
2299,2026-05-08 20:53:44,60,Diana Torres,diana.torres20@gmail.com,8,Camiseta Anime Tokyo,4,25.96,103.84
2300,2026-05-23 06:26:18,40,Luis Castro,luis.castro1@gmail.com,59,Jean Urban Denim,2,95.83,191.66
2301,2026-05-14 10:02:18,74,Ana Mora,ana.mora16@gmail.com,20,Camiseta Monocromatica,2,42.4,84.8
2302,2026-05-25 10:55:33,93,Fernanda Benitez,fernanda.benitez10@gmail.com,197,Sudadera Boxy Fit Celeste,3,56.27,168.81
2303,2026-05-09 17:58:47,34,Camila Paspuel,camila.paspuel92@gmail.com,75,Pantalon Tactical Verde,4,27.75,111.0
2304,2026-05-07 16:19:44,99,Valeria Herrera,valeria.herrera1@gmail.com,174,Sneakers Minimalistas,4,73.38,293.52
2305,2026-05-31 04:55:00,96,Mateo Mora,mateo.mora34@gmail.com,137,Short Minimalista Blanco,4,22.69,90.76
2306,2026-05-17 08:02:20,61,Ana Benitez,ana.benitez19@gmail.com,30,Camisa Manga Corta Azul,5,56.1,280.5
2307,2026-05-16 06:16:33,11,Ana Flores,ana.flores99@gmail.com,185,Chompa Graphic Verde,5,33.35,166.75
2308,2026-05-08 05:09:17,10,Sofia Torres,sofia.torres60@gmail.com,182,Sudadera Vintage Blanco,3,27.62,82.86
2309,2026-05-05 02:13:09,85,Fernanda Herrera,fernanda.herrera13@gmail.com,157,Bolso Crossbody Negro,3,50.09,150.27
2310,2026-05-05 18:28:53,66,Daniel Cruz,daniel.cruz12@gmail.com,69,Pantalon Streetwear Gris,5,19.53,97.65
2311,2026-05-22 16:13:02,69,Lucia Herrera,lucia.herrera62@gmail.com,34,Camisa Streetwear Negra,1,61.58,61.58
2312,2026-05-14 20:30:14,70,Diana Ruiz,diana.ruiz90@gmail.com,109,Chaqueta Oversize Gris,4,74.33,297.32
2313,2026-05-02 13:20:23,44,Fernanda Torres,fernanda.torres34@gmail.com,1,Camiseta Basica Negra,4,16.37,65.48
2314,2026-05-15 03:53:23,86,Maria Flores,maria.flores52@gmail.com,32,Camisa Lino Beige,4,58.84,235.36
2315,2026-05-08 09:49:20,42,Fernanda Navarro,fernanda.navarro34@gmail.com,111,Chaqueta Puffer Blanca,3,77.07,231.21
2316,2026-05-22 16:38:52,68,Miguel Rojas,miguel.rojas85@gmail.com,33,Camisa Oxford Celeste,5,60.21,301.05
2317,2026-05-29 08:58:20,31,Jose Perez,jose.perez2@gmail.com,86,Hoodie Graphic Negro,2,42.82,85.64
2318,2026-05-24 16:16:23,31,Jose Perez,jose.perez2@gmail.com,104,Chaqueta Bomber Verde,4,67.48,269.92
2319,2026-05-03 06:48:13,45,Fernanda Ruiz,fernanda.ruiz48@gmail.com,79,Pantalon Urban Fit,3,33.23,99.69
2320,2026-05-06 12:47:22,70,Diana Ruiz,diana.ruiz90@gmail.com,199,Conjunto Urban Negro,4,60.09,240.36
2321,2026-05-09 08:27:37,51,Daniel Gomez,daniel.gomez14@gmail.com,19,Camiseta Distressed,4,41.03,164.12
2322,2026-05-28 15:41:18,81,Carlos Perez,carlos.perez8@gmail.com,28,Camisa Casual Verde,3,53.36,160.08
2323,2026-05-27 01:27:38,85,Fernanda Herrera,fernanda.herrera13@gmail.com,168,Botas Urbanas Negras,3,65.16,195.48
2324,2026-05-17 14:23:12,33,Emily Ruiz,emily.ruiz87@gmail.com,97,Hoodie Urban Blue,3,57.89,173.67
2325,2026-05-05 11:28:55,83,Maria Castro,maria.castro9@gmail.com,160,Medias Negras,2,54.2,108.4
2326,2026-05-28 03:55:50,40,Luis Castro,luis.castro1@gmail.com,43,Jean Baggy Negro,4,73.91,295.64
2327,2026-05-15 15:50:51,71,Mateo Navarro,mateo.navarro72@gmail.com,62,Pantalon Cargo Beige,3,99.94,299.82
2328,2026-05-08 13:52:44,21,Lucia Suarez,lucia.suarez43@gmail.com,45,Jean Skinny Azul,3,76.65,229.95
2329,2026-05-04 19:58:57,15,Jose Castro,jose.castro82@gmail.com,62,Pantalon Cargo Beige,3,99.94,299.82
2330,2026-05-18 09:33:47,70,Diana Ruiz,diana.ruiz90@gmail.com,95,Hoodie Acid Wash,5,55.15,275.75
2331,2026-05-01 17:22:15,26,Pedro Castro,pedro.castro94@gmail.com,75,Pantalon Tactical Verde,1,27.75,27.75
2332,2026-05-30 00:18:49,48,Miguel Torres,miguel.torres90@gmail.com,162,Zapatillas Urbanas Negras,2,56.94,113.88
2333,2026-05-29 03:41:10,36,Andres Rojas,andres.rojas47@gmail.com,157,Bolso Crossbody Negro,4,50.09,200.36
2334,2026-05-08 12:43:39,34,Camila Paspuel,camila.paspuel92@gmail.com,7,Camiseta Vintage Verde,1,24.59,24.59
2335,2026-05-26 05:45:57,27,Luis Mora,luis.mora33@gmail.com,121,Short Deportivo Negro,4,90.77,363.08
2336,2026-05-28 22:25:03,32,Pedro Cruz,pedro.cruz61@gmail.com,34,Camisa Streetwear Negra,5,61.58,307.9
2337,2026-05-09 02:12:04,57,Luis Acosta,luis.acosta47@gmail.com,182,Sudadera Vintage Blanco,4,27.62,110.48
2338,2026-05-29 17:30:10,60,Diana Torres,diana.torres20@gmail.com,118,Chaqueta Utility Beige,4,86.66,346.64
2339,2026-05-19 13:48:52,76,Maria Gomez,maria.gomez80@gmail.com,68,Pantalon Wide Leg Beige,3,18.16,54.48
2340,2026-05-24 18:22:11,35,Ana Lopez,ana.lopez61@gmail.com,131,Short Vintage Denim,5,104.47,522.35
2341,2026-05-01 21:43:53,16,Miguel Romero,miguel.romero59@gmail.com,30,Camisa Manga Corta Azul,4,56.1,224.4
2342,2026-05-15 19:32:18,41,Luis Gomez,luis.gomez94@gmail.com,108,Chaqueta Oversize Beige,5,72.96,364.8
2343,2026-05-31 20:31:22,85,Fernanda Herrera,fernanda.herrera13@gmail.com,151,Cadena Dorada,4,41.87,167.48
2344,2026-05-03 07:56:38,82,Sofia Romero,sofia.romero21@gmail.com,150,Cadena Plateada,2,40.5,81.0
2345,2026-05-15 09:40:49,91,Camila Acosta,camila.acosta41@gmail.com,176,Sneakers Vintage Rojos,3,76.12,228.36
2346,2026-05-15 20:37:58,98,Ana Navarro,ana.navarro44@gmail.com,126,Short Running Azul,4,97.62,390.48
2347,2026-05-05 02:54:16,89,Ana Gomez,ana.gomez98@gmail.com,84,Hoodie Oversize Beige,4,40.08,160.32
2348,2026-05-03 17:53:48,74,Ana Mora,ana.mora16@gmail.com,74,Pantalon Slim Fit Gris,5,26.38,131.9
2349,2026-05-25 16:25:18,6,Andres Flores,andres.flores67@gmail.com,165,Converse Negras,4,61.05,244.2
2350,2026-05-18 00:58:00,18,Diego Lopez,diego.lopez92@gmail.com,8,Camiseta Anime Tokyo,2,25.96,51.92
2351,2026-05-03 19:43:18,20,Carlos Lopez,carlos.lopez18@gmail.com,126,Short Running Azul,2,97.62,195.24
2352,2026-05-11 10:43:25,17,Pedro Gomez,pedro.gomez67@gmail.com,197,Sudadera Boxy Fit Celeste,1,56.27,56.27
2353,2026-05-08 06:51:20,54,Diego Flores,diego.flores78@gmail.com,124,Short Baggy Beige,4,94.88,379.52
2354,2026-05-26 06:04:41,50,Juan Castro,juan.castro81@gmail.com,192,Sudadera Vintage Verde,5,46.72,233.6
2355,2026-05-05 09:26:38,68,Miguel Rojas,miguel.rojas85@gmail.com,173,Sneakers Streetwear Negros,2,72.01,144.02
2356,2026-05-11 16:21:17,69,Lucia Herrera,lucia.herrera62@gmail.com,130,Short Casual Blanco,2,103.1,206.2
2357,2026-05-14 11:18:23,44,Fernanda Torres,fernanda.torres34@gmail.com,196,Polo Acid Wash Morado,1,54.36,54.36
2358,2026-05-12 00:28:14,8,Paula Benitez,paula.benitez90@gmail.com,34,Camisa Streetwear Negra,1,61.58,61.58
2359,2026-05-04 21:16:27,9,Miguel Mora,miguel.mora18@gmail.com,68,Pantalon Wide Leg Beige,5,18.16,90.8
2360,2026-05-07 20:02:08,82,Sofia Romero,sofia.romero21@gmail.com,127,Short Basketball Rojo,4,98.99,395.96
2361,2026-05-25 18:48:55,61,Ana Benitez,ana.benitez19@gmail.com,20,Camiseta Monocromatica,4,42.4,169.6
2362,2026-05-04 04:44:15,95,Ana Cruz,ana.cruz50@gmail.com,28,Camisa Casual Verde,1,53.36,53.36
2363,2026-05-08 07:00:54,97,Diego Rojas,diego.rojas44@gmail.com,12,Camiseta Minimalista Beige,5,31.44,157.2
2364,2026-05-23 19:36:01,27,Luis Mora,luis.mora33@gmail.com,64,Pantalon Jogger Gris,4,102.68,410.72
2365,2026-05-20 19:50:37,16,Miguel Romero,miguel.romero59@gmail.com,140,Short Cargo Gris,5,26.8,134.0
2366,2026-05-18 05:14:20,72,Mateo Paspuel,mateo.paspuel64@gmail.com,63,Pantalon Cargo Verde,5,101.31,506.55
2367,2026-05-14 01:10:42,39,Ana Castro,ana.castro27@gmail.com,5,Camiseta Vintage Roja,2,21.85,43.7
2368,2026-05-24 19:52:12,100,Ana Torres,ana.torres87@gmail.com,21,Camisa Formal Blanca,4,43.77,175.08
2369,2026-05-31 04:09:32,14,Luis Flores,luis.flores15@gmail.com,107,Chaqueta Varsity Negra,1,71.59,71.59
2370,2026-05-17 08:53:55,3,Daniel Suarez,daniel.suarez49@gmail.com,49,Jean Recto Azul,5,82.13,410.65
2371,2026-05-26 07:06:00,24,Jose Gomez,jose.gomez27@gmail.com,28,Camisa Casual Verde,1,53.36,53.36
2372,2026-05-16 06:39:53,47,Valeria Benitez,valeria.benitez19@gmail.com,38,Camisa Vintage Cafe,3,67.06,201.18
2373,2026-05-03 05:12:46,6,Andres Flores,andres.flores67@gmail.com,192,Sudadera Vintage Verde,1,46.72,46.72
2374,2026-05-26 03:31:23,100,Ana Torres,ana.torres87@gmail.com,148,Cinturon Negro,1,37.76,37.76
2375,2026-05-28 14:44:06,100,Ana Torres,ana.torres87@gmail.com,73,Pantalon Deportivo Blanco,2,25.01,50.02
2376,2026-05-19 16:44:58,38,Lucia Castro,lucia.castro3@gmail.com,59,Jean Urban Denim,2,95.83,191.66
2377,2026-05-24 11:17:34,66,Daniel Cruz,daniel.cruz12@gmail.com,18,Camiseta Hip Hop,4,39.66,158.64
2378,2026-05-29 11:39:03,5,Daniel Acosta,daniel.acosta85@gmail.com,133,Short Oversize Beige,3,17.21,51.63
2379,2026-05-27 22:59:08,49,Miguel Benitez,miguel.benitez4@gmail.com,37,Camisa Loose Fit Gris,2,65.69,131.38
2380,2026-05-22 08:08:10,25,Diego Suarez,diego.suarez45@gmail.com,47,Jean Cargo Verde,2,79.39,158.78
2381,2026-05-13 04:34:00,93,Fernanda Benitez,fernanda.benitez10@gmail.com,67,Pantalon Wide Leg Negro,5,16.79,83.95
2382,2026-05-12 07:45:02,90,Andres Ruiz,andres.ruiz70@gmail.com,68,Pantalon Wide Leg Beige,5,18.16,90.8
2383,2026-05-24 02:26:41,65,Paula Vega,paula.vega31@gmail.com,27,Camisa Satinada Plateada,4,51.99,207.96
2384,2026-05-21 20:14:56,14,Luis Flores,luis.flores15@gmail.com,185,Chompa Graphic Verde,5,33.35,166.75
2385,2026-05-02 21:45:59,30,Lucia Acosta,lucia.acosta28@gmail.com,47,Jean Cargo Verde,3,79.39,238.17
2386,2026-05-30 06:48:43,23,Camila Castro,camila.castro71@gmail.com,76,Pantalon Techwear Negro,4,29.12,116.48
2387,2026-05-17 12:48:21,76,Maria Gomez,maria.gomez80@gmail.com,164,Zapatillas Running Rojas,3,59.68,179.04
2388,2026-05-12 17:57:54,31,Jose Perez,jose.perez2@gmail.com,196,Polo Acid Wash Morado,4,54.36,217.44
2389,2026-05-19 22:51:26,66,Daniel Cruz,daniel.cruz12@gmail.com,9,Camiseta Graphic Dragon,5,27.33,136.65
2390,2026-05-09 19:28:34,20,Carlos Lopez,carlos.lopez18@gmail.com,153,Pulsera Acero,2,44.61,89.22
2391,2026-05-23 22:02:00,35,Ana Lopez,ana.lopez61@gmail.com,93,Hoodie Zip Up Gris,3,52.41,157.23
2392,2026-05-19 09:39:48,38,Lucia Castro,lucia.castro3@gmail.com,94,Hoodie Boxy Fit Negro,2,53.78,107.56
2393,2026-05-10 13:53:41,98,Ana Navarro,ana.navarro44@gmail.com,102,Chaqueta Denim Negra,4,64.74,258.96
2394,2026-05-28 12:46:39,82,Sofia Romero,sofia.romero21@gmail.com,137,Short Minimalista Blanco,1,22.69,22.69
2395,2026-05-16 18:09:48,90,Andres Ruiz,andres.ruiz70@gmail.com,26,Camisa Oversize Negra,3,50.62,151.86
2396,2026-05-06 10:59:54,67,Miguel Paspuel,miguel.paspuel30@gmail.com,183,Tank Top Streetwear Azul,3,29.53,88.59
2397,2026-05-27 04:05:25,66,Daniel Cruz,daniel.cruz12@gmail.com,30,Camisa Manga Corta Azul,3,56.1,168.3
2398,2026-05-30 23:03:00,38,Lucia Castro,lucia.castro3@gmail.com,17,Camiseta Skate,2,38.29,76.58
2399,2026-05-31 21:18:53,92,Paula Torres,paula.torres53@gmail.com,196,Polo Acid Wash Morado,1,54.36,54.36
2400,2026-05-22 11:03:05,74,Ana Mora,ana.mora16@gmail.com,22,Camisa Formal Negra,4,45.14,180.56
2401,2026-05-28 04:29:02,42,Fernanda Navarro,fernanda.navarro34@gmail.com,108,Chaqueta Oversize Beige,4,72.96,291.84
2402,2026-05-29 03:59:11,78,Emily Herrera,emily.herrera26@gmail.com,84,Hoodie Oversize Beige,5,40.08,200.4
2403,2026-05-08 12:47:43,87,Emily Paspuel,emily.paspuel93@gmail.com,132,Short Loose Fit Gris,5,15.84,79.2
2404,2026-05-18 17:20:24,55,Ana Acosta,ana.acosta99@gmail.com,20,Camiseta Monocromatica,3,42.4,127.2
2405,2026-05-09 16:15:41,1,Jose Suarez,jose.suarez11@gmail.com,115,Chaqueta Vintage Denim,5,82.55,412.75
2406,2026-05-18 09:21:42,65,Paula Vega,paula.vega31@gmail.com,41,Jean Baggy Azul Claro,4,71.17,284.68
2407,2026-05-15 08:35:41,4,Pedro Salazar,pedro.salazar91@gmail.com,169,Zapatos Casuales Beige,4,66.53,266.12
2408,2026-05-05 15:52:41,52,Camila Mora,camila.mora82@gmail.com,165,Converse Negras,4,61.05,244.2
2409,2026-05-04 02:55:17,27,Luis Mora,luis.mora33@gmail.com,146,Beanie Gris,3,35.02,105.06
2410,2026-05-16 20:32:56,24,Jose Gomez,jose.gomez27@gmail.com,97,Hoodie Urban Blue,1,57.89,57.89
2411,2026-05-08 01:23:07,89,Ana Gomez,ana.gomez98@gmail.com,64,Pantalon Jogger Gris,1,102.68,102.68
2412,2026-05-03 01:12:08,20,Carlos Lopez,carlos.lopez18@gmail.com,148,Cinturon Negro,5,37.76,188.8
2413,2026-05-23 01:12:00,75,Miguel Vega,miguel.vega53@gmail.com,75,Pantalon Tactical Verde,3,27.75,83.25
2414,2026-05-26 12:48:05,6,Andres Flores,andres.flores67@gmail.com,37,Camisa Loose Fit Gris,2,65.69,131.38
2415,2026-05-31 23:04:13,61,Ana Benitez,ana.benitez19@gmail.com,178,Tenis Deportivos Negros,2,78.86,157.72
2416,2026-05-14 21:14:46,7,Miguel Flores,miguel.flores68@gmail.com,88,Hoodie Streetwear Blanco,1,45.56,45.56
2417,2026-05-30 17:07:49,19,Diana Romero,diana.romero86@gmail.com,177,Tenis Deportivos Blancos,1,77.49,77.49
2418,2026-05-30 06:47:27,63,Luis Salazar,luis.salazar83@gmail.com,87,Hoodie Vintage Gris,3,44.19,132.57
2419,2026-05-23 21:26:33,24,Jose Gomez,jose.gomez27@gmail.com,126,Short Running Azul,5,97.62,488.1
2420,2026-05-24 20:03:52,64,Emily Salazar,emily.salazar93@gmail.com,165,Converse Negras,4,61.05,244.2
2421,2026-05-11 01:21:56,79,Valeria Cruz,valeria.cruz58@gmail.com,54,Jean Relaxed Fit Negro,4,88.98,355.92
2422,2026-05-30 05:28:56,82,Sofia Romero,sofia.romero21@gmail.com,81,Hoodie Oversize Negro,5,35.97,179.85
2423,2026-05-16 21:32:04,34,Camila Paspuel,camila.paspuel92@gmail.com,153,Pulsera Acero,1,44.61,44.61
2424,2026-05-10 11:08:53,3,Daniel Suarez,daniel.suarez49@gmail.com,117,Chaqueta Casual Cafe,3,85.29,255.87
2425,2026-05-05 09:31:56,40,Luis Castro,luis.castro1@gmail.com,108,Chaqueta Oversize Beige,1,72.96,72.96
2426,2026-05-17 21:54:59,54,Diego Flores,diego.flores78@gmail.com,21,Camisa Formal Blanca,1,43.77,43.77
2427,2026-05-19 14:29:23,2,Carlos Suarez,carlos.suarez87@gmail.com,93,Hoodie Zip Up Gris,5,52.41,262.05
2428,2026-05-10 20:40:30,24,Jose Gomez,jose.gomez27@gmail.com,20,Camiseta Monocromatica,1,42.4,42.4
2429,2026-05-04 16:27:48,27,Luis Mora,luis.mora33@gmail.com,23,Camisa Flannel Roja,2,46.51,93.02
2430,2026-05-29 15:38:53,38,Lucia Castro,lucia.castro3@gmail.com,121,Short Deportivo Negro,4,90.77,363.08
2431,2026-05-21 18:14:44,1,Jose Suarez,jose.suarez11@gmail.com,68,Pantalon Wide Leg Beige,1,18.16,18.16
2432,2026-05-04 09:27:38,69,Lucia Herrera,lucia.herrera62@gmail.com,83,Hoodie Oversize Gris,4,38.71,154.84
2433,2026-05-12 19:15:55,79,Valeria Cruz,valeria.cruz58@gmail.com,118,Chaqueta Utility Beige,3,86.66,259.98
2434,2026-05-27 03:29:24,29,Mateo Romero,mateo.romero24@gmail.com,78,Pantalon Recto Beige,2,31.86,63.72
2435,2026-05-05 13:45:53,45,Fernanda Ruiz,fernanda.ruiz48@gmail.com,127,Short Basketball Rojo,2,98.99,197.98
2436,2026-05-15 15:54:34,81,Carlos Perez,carlos.perez8@gmail.com,146,Beanie Gris,5,35.02,175.1
2437,2026-05-26 13:51:43,55,Ana Acosta,ana.acosta99@gmail.com,186,Polo Acid Wash Gris,5,35.26,176.3
2438,2026-05-16 01:55:51,67,Miguel Paspuel,miguel.paspuel30@gmail.com,148,Cinturon Negro,1,37.76,37.76
2439,2026-05-09 14:29:14,88,Sofia Paspuel,sofia.paspuel45@gmail.com,17,Camiseta Skate,5,38.29,191.45
2440,2026-05-29 07:52:10,72,Mateo Paspuel,mateo.paspuel64@gmail.com,190,Chompa Retro Celeste,1,42.9,42.9
2441,2026-05-10 23:35:53,67,Miguel Paspuel,miguel.paspuel30@gmail.com,19,Camiseta Distressed,3,41.03,123.09
2442,2026-05-17 22:04:25,4,Pedro Salazar,pedro.salazar91@gmail.com,28,Camisa Casual Verde,3,53.36,160.08
2443,2026-05-07 10:57:32,75,Miguel Vega,miguel.vega53@gmail.com,62,Pantalon Cargo Beige,1,99.94,99.94
2444,2026-05-26 12:00:24,56,Luis Cruz,luis.cruz91@gmail.com,117,Chaqueta Casual Cafe,4,85.29,341.16
2445,2026-05-14 23:28:58,8,Paula Benitez,paula.benitez90@gmail.com,39,Camisa Estampada Negra,4,68.43,273.72
2446,2026-05-25 21:48:30,11,Ana Flores,ana.flores99@gmail.com,132,Short Loose Fit Gris,2,15.84,31.68
2447,2026-05-29 21:16:20,22,Emily Perez,emily.perez82@gmail.com,8,Camiseta Anime Tokyo,4,25.96,103.84
2448,2026-05-02 00:24:34,62,Diego Perez,diego.perez69@gmail.com,44,Jean Baggy Gris,4,75.28,301.12
2449,2026-05-03 17:18:22,81,Carlos Perez,carlos.perez8@gmail.com,1,Camiseta Basica Negra,5,16.37,81.85
2450,2026-05-24 04:08:42,12,Sofia Gomez,sofia.gomez66@gmail.com,10,Camiseta Streetwear Urban,3,28.7,86.1
2451,2026-05-30 19:44:04,46,Daniel Mora,daniel.mora2@gmail.com,119,Chaqueta Windbreaker Azul,3,88.03,264.09
2452,2026-05-19 05:59:20,56,Luis Cruz,luis.cruz91@gmail.com,133,Short Oversize Beige,5,17.21,86.05
2453,2026-05-05 14:09:27,73,Miguel Navarro,miguel.navarro4@gmail.com,177,Tenis Deportivos Blancos,5,77.49,387.45
2454,2026-05-07 09:39:11,96,Mateo Mora,mateo.mora34@gmail.com,187,Sudadera Boxy Fit Beige,4,37.17,148.68
2455,2026-05-15 18:35:38,93,Fernanda Benitez,fernanda.benitez10@gmail.com,163,Zapatillas Running Azul,2,58.31,116.62
2456,2026-05-26 02:25:09,65,Paula Vega,paula.vega31@gmail.com,39,Camisa Estampada Negra,2,68.43,136.86
2457,2026-05-08 00:54:54,32,Pedro Cruz,pedro.cruz61@gmail.com,89,Hoodie Streetwear Negro,4,46.93,187.72
2458,2026-05-23 22:54:38,40,Luis Castro,luis.castro1@gmail.com,13,Camiseta Acid Wash,1,32.81,32.81
2459,2026-05-01 03:46:26,79,Valeria Cruz,valeria.cruz58@gmail.com,11,Camiseta Retro 90s,2,30.07,60.14
2460,2026-05-29 11:51:07,51,Daniel Gomez,daniel.gomez14@gmail.com,99,Hoodie College Green,5,60.63,303.15
2461,2026-05-12 21:30:13,77,Jose Lopez,jose.lopez69@gmail.com,163,Zapatillas Running Azul,4,58.31,233.24
2462,2026-05-16 15:33:29,54,Diego Flores,diego.flores78@gmail.com,87,Hoodie Vintage Gris,2,44.19,88.38
2463,2026-05-19 17:31:35,11,Ana Flores,ana.flores99@gmail.com,23,Camisa Flannel Roja,4,46.51,186.04
2464,2026-05-03 19:25:14,10,Sofia Torres,sofia.torres60@gmail.com,183,Tank Top Streetwear Azul,2,29.53,59.06
2465,2026-05-03 16:45:45,57,Luis Acosta,luis.acosta47@gmail.com,185,Chompa Graphic Verde,2,33.35,66.7
2466,2026-05-06 16:43:22,53,Fernanda Paspuel,fernanda.paspuel45@gmail.com,131,Short Vintage Denim,4,104.47,417.88
2467,2026-05-25 05:37:01,43,Jose Rojas,jose.rojas67@gmail.com,78,Pantalon Recto Beige,1,31.86,31.86
2468,2026-05-14 20:15:53,12,Sofia Gomez,sofia.gomez66@gmail.com,12,Camiseta Minimalista Beige,5,31.44,157.2
2469,2026-05-27 21:08:53,96,Mateo Mora,mateo.mora34@gmail.com,116,Chaqueta Cargo Negra,1,83.92,83.92
2470,2026-05-14 07:24:51,25,Diego Suarez,diego.suarez45@gmail.com,72,Pantalon Formal Negro,2,23.64,47.28
2471,2026-05-22 18:01:55,63,Luis Salazar,luis.salazar83@gmail.com,193,Tank Top Streetwear Gris,3,48.63,145.89
2472,2026-05-06 22:14:51,14,Luis Flores,luis.flores15@gmail.com,154,Lentes Vintage,2,45.98,91.96
2473,2026-05-21 07:01:18,17,Pedro Gomez,pedro.gomez67@gmail.com,96,Hoodie Techwear Gris,2,56.52,113.04
2474,2026-05-26 12:13:49,45,Fernanda Ruiz,fernanda.ruiz48@gmail.com,62,Pantalon Cargo Beige,1,99.94,99.94
2475,2026-05-01 15:08:46,19,Diana Romero,diana.romero86@gmail.com,7,Camiseta Vintage Verde,2,24.59,49.18
2476,2026-05-27 07:25:27,13,Luis Lopez,luis.lopez65@gmail.com,2,Camiseta Basica Blanca,2,17.74,35.48
2477,2026-05-06 20:57:18,19,Diana Romero,diana.romero86@gmail.com,35,Camisa Rayada Azul,2,62.95,125.9
2478,2026-05-17 21:08:45,46,Daniel Mora,daniel.mora2@gmail.com,187,Sudadera Boxy Fit Beige,1,37.17,37.17
2479,2026-05-13 02:29:56,25,Diego Suarez,diego.suarez45@gmail.com,127,Short Basketball Rojo,3,98.99,296.97
2480,2026-05-07 00:49:05,32,Pedro Cruz,pedro.cruz61@gmail.com,1,Camiseta Basica Negra,3,16.37,49.11
2481,2026-05-08 12:45:18,62,Diego Perez,diego.perez69@gmail.com,169,Zapatos Casuales Beige,2,66.53,133.06
2482,2026-05-11 12:27:16,2,Carlos Suarez,carlos.suarez87@gmail.com,30,Camisa Manga Corta Azul,1,56.1,56.1
2483,2026-05-13 05:48:05,42,Fernanda Navarro,fernanda.navarro34@gmail.com,28,Camisa Casual Verde,5,53.36,266.8
2484,2026-05-07 13:59:26,57,Luis Acosta,luis.acosta47@gmail.com,60,Jean Acid Wash,5,97.2,486.0
2485,2026-05-23 17:50:01,45,Fernanda Ruiz,fernanda.ruiz48@gmail.com,155,Lentes Urbanos,5,47.35,236.75
2486,2026-05-16 18:44:44,3,Daniel Suarez,daniel.suarez49@gmail.com,200,Chompa Retro Blanco,3,62.0,186.0
2487,2026-05-30 18:23:26,62,Diego Perez,diego.perez69@gmail.com,5,Camiseta Vintage Roja,3,21.85,65.55
2488,2026-05-13 14:38:35,3,Daniel Suarez,daniel.suarez49@gmail.com,200,Chompa Retro Blanco,2,62.0,124.0
2489,2026-05-10 04:46:30,9,Miguel Mora,miguel.mora18@gmail.com,134,Short Skate Negro,4,18.58,74.32
2490,2026-05-07 05:03:19,87,Emily Paspuel,emily.paspuel93@gmail.com,81,Hoodie Oversize Negro,4,35.97,143.88
2491,2026-05-27 19:21:19,51,Daniel Gomez,daniel.gomez14@gmail.com,26,Camisa Oversize Negra,3,50.62,151.86
2492,2026-05-23 08:40:45,86,Maria Flores,maria.flores52@gmail.com,151,Cadena Dorada,2,41.87,83.74
2493,2026-05-11 08:03:34,56,Luis Cruz,luis.cruz91@gmail.com,191,Polo Oversize Rojo,4,44.81,179.24
2494,2026-05-07 02:24:08,91,Camila Acosta,camila.acosta41@gmail.com,90,Hoodie Anime Tokyo,2,48.3,96.6
2495,2026-05-18 05:53:48,50,Juan Castro,juan.castro81@gmail.com,96,Hoodie Techwear Gris,3,56.52,169.56
2496,2026-05-08 05:37:14,13,Luis Lopez,luis.lopez65@gmail.com,181,Polo Oversize Negro,3,25.71,77.13
2497,2026-05-09 11:08:15,44,Fernanda Torres,fernanda.torres34@gmail.com,49,Jean Recto Azul,4,82.13,328.52
2498,2026-05-11 11:50:00,57,Luis Acosta,luis.acosta47@gmail.com,4,Camiseta Oversize Blanca,1,20.48,20.48
2499,2026-05-23 21:51:07,95,Ana Cruz,ana.cruz50@gmail.com,189,Conjunto Urban Morado,5,40.99,204.95
2500,2026-05-23 08:01:36,73,Miguel Navarro,miguel.navarro4@gmail.com,126,Short Running Azul,5,97.62,488.1
2501,2026-05-30 20:54:59,20,Carlos Lopez,carlos.lopez18@gmail.com,157,Bolso Crossbody Negro,1,50.09,50.09
2502,2026-05-07 09:06:10,38,Lucia Castro,lucia.castro3@gmail.com,194,Conjunto Minimalista Beige,4,50.54,202.16
2503,2026-05-17 13:22:19,74,Ana Mora,ana.mora16@gmail.com,3,Camiseta Oversize Negra,5,19.11,95.55
2504,2026-05-13 02:31:54,43,Jose Rojas,jose.rojas67@gmail.com,183,Tank Top Streetwear Azul,4,29.53,118.12
2505,2026-05-29 17:06:27,76,Maria Gomez,maria.gomez80@gmail.com,109,Chaqueta Oversize Gris,3,74.33,222.99
2506,2026-05-10 03:53:05,52,Camila Mora,camila.mora82@gmail.com,21,Camisa Formal Blanca,5,43.77,218.85
2507,2026-05-29 20:45:06,33,Emily Ruiz,emily.ruiz87@gmail.com,31,Camisa Coreana Blanca,5,57.47,287.35
2508,2026-05-28 09:38:01,7,Miguel Flores,miguel.flores68@gmail.com,135,Short Techwear Verde,3,19.95,59.85
2509,2026-05-09 22:56:38,25,Diego Suarez,diego.suarez45@gmail.com,71,Pantalon Formal Azul,3,22.27,66.81
2510,2026-05-23 19:17:21,73,Miguel Navarro,miguel.navarro4@gmail.com,23,Camisa Flannel Roja,5,46.51,232.55
2511,2026-05-04 04:17:32,14,Luis Flores,luis.flores15@gmail.com,195,Chompa Graphic Cafe,4,52.45,209.8
2512,2026-05-19 14:30:47,62,Diego Perez,diego.perez69@gmail.com,126,Short Running Azul,3,97.62,292.86
2513,2026-05-03 19:47:21,14,Luis Flores,luis.flores15@gmail.com,145,Beanie Negro,4,33.65,134.6
2514,2026-05-17 04:28:14,12,Sofia Gomez,sofia.gomez66@gmail.com,81,Hoodie Oversize Negro,4,35.97,143.88
2515,2026-05-21 13:51:15,20,Carlos Lopez,carlos.lopez18@gmail.com,154,Lentes Vintage,4,45.98,183.92
2516,2026-05-06 22:50:23,87,Emily Paspuel,emily.paspuel93@gmail.com,199,Conjunto Urban Negro,1,60.09,60.09
2517,2026-05-30 11:51:52,20,Carlos Lopez,carlos.lopez18@gmail.com,8,Camiseta Anime Tokyo,1,25.96,25.96
2518,2026-05-15 08:24:59,60,Diana Torres,diana.torres20@gmail.com,85,Hoodie Graphic Rojo,4,41.45,165.8
2519,2026-05-29 19:00:06,35,Ana Lopez,ana.lopez61@gmail.com,84,Hoodie Oversize Beige,3,40.08,120.24
2520,2026-05-04 16:07:37,66,Daniel Cruz,daniel.cruz12@gmail.com,57,Jean Loose Fit Azul,2,93.09,186.18
2521,2026-05-30 20:38:36,57,Luis Acosta,luis.acosta47@gmail.com,31,Camisa Coreana Blanca,3,57.47,172.41
2522,2026-05-20 17:29:49,29,Mateo Romero,mateo.romero24@gmail.com,19,Camiseta Distressed,2,41.03,82.06
2523,2026-05-06 23:22:57,19,Diana Romero,diana.romero86@gmail.com,141,Gorra Negra,2,28.17,56.34
2524,2026-05-25 09:33:34,71,Mateo Navarro,mateo.navarro72@gmail.com,153,Pulsera Acero,4,44.61,178.44
2525,2026-05-22 14:15:16,32,Pedro Cruz,pedro.cruz61@gmail.com,85,Hoodie Graphic Rojo,4,41.45,165.8
2526,2026-05-25 09:34:52,83,Maria Castro,maria.castro9@gmail.com,10,Camiseta Streetwear Urban,3,28.7,86.1
2527,2026-05-03 23:39:37,43,Jose Rojas,jose.rojas67@gmail.com,111,Chaqueta Puffer Blanca,1,77.07,77.07
2528,2026-05-21 15:38:33,83,Maria Castro,maria.castro9@gmail.com,42,Jean Baggy Azul Oscuro,3,72.54,217.62
2529,2026-05-15 04:13:47,54,Diego Flores,diego.flores78@gmail.com,123,Short Baggy Negro,5,93.51,467.55
2530,2026-05-15 14:50:22,7,Miguel Flores,miguel.flores68@gmail.com,102,Chaqueta Denim Negra,4,64.74,258.96
2531,2026-05-19 07:55:40,36,Andres Rojas,andres.rojas47@gmail.com,104,Chaqueta Bomber Verde,2,67.48,134.96
2532,2026-05-05 15:59:35,84,Daniel Flores,daniel.flores75@gmail.com,89,Hoodie Streetwear Negro,1,46.93,46.93
2533,2026-05-22 17:10:11,82,Sofia Romero,sofia.romero21@gmail.com,146,Beanie Gris,4,35.02,140.08
2534,2026-05-20 11:52:59,40,Luis Castro,luis.castro1@gmail.com,171,Sneakers Retro Gris,5,69.27,346.35
2535,2026-05-20 19:57:41,5,Daniel Acosta,daniel.acosta85@gmail.com,168,Botas Urbanas Negras,4,65.16,260.64
2536,2026-05-07 19:42:36,12,Sofia Gomez,sofia.gomez66@gmail.com,121,Short Deportivo Negro,5,90.77,453.85
2537,2026-05-08 14:08:16,35,Ana Lopez,ana.lopez61@gmail.com,35,Camisa Rayada Azul,5,62.95,314.75
2538,2026-05-24 17:51:59,10,Sofia Torres,sofia.torres60@gmail.com,13,Camiseta Acid Wash,3,32.81,98.43
2539,2026-05-23 01:27:05,59,Luis Paspuel,luis.paspuel81@gmail.com,27,Camisa Satinada Plateada,2,51.99,103.98
2540,2026-05-16 07:42:30,11,Ana Flores,ana.flores99@gmail.com,156,Mochila Streetwear,1,48.72,48.72
2541,2026-05-19 04:56:18,12,Sofia Gomez,sofia.gomez66@gmail.com,184,Conjunto Minimalista Rojo,1,31.44,31.44
2542,2026-05-06 12:52:40,87,Emily Paspuel,emily.paspuel93@gmail.com,159,Medias Blancas,5,52.83,264.15
2543,2026-05-25 14:43:13,73,Miguel Navarro,miguel.navarro4@gmail.com,15,Camiseta Oversize Gris,5,35.55,177.75
2544,2026-05-23 12:45:09,70,Diana Ruiz,diana.ruiz90@gmail.com,71,Pantalon Formal Azul,2,22.27,44.54
2545,2026-05-07 07:32:17,43,Jose Rojas,jose.rojas67@gmail.com,114,Chaqueta Techwear Gris,5,81.18,405.9
2546,2026-05-08 06:19:34,51,Daniel Gomez,daniel.gomez14@gmail.com,147,Beanie Blanco,3,36.39,109.17
2547,2026-05-01 00:02:54,35,Ana Lopez,ana.lopez61@gmail.com,73,Pantalon Deportivo Blanco,5,25.01,125.05
2548,2026-05-13 03:12:45,55,Ana Acosta,ana.acosta99@gmail.com,126,Short Running Azul,2,97.62,195.24
2549,2026-05-29 19:31:19,37,Camila Rojas,camila.rojas50@gmail.com,52,Jean Vintage Wash,5,86.24,431.2
2550,2026-05-30 21:07:21,70,Diana Ruiz,diana.ruiz90@gmail.com,193,Tank Top Streetwear Gris,3,48.63,145.89
2551,2026-05-26 17:35:50,59,Luis Paspuel,luis.paspuel81@gmail.com,100,Hoodie Monocromatico,1,62.0,62.0
2552,2026-05-12 15:11:04,89,Ana Gomez,ana.gomez98@gmail.com,7,Camiseta Vintage Verde,5,24.59,122.95
2553,2026-05-07 07:28:46,80,Mateo Gomez,mateo.gomez40@gmail.com,195,Chompa Graphic Cafe,5,52.45,262.25
2554,2026-05-09 09:19:19,43,Jose Rojas,jose.rojas67@gmail.com,191,Polo Oversize Rojo,5,44.81,224.05
2555,2026-05-22 22:02:51,45,Fernanda Ruiz,fernanda.ruiz48@gmail.com,107,Chaqueta Varsity Negra,4,71.59,286.36
2556,2026-05-09 12:22:41,74,Ana Mora,ana.mora16@gmail.com,4,Camiseta Oversize Blanca,3,20.48,61.44
2557,2026-05-03 21:42:29,20,Carlos Lopez,carlos.lopez18@gmail.com,95,Hoodie Acid Wash,4,55.15,220.6
2558,2026-05-07 12:36:58,99,Valeria Herrera,valeria.herrera1@gmail.com,16,Camiseta Oversize Cafe,4,36.92,147.68
2559,2026-05-08 18:49:45,78,Emily Herrera,emily.herrera26@gmail.com,15,Camiseta Oversize Gris,1,35.55,35.55
2560,2026-05-10 17:05:51,94,Valeria Flores,valeria.flores75@gmail.com,6,Camiseta Vintage Azul,4,23.22,92.88
2561,2026-05-28 02:36:18,48,Miguel Torres,miguel.torres90@gmail.com,130,Short Casual Blanco,1,103.1,103.1
2562,2026-05-02 03:45:37,69,Lucia Herrera,lucia.herrera62@gmail.com,40,Camisa Denim Azul,1,69.8,69.8
2563,2026-05-28 07:57:46,44,Fernanda Torres,fernanda.torres34@gmail.com,133,Short Oversize Beige,2,17.21,34.42
2564,2026-05-01 01:47:28,74,Ana Mora,ana.mora16@gmail.com,47,Jean Cargo Verde,2,79.39,158.78
2565,2026-05-23 06:07:25,95,Ana Cruz,ana.cruz50@gmail.com,12,Camiseta Minimalista Beige,5,31.44,157.2
2566,2026-05-20 07:50:07,19,Diana Romero,diana.romero86@gmail.com,102,Chaqueta Denim Negra,3,64.74,194.22
2567,2026-05-27 13:09:04,43,Jose Rojas,jose.rojas67@gmail.com,107,Chaqueta Varsity Negra,1,71.59,71.59
2568,2026-05-31 03:14:10,63,Luis Salazar,luis.salazar83@gmail.com,176,Sneakers Vintage Rojos,2,76.12,152.24
2569,2026-05-03 15:44:44,84,Daniel Flores,daniel.flores75@gmail.com,48,Jean Cargo Beige,3,80.76,242.28
2570,2026-05-26 05:31:02,96,Mateo Mora,mateo.mora34@gmail.com,101,Chaqueta Denim Azul Claro,3,63.37,190.11
2571,2026-05-31 21:48:52,6,Andres Flores,andres.flores67@gmail.com,167,Botas Urbanas Cafe,2,63.79,127.58
2572,2026-05-14 22:43:10,38,Lucia Castro,lucia.castro3@gmail.com,67,Pantalon Wide Leg Negro,1,16.79,16.79
2573,2026-05-10 17:48:40,89,Ana Gomez,ana.gomez98@gmail.com,113,Chaqueta Streetwear Verde,3,79.81,239.43
2574,2026-05-09 08:10:04,79,Valeria Cruz,valeria.cruz58@gmail.com,160,Medias Negras,5,54.2,271.0
2575,2026-05-30 05:43:42,73,Miguel Navarro,miguel.navarro4@gmail.com,148,Cinturon Negro,5,37.76,188.8
2576,2026-05-05 20:37:56,46,Daniel Mora,daniel.mora2@gmail.com,165,Converse Negras,1,61.05,61.05
2577,2026-05-27 03:00:14,81,Carlos Perez,carlos.perez8@gmail.com,54,Jean Relaxed Fit Negro,3,88.98,266.94
2578,2026-05-03 21:23:03,18,Diego Lopez,diego.lopez92@gmail.com,70,Pantalon Streetwear Negro,4,20.9,83.6
2579,2026-05-16 01:15:11,35,Ana Lopez,ana.lopez61@gmail.com,35,Camisa Rayada Azul,5,62.95,314.75
2580,2026-05-02 04:46:40,40,Luis Castro,luis.castro1@gmail.com,44,Jean Baggy Gris,4,75.28,301.12
2581,2026-05-04 15:08:42,22,Emily Perez,emily.perez82@gmail.com,157,Bolso Crossbody Negro,3,50.09,150.27
2582,2026-05-06 05:27:29,41,Luis Gomez,luis.gomez94@gmail.com,40,Camisa Denim Azul,5,69.8,349.0
2583,2026-05-13 08:54:42,2,Carlos Suarez,carlos.suarez87@gmail.com,14,Camiseta Boxy Fit,1,34.18,34.18
2584,2026-05-06 23:28:44,20,Carlos Lopez,carlos.lopez18@gmail.com,18,Camiseta Hip Hop,3,39.66,118.98
2585,2026-05-07 16:39:02,38,Lucia Castro,lucia.castro3@gmail.com,97,Hoodie Urban Blue,4,57.89,231.56
2586,2026-05-13 17:23:05,46,Daniel Mora,daniel.mora2@gmail.com,170,Zapatos Formales Negros,1,67.9,67.9
2587,2026-05-01 11:45:55,93,Fernanda Benitez,fernanda.benitez10@gmail.com,143,Gorra Roja,5,30.91,154.55
2588,2026-05-31 05:42:13,51,Daniel Gomez,daniel.gomez14@gmail.com,170,Zapatos Formales Negros,5,67.9,339.5
2589,2026-05-17 17:51:17,15,Jose Castro,jose.castro82@gmail.com,185,Chompa Graphic Verde,3,33.35,100.05
2590,2026-05-31 21:35:17,45,Fernanda Ruiz,fernanda.ruiz48@gmail.com,93,Hoodie Zip Up Gris,4,52.41,209.64
2591,2026-05-29 12:44:15,33,Emily Ruiz,emily.ruiz87@gmail.com,151,Cadena Dorada,5,41.87,209.35
2592,2026-05-25 19:23:55,1,Jose Suarez,jose.suarez11@gmail.com,36,Camisa Slim Fit Blanca,1,64.32,64.32
2593,2026-05-25 15:17:37,56,Luis Cruz,luis.cruz91@gmail.com,122,Short Deportivo Gris,3,92.14,276.42
2594,2026-05-14 09:40:33,55,Ana Acosta,ana.acosta99@gmail.com,109,Chaqueta Oversize Gris,3,74.33,222.99
2595,2026-05-01 15:51:52,96,Mateo Mora,mateo.mora34@gmail.com,174,Sneakers Minimalistas,1,73.38,73.38
2596,2026-05-05 22:38:25,96,Mateo Mora,mateo.mora34@gmail.com,35,Camisa Rayada Azul,5,62.95,314.75
2597,2026-05-02 21:58:33,99,Valeria Herrera,valeria.herrera1@gmail.com,87,Hoodie Vintage Gris,2,44.19,88.38
2598,2026-05-11 21:08:26,93,Fernanda Benitez,fernanda.benitez10@gmail.com,101,Chaqueta Denim Azul Claro,1,63.37,63.37
2599,2026-05-14 18:07:04,77,Jose Lopez,jose.lopez69@gmail.com,161,Zapatillas Urbanas Blancas,3,55.57,166.71
2600,2026-05-03 01:26:36,55,Ana Acosta,ana.acosta99@gmail.com,84,Hoodie Oversize Beige,5,40.08,200.4
2601,2026-05-27 15:59:49,68,Miguel Rojas,miguel.rojas85@gmail.com,42,Jean Baggy Azul Oscuro,1,72.54,72.54
2602,2026-05-05 06:11:13,25,Diego Suarez,diego.suarez45@gmail.com,69,Pantalon Streetwear Gris,5,19.53,97.65
2603,2026-05-14 07:56:39,98,Ana Navarro,ana.navarro44@gmail.com,24,Camisa Flannel Azul,5,47.88,239.4
2604,2026-05-23 21:07:32,65,Paula Vega,paula.vega31@gmail.com,25,Camisa Oversize Beige,1,49.25,49.25
2605,2026-05-19 10:16:33,49,Miguel Benitez,miguel.benitez4@gmail.com,138,Short Monocromatico Negro,3,24.06,72.18
2606,2026-05-05 10:48:24,92,Paula Torres,paula.torres53@gmail.com,22,Camisa Formal Negra,5,45.14,225.7
2607,2026-05-14 02:20:31,66,Daniel Cruz,daniel.cruz12@gmail.com,92,Hoodie Minimalista Negro,4,51.04,204.16
2608,2026-05-27 19:45:44,75,Miguel Vega,miguel.vega53@gmail.com,53,Jean Wide Leg Gris,1,87.61,87.61
2609,2026-05-08 07:00:44,46,Daniel Mora,daniel.mora2@gmail.com,60,Jean Acid Wash,5,97.2,486.0
2610,2026-05-03 01:09:49,30,Lucia Acosta,lucia.acosta28@gmail.com,67,Pantalon Wide Leg Negro,1,16.79,16.79
2611,2026-05-11 18:43:41,9,Miguel Mora,miguel.mora18@gmail.com,174,Sneakers Minimalistas,2,73.38,146.76
2612,2026-05-14 23:17:21,87,Emily Paspuel,emily.paspuel93@gmail.com,194,Conjunto Minimalista Beige,1,50.54,50.54
2613,2026-05-19 17:08:10,52,Camila Mora,camila.mora82@gmail.com,137,Short Minimalista Blanco,3,22.69,68.07
2614,2026-05-15 22:15:36,74,Ana Mora,ana.mora16@gmail.com,34,Camisa Streetwear Negra,3,61.58,184.74
2615,2026-05-24 05:04:10,97,Diego Rojas,diego.rojas44@gmail.com,125,Short Cargo Verde,5,96.25,481.25
2616,2026-05-16 12:38:46,45,Fernanda Ruiz,fernanda.ruiz48@gmail.com,69,Pantalon Streetwear Gris,4,19.53,78.12
2617,2026-05-01 02:21:17,22,Emily Perez,emily.perez82@gmail.com,82,Hoodie Oversize Blanco,1,37.34,37.34
2618,2026-05-01 15:56:08,13,Luis Lopez,luis.lopez65@gmail.com,81,Hoodie Oversize Negro,5,35.97,179.85
2619,2026-05-03 15:32:50,56,Luis Cruz,luis.cruz91@gmail.com,109,Chaqueta Oversize Gris,1,74.33,74.33
2620,2026-05-11 21:12:08,57,Luis Acosta,luis.acosta47@gmail.com,164,Zapatillas Running Rojas,5,59.68,298.4
2621,2026-05-14 16:53:45,54,Diego Flores,diego.flores78@gmail.com,41,Jean Baggy Azul Claro,4,71.17,284.68
2622,2026-05-24 21:44:08,44,Fernanda Torres,fernanda.torres34@gmail.com,60,Jean Acid Wash,5,97.2,486.0
2623,2026-05-24 09:35:14,53,Fernanda Paspuel,fernanda.paspuel45@gmail.com,111,Chaqueta Puffer Blanca,1,77.07,77.07
2624,2026-05-16 06:44:00,35,Ana Lopez,ana.lopez61@gmail.com,45,Jean Skinny Azul,3,76.65,229.95
2625,2026-05-19 17:55:52,15,Jose Castro,jose.castro82@gmail.com,161,Zapatillas Urbanas Blancas,4,55.57,222.28
2626,2026-05-20 01:03:55,71,Mateo Navarro,mateo.navarro72@gmail.com,184,Conjunto Minimalista Rojo,3,31.44,94.32
2627,2026-05-23 05:53:10,33,Emily Ruiz,emily.ruiz87@gmail.com,111,Chaqueta Puffer Blanca,3,77.07,231.21
2628,2026-05-07 18:19:40,56,Luis Cruz,luis.cruz91@gmail.com,25,Camisa Oversize Beige,2,49.25,98.5
2629,2026-05-25 15:40:44,11,Ana Flores,ana.flores99@gmail.com,83,Hoodie Oversize Gris,3,38.71,116.13
2630,2026-05-16 23:54:43,78,Emily Herrera,emily.herrera26@gmail.com,192,Sudadera Vintage Verde,3,46.72,140.16
2631,2026-05-18 13:28:52,21,Lucia Suarez,lucia.suarez43@gmail.com,88,Hoodie Streetwear Blanco,4,45.56,182.24
2632,2026-05-06 20:07:26,79,Valeria Cruz,valeria.cruz58@gmail.com,177,Tenis Deportivos Blancos,2,77.49,154.98
2633,2026-05-12 06:01:19,80,Mateo Gomez,mateo.gomez40@gmail.com,32,Camisa Lino Beige,5,58.84,294.2
2634,2026-05-24 22:21:23,55,Ana Acosta,ana.acosta99@gmail.com,103,Chaqueta Bomber Negra,1,66.11,66.11
2635,2026-05-08 08:26:31,38,Lucia Castro,lucia.castro3@gmail.com,123,Short Baggy Negro,5,93.51,467.55
2636,2026-05-01 09:43:15,57,Luis Acosta,luis.acosta47@gmail.com,16,Camiseta Oversize Cafe,5,36.92,184.6
2637,2026-05-29 13:14:52,79,Valeria Cruz,valeria.cruz58@gmail.com,158,Riñonera Gris,5,51.46,257.3
2638,2026-05-21 04:13:31,60,Diana Torres,diana.torres20@gmail.com,38,Camisa Vintage Cafe,4,67.06,268.24
2639,2026-05-16 23:40:29,7,Miguel Flores,miguel.flores68@gmail.com,199,Conjunto Urban Negro,4,60.09,240.36
2640,2026-05-18 02:06:28,49,Miguel Benitez,miguel.benitez4@gmail.com,121,Short Deportivo Negro,1,90.77,90.77
2641,2026-05-18 16:39:50,34,Camila Paspuel,camila.paspuel92@gmail.com,120,Chaqueta Urban Black,5,89.4,447.0
2642,2026-05-31 19:16:33,96,Mateo Mora,mateo.mora34@gmail.com,93,Hoodie Zip Up Gris,5,52.41,262.05
2643,2026-05-04 16:35:32,30,Lucia Acosta,lucia.acosta28@gmail.com,171,Sneakers Retro Gris,3,69.27,207.81
2644,2026-05-03 03:13:28,78,Emily Herrera,emily.herrera26@gmail.com,105,Chaqueta Cuero Negra,3,68.85,206.55
2645,2026-05-19 17:39:44,39,Ana Castro,ana.castro27@gmail.com,148,Cinturon Negro,3,37.76,113.28
2646,2026-05-19 03:05:58,51,Daniel Gomez,daniel.gomez14@gmail.com,26,Camisa Oversize Negra,4,50.62,202.48
2647,2026-05-16 17:47:42,77,Jose Lopez,jose.lopez69@gmail.com,129,Short Casual Azul,5,101.73,508.65
2648,2026-05-24 02:42:49,29,Mateo Romero,mateo.romero24@gmail.com,30,Camisa Manga Corta Azul,3,56.1,168.3
2649,2026-05-26 07:11:41,12,Sofia Gomez,sofia.gomez66@gmail.com,67,Pantalon Wide Leg Negro,4,16.79,67.16
2650,2026-05-19 17:05:14,28,Fernanda Acosta,fernanda.acosta52@gmail.com,168,Botas Urbanas Negras,2,65.16,130.32
2651,2026-05-16 12:34:41,82,Sofia Romero,sofia.romero21@gmail.com,163,Zapatillas Running Azul,1,58.31,58.31
2652,2026-05-05 21:17:06,64,Emily Salazar,emily.salazar93@gmail.com,97,Hoodie Urban Blue,1,57.89,57.89
2653,2026-05-31 06:33:13,59,Luis Paspuel,luis.paspuel81@gmail.com,195,Chompa Graphic Cafe,4,52.45,209.8
2654,2026-05-07 13:25:46,25,Diego Suarez,diego.suarez45@gmail.com,78,Pantalon Recto Beige,5,31.86,159.3
2655,2026-05-19 11:22:59,42,Fernanda Navarro,fernanda.navarro34@gmail.com,139,Short Acid Wash,2,25.43,50.86
2656,2026-05-29 08:11:22,9,Miguel Mora,miguel.mora18@gmail.com,12,Camiseta Minimalista Beige,2,31.44,62.88
2657,2026-05-21 03:22:41,82,Sofia Romero,sofia.romero21@gmail.com,143,Gorra Roja,1,30.91,30.91
2658,2026-05-02 12:09:44,14,Luis Flores,luis.flores15@gmail.com,89,Hoodie Streetwear Negro,4,46.93,187.72
2659,2026-05-24 19:46:54,86,Maria Flores,maria.flores52@gmail.com,167,Botas Urbanas Cafe,3,63.79,191.37
2660,2026-05-12 22:57:24,78,Emily Herrera,emily.herrera26@gmail.com,56,Jean Streetwear Gris,3,91.72,275.16
2661,2026-05-28 21:36:46,44,Fernanda Torres,fernanda.torres34@gmail.com,121,Short Deportivo Negro,4,90.77,363.08
2662,2026-05-11 16:49:01,48,Miguel Torres,miguel.torres90@gmail.com,59,Jean Urban Denim,5,95.83,479.15
2663,2026-05-24 12:25:58,71,Mateo Navarro,mateo.navarro72@gmail.com,121,Short Deportivo Negro,2,90.77,181.54
2664,2026-05-22 13:34:43,44,Fernanda Torres,fernanda.torres34@gmail.com,112,Chaqueta Puffer Negra,5,78.44,392.2
2665,2026-05-08 03:46:58,29,Mateo Romero,mateo.romero24@gmail.com,4,Camiseta Oversize Blanca,5,20.48,102.4
2666,2026-05-23 22:48:22,62,Diego Perez,diego.perez69@gmail.com,89,Hoodie Streetwear Negro,4,46.93,187.72
2667,2026-05-24 07:18:14,92,Paula Torres,paula.torres53@gmail.com,143,Gorra Roja,1,30.91,30.91
2668,2026-05-14 23:01:18,90,Andres Ruiz,andres.ruiz70@gmail.com,4,Camiseta Oversize Blanca,3,20.48,61.44
2669,2026-05-01 19:21:10,45,Fernanda Ruiz,fernanda.ruiz48@gmail.com,134,Short Skate Negro,4,18.58,74.32
2670,2026-05-25 14:26:46,53,Fernanda Paspuel,fernanda.paspuel45@gmail.com,97,Hoodie Urban Blue,2,57.89,115.78
2671,2026-05-03 08:13:11,39,Ana Castro,ana.castro27@gmail.com,73,Pantalon Deportivo Blanco,3,25.01,75.03
2672,2026-05-08 08:02:54,91,Camila Acosta,camila.acosta41@gmail.com,52,Jean Vintage Wash,4,86.24,344.96
2673,2026-05-26 13:11:45,79,Valeria Cruz,valeria.cruz58@gmail.com,163,Zapatillas Running Azul,3,58.31,174.93
2674,2026-05-23 12:50:46,73,Miguel Navarro,miguel.navarro4@gmail.com,194,Conjunto Minimalista Beige,3,50.54,151.62
2675,2026-05-06 03:49:14,88,Sofia Paspuel,sofia.paspuel45@gmail.com,124,Short Baggy Beige,5,94.88,474.4
2676,2026-05-22 05:17:27,62,Diego Perez,diego.perez69@gmail.com,77,Pantalon Casual Cafe,5,30.49,152.45
2677,2026-05-14 16:15:28,11,Ana Flores,ana.flores99@gmail.com,19,Camiseta Distressed,5,41.03,205.15
2678,2026-05-01 01:36:26,28,Fernanda Acosta,fernanda.acosta52@gmail.com,47,Jean Cargo Verde,5,79.39,396.95
2679,2026-05-26 02:56:13,50,Juan Castro,juan.castro81@gmail.com,114,Chaqueta Techwear Gris,5,81.18,405.9
2680,2026-05-15 14:20:37,94,Valeria Flores,valeria.flores75@gmail.com,67,Pantalon Wide Leg Negro,5,16.79,83.95
2681,2026-05-20 17:57:35,55,Ana Acosta,ana.acosta99@gmail.com,12,Camiseta Minimalista Beige,1,31.44,31.44
2682,2026-05-04 20:18:37,37,Camila Rojas,camila.rojas50@gmail.com,10,Camiseta Streetwear Urban,3,28.7,86.1
2683,2026-05-03 10:23:13,97,Diego Rojas,diego.rojas44@gmail.com,21,Camisa Formal Blanca,2,43.77,87.54
2684,2026-05-10 07:43:19,62,Diego Perez,diego.perez69@gmail.com,153,Pulsera Acero,4,44.61,178.44
2685,2026-05-13 19:29:18,40,Luis Castro,luis.castro1@gmail.com,107,Chaqueta Varsity Negra,3,71.59,214.77
2686,2026-05-10 18:00:01,61,Ana Benitez,ana.benitez19@gmail.com,66,Pantalon Jogger Azul,1,15.42,15.42
2687,2026-05-19 06:59:06,11,Ana Flores,ana.flores99@gmail.com,99,Hoodie College Green,1,60.63,60.63
2688,2026-05-10 02:46:54,69,Lucia Herrera,lucia.herrera62@gmail.com,20,Camiseta Monocromatica,5,42.4,212.0
2689,2026-05-12 14:27:50,93,Fernanda Benitez,fernanda.benitez10@gmail.com,70,Pantalon Streetwear Negro,1,20.9,20.9
2690,2026-05-24 11:52:11,2,Carlos Suarez,carlos.suarez87@gmail.com,17,Camiseta Skate,3,38.29,114.87
2691,2026-05-17 13:11:02,63,Luis Salazar,luis.salazar83@gmail.com,72,Pantalon Formal Negro,5,23.64,118.2
2692,2026-05-16 20:44:05,77,Jose Lopez,jose.lopez69@gmail.com,69,Pantalon Streetwear Gris,1,19.53,19.53
2693,2026-05-02 01:27:04,51,Daniel Gomez,daniel.gomez14@gmail.com,147,Beanie Blanco,2,36.39,72.78
2694,2026-05-06 12:10:58,12,Sofia Gomez,sofia.gomez66@gmail.com,101,Chaqueta Denim Azul Claro,4,63.37,253.48
2695,2026-05-11 19:58:43,13,Luis Lopez,luis.lopez65@gmail.com,185,Chompa Graphic Verde,1,33.35,33.35
2696,2026-05-11 01:41:40,4,Pedro Salazar,pedro.salazar91@gmail.com,65,Pantalon Jogger Negro,4,104.05,416.2
2697,2026-05-03 10:12:43,25,Diego Suarez,diego.suarez45@gmail.com,60,Jean Acid Wash,3,97.2,291.6
2698,2026-05-06 17:50:55,2,Carlos Suarez,carlos.suarez87@gmail.com,69,Pantalon Streetwear Gris,4,19.53,78.12
2699,2026-05-11 00:02:23,6,Andres Flores,andres.flores67@gmail.com,109,Chaqueta Oversize Gris,4,74.33,297.32
2700,2026-05-07 04:17:40,34,Camila Paspuel,camila.paspuel92@gmail.com,72,Pantalon Formal Negro,1,23.64,23.64
2701,2026-05-12 09:18:46,22,Emily Perez,emily.perez82@gmail.com,157,Bolso Crossbody Negro,4,50.09,200.36
2702,2026-05-11 12:44:12,68,Miguel Rojas,miguel.rojas85@gmail.com,200,Chompa Retro Blanco,3,62.0,186.0
2703,2026-05-10 11:04:37,22,Emily Perez,emily.perez82@gmail.com,50,Jean Recto Negro,2,83.5,167.0
2704,2026-05-06 23:34:35,67,Miguel Paspuel,miguel.paspuel30@gmail.com,106,Chaqueta Varsity Roja,4,70.22,280.88
2705,2026-05-01 12:50:37,78,Emily Herrera,emily.herrera26@gmail.com,94,Hoodie Boxy Fit Negro,3,53.78,161.34
2706,2026-05-18 02:20:09,90,Andres Ruiz,andres.ruiz70@gmail.com,63,Pantalon Cargo Verde,3,101.31,303.93
2707,2026-05-01 10:23:01,96,Mateo Mora,mateo.mora34@gmail.com,17,Camiseta Skate,4,38.29,153.16
2708,2026-05-24 01:48:54,40,Luis Castro,luis.castro1@gmail.com,157,Bolso Crossbody Negro,3,50.09,150.27
2709,2026-05-14 06:29:23,40,Luis Castro,luis.castro1@gmail.com,49,Jean Recto Azul,4,82.13,328.52
2710,2026-05-29 05:58:26,86,Maria Flores,maria.flores52@gmail.com,154,Lentes Vintage,1,45.98,45.98
2711,2026-05-19 21:44:14,14,Luis Flores,luis.flores15@gmail.com,178,Tenis Deportivos Negros,2,78.86,157.72
2712,2026-05-18 21:30:38,22,Emily Perez,emily.perez82@gmail.com,197,Sudadera Boxy Fit Celeste,5,56.27,281.35
2713,2026-05-16 21:39:22,38,Lucia Castro,lucia.castro3@gmail.com,11,Camiseta Retro 90s,5,30.07,150.35
2714,2026-05-21 02:34:32,68,Miguel Rojas,miguel.rojas85@gmail.com,69,Pantalon Streetwear Gris,5,19.53,97.65
2715,2026-05-29 22:00:54,14,Luis Flores,luis.flores15@gmail.com,48,Jean Cargo Beige,3,80.76,242.28
2716,2026-05-27 02:50:20,43,Jose Rojas,jose.rojas67@gmail.com,6,Camiseta Vintage Azul,2,23.22,46.44
2717,2026-05-10 06:07:02,58,Carlos Vega,carlos.vega32@gmail.com,75,Pantalon Tactical Verde,3,27.75,83.25
2718,2026-05-19 13:16:04,37,Camila Rojas,camila.rojas50@gmail.com,52,Jean Vintage Wash,4,86.24,344.96
2719,2026-05-02 13:17:07,37,Camila Rojas,camila.rojas50@gmail.com,70,Pantalon Streetwear Negro,2,20.9,41.8
2720,2026-05-24 13:05:13,91,Camila Acosta,camila.acosta41@gmail.com,103,Chaqueta Bomber Negra,5,66.11,330.55
2721,2026-05-22 01:11:58,12,Sofia Gomez,sofia.gomez66@gmail.com,110,Chaqueta Impermeable Negra,5,75.7,378.5
2722,2026-05-17 17:15:04,14,Luis Flores,luis.flores15@gmail.com,58,Jean Oversize Negro,3,94.46,283.38
2723,2026-05-29 11:54:35,20,Carlos Lopez,carlos.lopez18@gmail.com,81,Hoodie Oversize Negro,2,35.97,71.94
2724,2026-05-10 03:49:06,69,Lucia Herrera,lucia.herrera62@gmail.com,169,Zapatos Casuales Beige,2,66.53,133.06
2725,2026-05-16 07:07:51,72,Mateo Paspuel,mateo.paspuel64@gmail.com,187,Sudadera Boxy Fit Beige,1,37.17,37.17
2726,2026-05-02 20:02:12,29,Mateo Romero,mateo.romero24@gmail.com,196,Polo Acid Wash Morado,5,54.36,271.8
2727,2026-05-17 21:28:51,2,Carlos Suarez,carlos.suarez87@gmail.com,109,Chaqueta Oversize Gris,3,74.33,222.99
2728,2026-05-12 23:05:35,90,Andres Ruiz,andres.ruiz70@gmail.com,75,Pantalon Tactical Verde,4,27.75,111.0
2729,2026-05-11 17:26:55,42,Fernanda Navarro,fernanda.navarro34@gmail.com,127,Short Basketball Rojo,2,98.99,197.98
2730,2026-05-14 19:41:58,60,Diana Torres,diana.torres20@gmail.com,7,Camiseta Vintage Verde,3,24.59,73.77
2731,2026-05-22 22:37:23,38,Lucia Castro,lucia.castro3@gmail.com,62,Pantalon Cargo Beige,3,99.94,299.82
2732,2026-05-17 22:00:26,69,Lucia Herrera,lucia.herrera62@gmail.com,76,Pantalon Techwear Negro,1,29.12,29.12
2733,2026-05-20 14:01:29,61,Ana Benitez,ana.benitez19@gmail.com,15,Camiseta Oversize Gris,3,35.55,106.65
2734,2026-05-09 18:17:42,40,Luis Castro,luis.castro1@gmail.com,131,Short Vintage Denim,3,104.47,313.41
2735,2026-05-29 17:29:44,57,Luis Acosta,luis.acosta47@gmail.com,72,Pantalon Formal Negro,3,23.64,70.92
2736,2026-05-10 14:52:55,30,Lucia Acosta,lucia.acosta28@gmail.com,148,Cinturon Negro,4,37.76,151.04
2737,2026-05-17 17:05:42,76,Maria Gomez,maria.gomez80@gmail.com,61,Pantalon Cargo Negro,3,98.57,295.71
2738,2026-05-21 12:40:59,81,Carlos Perez,carlos.perez8@gmail.com,71,Pantalon Formal Azul,3,22.27,66.81
2739,2026-05-18 20:20:36,32,Pedro Cruz,pedro.cruz61@gmail.com,109,Chaqueta Oversize Gris,5,74.33,371.65
2740,2026-05-23 05:42:04,6,Andres Flores,andres.flores67@gmail.com,195,Chompa Graphic Cafe,3,52.45,157.35
2741,2026-05-12 08:49:24,65,Paula Vega,paula.vega31@gmail.com,113,Chaqueta Streetwear Verde,5,79.81,399.05
2742,2026-05-10 22:01:57,29,Mateo Romero,mateo.romero24@gmail.com,19,Camiseta Distressed,2,41.03,82.06
2743,2026-05-16 15:48:13,40,Luis Castro,luis.castro1@gmail.com,3,Camiseta Oversize Negra,4,19.11,76.44
2744,2026-05-10 08:33:27,10,Sofia Torres,sofia.torres60@gmail.com,82,Hoodie Oversize Blanco,1,37.34,37.34
2745,2026-05-09 20:35:58,91,Camila Acosta,camila.acosta41@gmail.com,127,Short Basketball Rojo,3,98.99,296.97
2746,2026-05-22 14:59:14,49,Miguel Benitez,miguel.benitez4@gmail.com,170,Zapatos Formales Negros,4,67.9,271.6
2747,2026-05-10 09:13:36,97,Diego Rojas,diego.rojas44@gmail.com,34,Camisa Streetwear Negra,2,61.58,123.16
2748,2026-05-07 06:06:56,96,Mateo Mora,mateo.mora34@gmail.com,23,Camisa Flannel Roja,2,46.51,93.02
2749,2026-05-26 22:46:52,32,Pedro Cruz,pedro.cruz61@gmail.com,94,Hoodie Boxy Fit Negro,4,53.78,215.12
2750,2026-05-27 22:09:07,95,Ana Cruz,ana.cruz50@gmail.com,66,Pantalon Jogger Azul,1,15.42,15.42
2751,2026-05-27 15:49:48,3,Daniel Suarez,daniel.suarez49@gmail.com,1,Camiseta Basica Negra,4,16.37,65.48
2752,2026-05-20 07:09:14,78,Emily Herrera,emily.herrera26@gmail.com,31,Camisa Coreana Blanca,1,57.47,57.47
2753,2026-05-02 16:03:36,18,Diego Lopez,diego.lopez92@gmail.com,172,Sneakers Chunky Blancos,3,70.64,211.92
2754,2026-05-07 15:21:05,40,Luis Castro,luis.castro1@gmail.com,135,Short Techwear Verde,2,19.95,39.9
2755,2026-05-21 10:58:02,91,Camila Acosta,camila.acosta41@gmail.com,8,Camiseta Anime Tokyo,2,25.96,51.92
2756,2026-05-18 14:23:35,49,Miguel Benitez,miguel.benitez4@gmail.com,168,Botas Urbanas Negras,5,65.16,325.8
2757,2026-05-24 11:48:56,12,Sofia Gomez,sofia.gomez66@gmail.com,68,Pantalon Wide Leg Beige,4,18.16,72.64
2758,2026-05-13 23:16:19,100,Ana Torres,ana.torres87@gmail.com,58,Jean Oversize Negro,3,94.46,283.38
2759,2026-05-17 15:39:01,85,Fernanda Herrera,fernanda.herrera13@gmail.com,16,Camiseta Oversize Cafe,5,36.92,184.6
2760,2026-05-02 04:18:29,50,Juan Castro,juan.castro81@gmail.com,17,Camiseta Skate,4,38.29,153.16
2761,2026-05-23 23:44:32,39,Ana Castro,ana.castro27@gmail.com,97,Hoodie Urban Blue,2,57.89,115.78
2762,2026-05-07 05:35:19,36,Andres Rojas,andres.rojas47@gmail.com,62,Pantalon Cargo Beige,3,99.94,299.82
2763,2026-05-27 18:36:41,1,Jose Suarez,jose.suarez11@gmail.com,45,Jean Skinny Azul,1,76.65,76.65
2764,2026-05-27 06:57:05,93,Fernanda Benitez,fernanda.benitez10@gmail.com,131,Short Vintage Denim,1,104.47,104.47
2765,2026-05-04 12:33:04,55,Ana Acosta,ana.acosta99@gmail.com,146,Beanie Gris,4,35.02,140.08
2766,2026-05-18 15:07:51,20,Carlos Lopez,carlos.lopez18@gmail.com,150,Cadena Plateada,5,40.5,202.5
2767,2026-05-14 14:03:45,67,Miguel Paspuel,miguel.paspuel30@gmail.com,89,Hoodie Streetwear Negro,3,46.93,140.79
2768,2026-05-28 20:07:08,5,Daniel Acosta,daniel.acosta85@gmail.com,150,Cadena Plateada,1,40.5,40.5
2769,2026-05-30 17:04:22,30,Lucia Acosta,lucia.acosta28@gmail.com,152,Pulsera Cuero Negra,3,43.24,129.72
2770,2026-05-22 06:00:56,13,Luis Lopez,luis.lopez65@gmail.com,44,Jean Baggy Gris,5,75.28,376.4
2771,2026-05-03 04:54:56,34,Camila Paspuel,camila.paspuel92@gmail.com,63,Pantalon Cargo Verde,3,101.31,303.93
2772,2026-05-26 17:45:46,6,Andres Flores,andres.flores67@gmail.com,174,Sneakers Minimalistas,5,73.38,366.9
2773,2026-05-19 12:08:47,13,Luis Lopez,luis.lopez65@gmail.com,64,Pantalon Jogger Gris,5,102.68,513.4
2774,2026-05-20 10:25:19,58,Carlos Vega,carlos.vega32@gmail.com,3,Camiseta Oversize Negra,4,19.11,76.44
2775,2026-05-05 08:29:04,86,Maria Flores,maria.flores52@gmail.com,189,Conjunto Urban Morado,5,40.99,204.95
2776,2026-05-15 08:36:16,50,Juan Castro,juan.castro81@gmail.com,79,Pantalon Urban Fit,3,33.23,99.69
2777,2026-05-01 04:36:55,91,Camila Acosta,camila.acosta41@gmail.com,4,Camiseta Oversize Blanca,5,20.48,102.4
2778,2026-05-24 22:18:19,29,Mateo Romero,mateo.romero24@gmail.com,103,Chaqueta Bomber Negra,5,66.11,330.55
2779,2026-05-01 17:02:28,16,Miguel Romero,miguel.romero59@gmail.com,57,Jean Loose Fit Azul,2,93.09,186.18
2780,2026-05-19 18:38:28,89,Ana Gomez,ana.gomez98@gmail.com,176,Sneakers Vintage Rojos,2,76.12,152.24
2781,2026-05-21 17:44:00,22,Emily Perez,emily.perez82@gmail.com,24,Camisa Flannel Azul,3,47.88,143.64
2782,2026-05-01 17:46:52,55,Ana Acosta,ana.acosta99@gmail.com,5,Camiseta Vintage Roja,1,21.85,21.85
2783,2026-05-11 23:22:40,68,Miguel Rojas,miguel.rojas85@gmail.com,54,Jean Relaxed Fit Negro,2,88.98,177.96
2784,2026-05-28 16:58:48,43,Jose Rojas,jose.rojas67@gmail.com,11,Camiseta Retro 90s,5,30.07,150.35
2785,2026-05-13 18:07:48,57,Luis Acosta,luis.acosta47@gmail.com,2,Camiseta Basica Blanca,2,17.74,35.48
2786,2026-05-14 23:24:57,92,Paula Torres,paula.torres53@gmail.com,51,Jean Destroyed Azul,1,84.87,84.87
2787,2026-05-08 00:07:19,40,Luis Castro,luis.castro1@gmail.com,195,Chompa Graphic Cafe,4,52.45,209.8
2788,2026-05-03 05:27:35,46,Daniel Mora,daniel.mora2@gmail.com,164,Zapatillas Running Rojas,4,59.68,238.72
2789,2026-05-07 17:44:24,22,Emily Perez,emily.perez82@gmail.com,15,Camiseta Oversize Gris,3,35.55,106.65
2790,2026-05-24 21:59:36,78,Emily Herrera,emily.herrera26@gmail.com,147,Beanie Blanco,2,36.39,72.78
2791,2026-05-17 08:42:49,86,Maria Flores,maria.flores52@gmail.com,24,Camisa Flannel Azul,3,47.88,143.64
2792,2026-05-23 01:21:51,51,Daniel Gomez,daniel.gomez14@gmail.com,56,Jean Streetwear Gris,2,91.72,183.44
2793,2026-05-25 22:48:55,29,Mateo Romero,mateo.romero24@gmail.com,97,Hoodie Urban Blue,2,57.89,115.78
2794,2026-05-16 11:37:06,39,Ana Castro,ana.castro27@gmail.com,93,Hoodie Zip Up Gris,4,52.41,209.64
2795,2026-05-20 00:42:54,85,Fernanda Herrera,fernanda.herrera13@gmail.com,50,Jean Recto Negro,2,83.5,167.0
2796,2026-05-01 05:24:01,40,Luis Castro,luis.castro1@gmail.com,69,Pantalon Streetwear Gris,2,19.53,39.06
2797,2026-05-16 18:57:31,39,Ana Castro,ana.castro27@gmail.com,148,Cinturon Negro,5,37.76,188.8
2798,2026-05-14 07:25:50,23,Camila Castro,camila.castro71@gmail.com,120,Chaqueta Urban Black,4,89.4,357.6
2799,2026-05-09 12:01:51,67,Miguel Paspuel,miguel.paspuel30@gmail.com,162,Zapatillas Urbanas Negras,2,56.94,113.88
2800,2026-05-10 16:41:01,88,Sofia Paspuel,sofia.paspuel45@gmail.com,193,Tank Top Streetwear Gris,2,48.63,97.26
2801,2026-05-04 01:00:08,49,Miguel Benitez,miguel.benitez4@gmail.com,105,Chaqueta Cuero Negra,1,68.85,68.85
2802,2026-05-22 22:33:18,39,Ana Castro,ana.castro27@gmail.com,87,Hoodie Vintage Gris,3,44.19,132.57
2803,2026-05-11 01:56:08,5,Daniel Acosta,daniel.acosta85@gmail.com,80,Pantalon Relaxed Gris,1,34.6,34.6
2804,2026-05-29 22:03:24,29,Mateo Romero,mateo.romero24@gmail.com,9,Camiseta Graphic Dragon,2,27.33,54.66
2805,2026-05-01 02:44:21,84,Daniel Flores,daniel.flores75@gmail.com,48,Jean Cargo Beige,2,80.76,161.52
2806,2026-05-14 18:45:49,26,Pedro Castro,pedro.castro94@gmail.com,63,Pantalon Cargo Verde,3,101.31,303.93
2807,2026-05-28 10:27:03,43,Jose Rojas,jose.rojas67@gmail.com,115,Chaqueta Vintage Denim,3,82.55,247.65
2808,2026-05-14 15:39:17,59,Luis Paspuel,luis.paspuel81@gmail.com,20,Camiseta Monocromatica,1,42.4,42.4
2809,2026-05-18 12:30:43,85,Fernanda Herrera,fernanda.herrera13@gmail.com,79,Pantalon Urban Fit,2,33.23,66.46
2810,2026-05-20 04:54:28,52,Camila Mora,camila.mora82@gmail.com,118,Chaqueta Utility Beige,3,86.66,259.98
2811,2026-05-15 16:04:12,3,Daniel Suarez,daniel.suarez49@gmail.com,112,Chaqueta Puffer Negra,2,78.44,156.88
2812,2026-05-12 23:39:54,93,Fernanda Benitez,fernanda.benitez10@gmail.com,20,Camiseta Monocromatica,4,42.4,169.6
2813,2026-05-08 12:01:32,54,Diego Flores,diego.flores78@gmail.com,56,Jean Streetwear Gris,3,91.72,275.16
2814,2026-05-28 05:16:46,54,Diego Flores,diego.flores78@gmail.com,154,Lentes Vintage,4,45.98,183.92
2815,2026-05-03 13:39:40,29,Mateo Romero,mateo.romero24@gmail.com,105,Chaqueta Cuero Negra,1,68.85,68.85
2816,2026-05-03 07:20:00,21,Lucia Suarez,lucia.suarez43@gmail.com,75,Pantalon Tactical Verde,2,27.75,55.5
2817,2026-05-27 10:36:09,32,Pedro Cruz,pedro.cruz61@gmail.com,111,Chaqueta Puffer Blanca,4,77.07,308.28
2818,2026-05-03 17:20:00,69,Lucia Herrera,lucia.herrera62@gmail.com,68,Pantalon Wide Leg Beige,1,18.16,18.16
2819,2026-05-23 20:08:49,52,Camila Mora,camila.mora82@gmail.com,24,Camisa Flannel Azul,2,47.88,95.76
2820,2026-05-23 15:41:55,13,Luis Lopez,luis.lopez65@gmail.com,37,Camisa Loose Fit Gris,3,65.69,197.07
2821,2026-05-18 15:21:59,44,Fernanda Torres,fernanda.torres34@gmail.com,172,Sneakers Chunky Blancos,1,70.64,70.64
2822,2026-05-22 11:32:08,34,Camila Paspuel,camila.paspuel92@gmail.com,194,Conjunto Minimalista Beige,3,50.54,151.62
2823,2026-05-25 12:43:03,12,Sofia Gomez,sofia.gomez66@gmail.com,110,Chaqueta Impermeable Negra,4,75.7,302.8
2824,2026-05-22 20:05:07,47,Valeria Benitez,valeria.benitez19@gmail.com,192,Sudadera Vintage Verde,5,46.72,233.6
2825,2026-05-03 21:00:52,47,Valeria Benitez,valeria.benitez19@gmail.com,167,Botas Urbanas Cafe,5,63.79,318.95
2826,2026-05-22 19:50:15,46,Daniel Mora,daniel.mora2@gmail.com,58,Jean Oversize Negro,4,94.46,377.84
2827,2026-05-20 15:43:42,1,Jose Suarez,jose.suarez11@gmail.com,104,Chaqueta Bomber Verde,4,67.48,269.92
2828,2026-05-25 16:45:25,8,Paula Benitez,paula.benitez90@gmail.com,178,Tenis Deportivos Negros,2,78.86,157.72
2829,2026-05-23 01:33:35,61,Ana Benitez,ana.benitez19@gmail.com,140,Short Cargo Gris,5,26.8,134.0
2830,2026-05-27 02:07:23,36,Andres Rojas,andres.rojas47@gmail.com,149,Cinturon Marron,5,39.13,195.65
2831,2026-05-17 22:50:58,59,Luis Paspuel,luis.paspuel81@gmail.com,117,Chaqueta Casual Cafe,5,85.29,426.45
2832,2026-05-11 17:48:57,26,Pedro Castro,pedro.castro94@gmail.com,130,Short Casual Blanco,1,103.1,103.1
2833,2026-05-23 15:20:25,72,Mateo Paspuel,mateo.paspuel64@gmail.com,116,Chaqueta Cargo Negra,5,83.92,419.6
2834,2026-05-26 09:49:14,24,Jose Gomez,jose.gomez27@gmail.com,42,Jean Baggy Azul Oscuro,3,72.54,217.62
2835,2026-05-22 12:44:59,73,Miguel Navarro,miguel.navarro4@gmail.com,187,Sudadera Boxy Fit Beige,2,37.17,74.34
2836,2026-05-12 07:47:32,87,Emily Paspuel,emily.paspuel93@gmail.com,95,Hoodie Acid Wash,5,55.15,275.75
2837,2026-05-06 13:30:47,79,Valeria Cruz,valeria.cruz58@gmail.com,32,Camisa Lino Beige,5,58.84,294.2
2838,2026-05-29 03:54:59,75,Miguel Vega,miguel.vega53@gmail.com,19,Camiseta Distressed,3,41.03,123.09
2839,2026-05-03 18:59:25,64,Emily Salazar,emily.salazar93@gmail.com,120,Chaqueta Urban Black,4,89.4,357.6
2840,2026-05-16 11:15:46,89,Ana Gomez,ana.gomez98@gmail.com,171,Sneakers Retro Gris,2,69.27,138.54
2841,2026-05-16 00:15:43,80,Mateo Gomez,mateo.gomez40@gmail.com,156,Mochila Streetwear,2,48.72,97.44
2842,2026-05-21 11:04:53,5,Daniel Acosta,daniel.acosta85@gmail.com,66,Pantalon Jogger Azul,1,15.42,15.42
2843,2026-05-23 10:17:59,80,Mateo Gomez,mateo.gomez40@gmail.com,152,Pulsera Cuero Negra,5,43.24,216.2
2844,2026-05-20 23:15:54,1,Jose Suarez,jose.suarez11@gmail.com,40,Camisa Denim Azul,4,69.8,279.2
2845,2026-05-19 10:11:32,71,Mateo Navarro,mateo.navarro72@gmail.com,143,Gorra Roja,4,30.91,123.64
2846,2026-05-08 23:42:04,63,Luis Salazar,luis.salazar83@gmail.com,67,Pantalon Wide Leg Negro,3,16.79,50.37
2847,2026-05-02 19:01:20,35,Ana Lopez,ana.lopez61@gmail.com,192,Sudadera Vintage Verde,4,46.72,186.88
2848,2026-05-04 21:25:49,50,Juan Castro,juan.castro81@gmail.com,20,Camiseta Monocromatica,4,42.4,169.6
2849,2026-05-31 04:02:18,26,Pedro Castro,pedro.castro94@gmail.com,54,Jean Relaxed Fit Negro,1,88.98,88.98
2850,2026-05-07 11:48:31,46,Daniel Mora,daniel.mora2@gmail.com,124,Short Baggy Beige,3,94.88,284.64
2851,2026-05-01 13:14:38,74,Ana Mora,ana.mora16@gmail.com,84,Hoodie Oversize Beige,2,40.08,80.16
2852,2026-05-28 14:32:26,4,Pedro Salazar,pedro.salazar91@gmail.com,52,Jean Vintage Wash,3,86.24,258.72
2853,2026-05-03 11:38:11,64,Emily Salazar,emily.salazar93@gmail.com,64,Pantalon Jogger Gris,4,102.68,410.72
2854,2026-05-19 23:39:02,74,Ana Mora,ana.mora16@gmail.com,25,Camisa Oversize Beige,5,49.25,246.25
2855,2026-05-09 08:48:54,22,Emily Perez,emily.perez82@gmail.com,190,Chompa Retro Celeste,3,42.9,128.7
2856,2026-05-13 15:10:42,52,Camila Mora,camila.mora82@gmail.com,21,Camisa Formal Blanca,1,43.77,43.77
2857,2026-05-02 17:49:53,78,Emily Herrera,emily.herrera26@gmail.com,145,Beanie Negro,2,33.65,67.3
2858,2026-05-06 09:10:15,82,Sofia Romero,sofia.romero21@gmail.com,182,Sudadera Vintage Blanco,5,27.62,138.1
2859,2026-05-22 09:26:28,77,Jose Lopez,jose.lopez69@gmail.com,175,Sneakers Skate Azules,3,74.75,224.25
2860,2026-05-24 03:49:04,60,Diana Torres,diana.torres20@gmail.com,151,Cadena Dorada,5,41.87,209.35
2861,2026-05-29 10:06:34,60,Diana Torres,diana.torres20@gmail.com,171,Sneakers Retro Gris,3,69.27,207.81
2862,2026-05-14 06:04:15,10,Sofia Torres,sofia.torres60@gmail.com,47,Jean Cargo Verde,2,79.39,158.78
2863,2026-05-11 07:46:27,46,Daniel Mora,daniel.mora2@gmail.com,182,Sudadera Vintage Blanco,1,27.62,27.62
2864,2026-05-07 18:24:32,21,Lucia Suarez,lucia.suarez43@gmail.com,184,Conjunto Minimalista Rojo,4,31.44,125.76
2865,2026-05-18 10:20:20,74,Ana Mora,ana.mora16@gmail.com,66,Pantalon Jogger Azul,3,15.42,46.26
2866,2026-05-07 22:52:25,40,Luis Castro,luis.castro1@gmail.com,107,Chaqueta Varsity Negra,5,71.59,357.95
2867,2026-05-30 17:15:44,87,Emily Paspuel,emily.paspuel93@gmail.com,55,Jean Carpenter Azul,2,90.35,180.7
2868,2026-05-01 02:30:17,15,Jose Castro,jose.castro82@gmail.com,38,Camisa Vintage Cafe,2,67.06,134.12
2869,2026-05-03 05:50:42,100,Ana Torres,ana.torres87@gmail.com,173,Sneakers Streetwear Negros,3,72.01,216.03
2870,2026-05-21 15:09:15,51,Daniel Gomez,daniel.gomez14@gmail.com,33,Camisa Oxford Celeste,4,60.21,240.84
2871,2026-05-19 09:17:32,67,Miguel Paspuel,miguel.paspuel30@gmail.com,129,Short Casual Azul,4,101.73,406.92
2872,2026-05-29 18:02:26,51,Daniel Gomez,daniel.gomez14@gmail.com,137,Short Minimalista Blanco,5,22.69,113.45
2873,2026-05-11 21:31:13,44,Fernanda Torres,fernanda.torres34@gmail.com,162,Zapatillas Urbanas Negras,2,56.94,113.88
2874,2026-05-09 03:18:35,77,Jose Lopez,jose.lopez69@gmail.com,183,Tank Top Streetwear Azul,2,29.53,59.06
2875,2026-05-08 06:18:46,45,Fernanda Ruiz,fernanda.ruiz48@gmail.com,90,Hoodie Anime Tokyo,5,48.3,241.5
2876,2026-05-03 07:19:22,45,Fernanda Ruiz,fernanda.ruiz48@gmail.com,17,Camiseta Skate,4,38.29,153.16
2877,2026-05-21 02:40:11,47,Valeria Benitez,valeria.benitez19@gmail.com,1,Camiseta Basica Negra,5,16.37,81.85
2878,2026-05-11 10:41:04,81,Carlos Perez,carlos.perez8@gmail.com,179,Zapatillas Techwear,4,80.23,320.92
2879,2026-05-03 07:10:34,38,Lucia Castro,lucia.castro3@gmail.com,177,Tenis Deportivos Blancos,5,77.49,387.45
2880,2026-05-19 16:52:58,62,Diego Perez,diego.perez69@gmail.com,103,Chaqueta Bomber Negra,3,66.11,198.33
2881,2026-05-14 08:34:47,29,Mateo Romero,mateo.romero24@gmail.com,12,Camiseta Minimalista Beige,5,31.44,157.2
2882,2026-05-11 15:44:25,6,Andres Flores,andres.flores67@gmail.com,180,Zapatillas High Top,3,81.6,244.8
2883,2026-05-25 03:11:06,31,Jose Perez,jose.perez2@gmail.com,96,Hoodie Techwear Gris,5,56.52,282.6
2884,2026-05-27 21:42:01,99,Valeria Herrera,valeria.herrera1@gmail.com,138,Short Monocromatico Negro,2,24.06,48.12
2885,2026-05-24 09:28:34,19,Diana Romero,diana.romero86@gmail.com,36,Camisa Slim Fit Blanca,4,64.32,257.28
2886,2026-05-04 20:47:00,89,Ana Gomez,ana.gomez98@gmail.com,83,Hoodie Oversize Gris,4,38.71,154.84
2887,2026-05-23 15:16:40,2,Carlos Suarez,carlos.suarez87@gmail.com,65,Pantalon Jogger Negro,1,104.05,104.05
2888,2026-05-17 11:49:31,85,Fernanda Herrera,fernanda.herrera13@gmail.com,24,Camisa Flannel Azul,5,47.88,239.4
2889,2026-05-12 02:50:16,62,Diego Perez,diego.perez69@gmail.com,127,Short Basketball Rojo,5,98.99,494.95
2890,2026-05-20 15:19:03,50,Juan Castro,juan.castro81@gmail.com,43,Jean Baggy Negro,3,73.91,221.73
2891,2026-05-03 18:13:27,74,Ana Mora,ana.mora16@gmail.com,128,Short Streetwear Negro,4,100.36,401.44
2892,2026-05-25 22:50:10,71,Mateo Navarro,mateo.navarro72@gmail.com,60,Jean Acid Wash,2,97.2,194.4
2893,2026-05-31 06:16:19,91,Camila Acosta,camila.acosta41@gmail.com,27,Camisa Satinada Plateada,1,51.99,51.99
2894,2026-05-22 22:19:55,24,Jose Gomez,jose.gomez27@gmail.com,33,Camisa Oxford Celeste,5,60.21,301.05
2895,2026-05-20 18:00:27,84,Daniel Flores,daniel.flores75@gmail.com,111,Chaqueta Puffer Blanca,3,77.07,231.21
2896,2026-05-14 09:41:40,49,Miguel Benitez,miguel.benitez4@gmail.com,112,Chaqueta Puffer Negra,5,78.44,392.2
2897,2026-05-30 02:44:32,26,Pedro Castro,pedro.castro94@gmail.com,30,Camisa Manga Corta Azul,5,56.1,280.5
2898,2026-05-13 01:19:38,58,Carlos Vega,carlos.vega32@gmail.com,157,Bolso Crossbody Negro,4,50.09,200.36
2899,2026-05-10 21:30:40,93,Fernanda Benitez,fernanda.benitez10@gmail.com,61,Pantalon Cargo Negro,4,98.57,394.28
2900,2026-05-27 19:23:07,26,Pedro Castro,pedro.castro94@gmail.com,134,Short Skate Negro,1,18.58,18.58
2901,2026-05-27 16:15:24,33,Emily Ruiz,emily.ruiz87@gmail.com,119,Chaqueta Windbreaker Azul,1,88.03,88.03
2902,2026-05-26 01:52:51,18,Diego Lopez,diego.lopez92@gmail.com,13,Camiseta Acid Wash,2,32.81,65.62
2903,2026-05-07 13:41:11,14,Luis Flores,luis.flores15@gmail.com,77,Pantalon Casual Cafe,1,30.49,30.49
2904,2026-05-12 18:46:12,15,Jose Castro,jose.castro82@gmail.com,194,Conjunto Minimalista Beige,1,50.54,50.54
2905,2026-05-19 22:37:02,7,Miguel Flores,miguel.flores68@gmail.com,197,Sudadera Boxy Fit Celeste,3,56.27,168.81
2906,2026-05-29 06:26:43,95,Ana Cruz,ana.cruz50@gmail.com,144,Gorra Azul,1,32.28,32.28
2907,2026-05-14 14:38:09,57,Luis Acosta,luis.acosta47@gmail.com,81,Hoodie Oversize Negro,4,35.97,143.88
2908,2026-05-19 14:03:20,8,Paula Benitez,paula.benitez90@gmail.com,172,Sneakers Chunky Blancos,3,70.64,211.92
2909,2026-05-10 16:11:36,88,Sofia Paspuel,sofia.paspuel45@gmail.com,107,Chaqueta Varsity Negra,5,71.59,357.95
2910,2026-05-31 23:33:36,18,Diego Lopez,diego.lopez92@gmail.com,142,Gorra Blanca,5,29.54,147.7
2911,2026-05-22 23:11:05,92,Paula Torres,paula.torres53@gmail.com,2,Camiseta Basica Blanca,2,17.74,35.48
2912,2026-05-08 05:03:36,77,Jose Lopez,jose.lopez69@gmail.com,92,Hoodie Minimalista Negro,2,51.04,102.08
2913,2026-05-24 14:17:33,4,Pedro Salazar,pedro.salazar91@gmail.com,177,Tenis Deportivos Blancos,1,77.49,77.49
2914,2026-05-03 06:48:42,45,Fernanda Ruiz,fernanda.ruiz48@gmail.com,124,Short Baggy Beige,4,94.88,379.52
2915,2026-05-28 14:42:07,28,Fernanda Acosta,fernanda.acosta52@gmail.com,187,Sudadera Boxy Fit Beige,2,37.17,74.34
2916,2026-05-13 07:57:02,79,Valeria Cruz,valeria.cruz58@gmail.com,163,Zapatillas Running Azul,1,58.31,58.31
2917,2026-05-23 08:18:14,79,Valeria Cruz,valeria.cruz58@gmail.com,31,Camisa Coreana Blanca,3,57.47,172.41
2918,2026-05-25 16:40:30,45,Fernanda Ruiz,fernanda.ruiz48@gmail.com,144,Gorra Azul,1,32.28,32.28
2919,2026-05-31 23:54:36,2,Carlos Suarez,carlos.suarez87@gmail.com,37,Camisa Loose Fit Gris,1,65.69,65.69
2920,2026-05-02 03:49:26,14,Luis Flores,luis.flores15@gmail.com,11,Camiseta Retro 90s,4,30.07,120.28
2921,2026-05-09 13:45:55,47,Valeria Benitez,valeria.benitez19@gmail.com,107,Chaqueta Varsity Negra,4,71.59,286.36
2922,2026-05-14 17:51:44,2,Carlos Suarez,carlos.suarez87@gmail.com,48,Jean Cargo Beige,2,80.76,161.52
2923,2026-05-23 10:02:53,81,Carlos Perez,carlos.perez8@gmail.com,31,Camisa Coreana Blanca,5,57.47,287.35
2924,2026-05-20 02:20:38,75,Miguel Vega,miguel.vega53@gmail.com,106,Chaqueta Varsity Roja,1,70.22,70.22
2925,2026-05-07 01:10:32,42,Fernanda Navarro,fernanda.navarro34@gmail.com,80,Pantalon Relaxed Gris,1,34.6,34.6
2926,2026-05-20 02:59:00,88,Sofia Paspuel,sofia.paspuel45@gmail.com,31,Camisa Coreana Blanca,4,57.47,229.88
2927,2026-05-23 00:25:54,74,Ana Mora,ana.mora16@gmail.com,75,Pantalon Tactical Verde,1,27.75,27.75
2928,2026-05-26 21:51:46,34,Camila Paspuel,camila.paspuel92@gmail.com,195,Chompa Graphic Cafe,5,52.45,262.25
2929,2026-05-10 22:55:36,88,Sofia Paspuel,sofia.paspuel45@gmail.com,33,Camisa Oxford Celeste,1,60.21,60.21
2930,2026-05-22 13:26:00,23,Camila Castro,camila.castro71@gmail.com,101,Chaqueta Denim Azul Claro,2,63.37,126.74
2931,2026-05-18 05:44:26,67,Miguel Paspuel,miguel.paspuel30@gmail.com,59,Jean Urban Denim,5,95.83,479.15
2932,2026-05-09 15:57:00,60,Diana Torres,diana.torres20@gmail.com,148,Cinturon Negro,3,37.76,113.28
2933,2026-05-03 09:04:20,89,Ana Gomez,ana.gomez98@gmail.com,114,Chaqueta Techwear Gris,2,81.18,162.36
2934,2026-05-08 06:47:08,2,Carlos Suarez,carlos.suarez87@gmail.com,166,Converse Blancas,5,62.42,312.1
2935,2026-05-03 17:23:26,58,Carlos Vega,carlos.vega32@gmail.com,67,Pantalon Wide Leg Negro,1,16.79,16.79
2936,2026-05-09 08:11:30,34,Camila Paspuel,camila.paspuel92@gmail.com,185,Chompa Graphic Verde,5,33.35,166.75
2937,2026-05-05 07:34:55,1,Jose Suarez,jose.suarez11@gmail.com,198,Tank Top Loose Fit Color191,1,58.18,58.18
2938,2026-05-11 21:58:08,69,Lucia Herrera,lucia.herrera62@gmail.com,115,Chaqueta Vintage Denim,5,82.55,412.75
2939,2026-05-27 00:43:23,35,Ana Lopez,ana.lopez61@gmail.com,137,Short Minimalista Blanco,2,22.69,45.38
2940,2026-05-13 02:07:32,87,Emily Paspuel,emily.paspuel93@gmail.com,173,Sneakers Streetwear Negros,2,72.01,144.02
2941,2026-05-26 09:22:23,96,Mateo Mora,mateo.mora34@gmail.com,93,Hoodie Zip Up Gris,1,52.41,52.41
2942,2026-05-07 02:54:06,59,Luis Paspuel,luis.paspuel81@gmail.com,164,Zapatillas Running Rojas,2,59.68,119.36
2943,2026-05-15 09:45:59,34,Camila Paspuel,camila.paspuel92@gmail.com,100,Hoodie Monocromatico,3,62.0,186.0
2944,2026-05-22 12:11:22,37,Camila Rojas,camila.rojas50@gmail.com,72,Pantalon Formal Negro,2,23.64,47.28
2945,2026-05-08 02:25:01,95,Ana Cruz,ana.cruz50@gmail.com,97,Hoodie Urban Blue,4,57.89,231.56
2946,2026-05-10 04:24:28,12,Sofia Gomez,sofia.gomez66@gmail.com,52,Jean Vintage Wash,3,86.24,258.72
2947,2026-05-18 22:53:17,31,Jose Perez,jose.perez2@gmail.com,65,Pantalon Jogger Negro,4,104.05,416.2
2948,2026-05-16 15:15:32,54,Diego Flores,diego.flores78@gmail.com,53,Jean Wide Leg Gris,5,87.61,438.05
2949,2026-05-08 22:25:52,11,Ana Flores,ana.flores99@gmail.com,117,Chaqueta Casual Cafe,1,85.29,85.29
2950,2026-05-27 17:28:30,74,Ana Mora,ana.mora16@gmail.com,22,Camisa Formal Negra,4,45.14,180.56
2951,2026-05-27 01:41:37,23,Camila Castro,camila.castro71@gmail.com,140,Short Cargo Gris,1,26.8,26.8
2952,2026-05-20 14:58:02,37,Camila Rojas,camila.rojas50@gmail.com,82,Hoodie Oversize Blanco,2,37.34,74.68
2953,2026-05-31 21:22:19,28,Fernanda Acosta,fernanda.acosta52@gmail.com,52,Jean Vintage Wash,3,86.24,258.72
2954,2026-05-06 07:42:01,24,Jose Gomez,jose.gomez27@gmail.com,108,Chaqueta Oversize Beige,1,72.96,72.96
2955,2026-05-16 19:28:44,56,Luis Cruz,luis.cruz91@gmail.com,195,Chompa Graphic Cafe,3,52.45,157.35
2956,2026-05-05 03:04:23,28,Fernanda Acosta,fernanda.acosta52@gmail.com,11,Camiseta Retro 90s,4,30.07,120.28
2957,2026-05-04 00:45:02,91,Camila Acosta,camila.acosta41@gmail.com,112,Chaqueta Puffer Negra,5,78.44,392.2
2958,2026-05-12 22:48:53,84,Daniel Flores,daniel.flores75@gmail.com,122,Short Deportivo Gris,3,92.14,276.42
2959,2026-05-05 19:57:28,82,Sofia Romero,sofia.romero21@gmail.com,147,Beanie Blanco,2,36.39,72.78
2960,2026-05-27 01:57:01,59,Luis Paspuel,luis.paspuel81@gmail.com,98,Hoodie Retro Purple,1,59.26,59.26
2961,2026-05-20 00:18:51,26,Pedro Castro,pedro.castro94@gmail.com,38,Camisa Vintage Cafe,2,67.06,134.12
2962,2026-05-29 00:46:13,2,Carlos Suarez,carlos.suarez87@gmail.com,39,Camisa Estampada Negra,1,68.43,68.43
2963,2026-05-28 04:51:10,49,Miguel Benitez,miguel.benitez4@gmail.com,42,Jean Baggy Azul Oscuro,4,72.54,290.16
2964,2026-05-31 05:25:30,47,Valeria Benitez,valeria.benitez19@gmail.com,110,Chaqueta Impermeable Negra,2,75.7,151.4
2965,2026-05-01 19:51:29,12,Sofia Gomez,sofia.gomez66@gmail.com,8,Camiseta Anime Tokyo,3,25.96,77.88
2966,2026-05-21 01:04:59,18,Diego Lopez,diego.lopez92@gmail.com,162,Zapatillas Urbanas Negras,2,56.94,113.88
2967,2026-05-22 23:26:38,23,Camila Castro,camila.castro71@gmail.com,185,Chompa Graphic Verde,1,33.35,33.35
2968,2026-05-19 05:38:03,30,Lucia Acosta,lucia.acosta28@gmail.com,162,Zapatillas Urbanas Negras,1,56.94,56.94
2969,2026-05-23 06:47:36,52,Camila Mora,camila.mora82@gmail.com,186,Polo Acid Wash Gris,5,35.26,176.3
2970,2026-05-16 09:01:53,74,Ana Mora,ana.mora16@gmail.com,46,Jean Skinny Negro,4,78.02,312.08
2971,2026-05-12 07:11:05,36,Andres Rojas,andres.rojas47@gmail.com,19,Camiseta Distressed,2,41.03,82.06
2972,2026-05-05 06:46:42,48,Miguel Torres,miguel.torres90@gmail.com,136,Short Urban Gray,5,21.32,106.6
2973,2026-05-29 09:13:59,28,Fernanda Acosta,fernanda.acosta52@gmail.com,107,Chaqueta Varsity Negra,5,71.59,357.95
2974,2026-05-05 08:20:14,58,Carlos Vega,carlos.vega32@gmail.com,169,Zapatos Casuales Beige,3,66.53,199.59
2975,2026-05-02 05:54:57,7,Miguel Flores,miguel.flores68@gmail.com,26,Camisa Oversize Negra,2,50.62,101.24
2976,2026-05-24 17:32:22,13,Luis Lopez,luis.lopez65@gmail.com,85,Hoodie Graphic Rojo,2,41.45,82.9
2977,2026-05-21 23:41:26,31,Jose Perez,jose.perez2@gmail.com,97,Hoodie Urban Blue,4,57.89,231.56
2978,2026-05-24 01:32:45,55,Ana Acosta,ana.acosta99@gmail.com,178,Tenis Deportivos Negros,1,78.86,78.86
2979,2026-05-24 09:16:38,77,Jose Lopez,jose.lopez69@gmail.com,132,Short Loose Fit Gris,4,15.84,63.36
2980,2026-05-10 03:48:30,85,Fernanda Herrera,fernanda.herrera13@gmail.com,5,Camiseta Vintage Roja,1,21.85,21.85
2981,2026-05-01 00:39:27,88,Sofia Paspuel,sofia.paspuel45@gmail.com,129,Short Casual Azul,1,101.73,101.73
2982,2026-05-24 20:45:29,21,Lucia Suarez,lucia.suarez43@gmail.com,86,Hoodie Graphic Negro,2,42.82,85.64
2983,2026-05-10 03:00:43,67,Miguel Paspuel,miguel.paspuel30@gmail.com,51,Jean Destroyed Azul,4,84.87,339.48
2984,2026-05-12 11:17:26,42,Fernanda Navarro,fernanda.navarro34@gmail.com,148,Cinturon Negro,3,37.76,113.28
2985,2026-05-16 21:33:00,65,Paula Vega,paula.vega31@gmail.com,157,Bolso Crossbody Negro,4,50.09,200.36
2986,2026-05-07 11:56:31,63,Luis Salazar,luis.salazar83@gmail.com,192,Sudadera Vintage Verde,3,46.72,140.16
2987,2026-05-27 21:46:45,8,Paula Benitez,paula.benitez90@gmail.com,37,Camisa Loose Fit Gris,1,65.69,65.69
2988,2026-05-27 02:49:39,56,Luis Cruz,luis.cruz91@gmail.com,195,Chompa Graphic Cafe,2,52.45,104.9
2989,2026-05-25 11:44:48,46,Daniel Mora,daniel.mora2@gmail.com,27,Camisa Satinada Plateada,1,51.99,51.99
2990,2026-05-29 10:18:23,67,Miguel Paspuel,miguel.paspuel30@gmail.com,187,Sudadera Boxy Fit Beige,4,37.17,148.68
2991,2026-05-29 17:16:06,62,Diego Perez,diego.perez69@gmail.com,23,Camisa Flannel Roja,2,46.51,93.02
2992,2026-05-03 07:00:39,67,Miguel Paspuel,miguel.paspuel30@gmail.com,9,Camiseta Graphic Dragon,2,27.33,54.66
2993,2026-05-28 12:44:02,96,Mateo Mora,mateo.mora34@gmail.com,134,Short Skate Negro,2,18.58,37.16
2994,2026-05-15 15:49:52,26,Pedro Castro,pedro.castro94@gmail.com,123,Short Baggy Negro,5,93.51,467.55
2995,2026-05-10 07:40:23,54,Diego Flores,diego.flores78@gmail.com,22,Camisa Formal Negra,5,45.14,225.7
2996,2026-05-19 09:28:09,79,Valeria Cruz,valeria.cruz58@gmail.com,74,Pantalon Slim Fit Gris,3,26.38,79.14
2997,2026-05-23 04:14:33,49,Miguel Benitez,miguel.benitez4@gmail.com,6,Camiseta Vintage Azul,4,23.22,92.88
2998,2026-05-26 17:37:47,45,Fernanda Ruiz,fernanda.ruiz48@gmail.com,59,Jean Urban Denim,5,95.83,479.15
2999,2026-05-05 11:06:14,55,Ana Acosta,ana.acosta99@gmail.com,152,Pulsera Cuero Negra,2,43.24,86.48
3000,2026-05-21 21:39:29,91,Camila Acosta,camila.acosta41@gmail.com,183,Tank Top Streetwear Azul,2,29.53,59.06
3001,2026-05-06 19:28:58,61,Ana Benitez,ana.benitez19@gmail.com,12,Camiseta Minimalista Beige,4,31.44,125.76
3002,2026-05-23 11:32:03,91,Camila Acosta,camila.acosta41@gmail.com,196,Polo Acid Wash Morado,1,54.36,54.36
3003,2026-05-05 14:10:13,51,Daniel Gomez,daniel.gomez14@gmail.com,95,Hoodie Acid Wash,4,55.15,220.6
3004,2026-05-22 20:08:41,76,Maria Gomez,maria.gomez80@gmail.com,104,Chaqueta Bomber Verde,2,67.48,134.96
3005,2026-05-30 02:17:04,15,Jose Castro,jose.castro82@gmail.com,115,Chaqueta Vintage Denim,1,82.55,82.55
3006,2026-05-31 07:42:39,27,Luis Mora,luis.mora33@gmail.com,170,Zapatos Formales Negros,5,67.9,339.5
3007,2026-05-31 08:45:25,46,Daniel Mora,daniel.mora2@gmail.com,104,Chaqueta Bomber Verde,3,67.48,202.44
3008,2026-05-22 21:25:56,97,Diego Rojas,diego.rojas44@gmail.com,155,Lentes Urbanos,4,47.35,189.4
3009,2026-05-24 00:53:46,18,Diego Lopez,diego.lopez92@gmail.com,36,Camisa Slim Fit Blanca,4,64.32,257.28
3010,2026-05-14 16:10:57,29,Mateo Romero,mateo.romero24@gmail.com,92,Hoodie Minimalista Negro,5,51.04,255.2
3011,2026-05-24 04:44:08,47,Valeria Benitez,valeria.benitez19@gmail.com,42,Jean Baggy Azul Oscuro,2,72.54,145.08
3012,2026-05-09 17:44:11,94,Valeria Flores,valeria.flores75@gmail.com,100,Hoodie Monocromatico,3,62.0,186.0
3013,2026-05-04 10:25:21,71,Mateo Navarro,mateo.navarro72@gmail.com,68,Pantalon Wide Leg Beige,3,18.16,54.48
3014,2026-05-06 06:22:14,29,Mateo Romero,mateo.romero24@gmail.com,105,Chaqueta Cuero Negra,1,68.85,68.85
3015,2026-05-29 12:47:29,74,Ana Mora,ana.mora16@gmail.com,161,Zapatillas Urbanas Blancas,4,55.57,222.28
3016,2026-05-18 04:40:38,22,Emily Perez,emily.perez82@gmail.com,172,Sneakers Chunky Blancos,2,70.64,141.28
3017,2026-05-28 03:52:33,13,Luis Lopez,luis.lopez65@gmail.com,74,Pantalon Slim Fit Gris,5,26.38,131.9
3018,2026-05-19 07:42:12,3,Daniel Suarez,daniel.suarez49@gmail.com,86,Hoodie Graphic Negro,5,42.82,214.1
3019,2026-05-12 20:47:41,68,Miguel Rojas,miguel.rojas85@gmail.com,105,Chaqueta Cuero Negra,4,68.85,275.4
3020,2026-05-01 05:26:16,37,Camila Rojas,camila.rojas50@gmail.com,90,Hoodie Anime Tokyo,1,48.3,48.3
3021,2026-05-21 08:16:20,39,Ana Castro,ana.castro27@gmail.com,132,Short Loose Fit Gris,3,15.84,47.52
3022,2026-05-09 18:09:21,17,Pedro Gomez,pedro.gomez67@gmail.com,5,Camiseta Vintage Roja,2,21.85,43.7
3023,2026-05-30 16:19:38,19,Diana Romero,diana.romero86@gmail.com,170,Zapatos Formales Negros,5,67.9,339.5
3024,2026-05-25 01:42:07,41,Luis Gomez,luis.gomez94@gmail.com,11,Camiseta Retro 90s,3,30.07,90.21
3025,2026-05-31 04:38:32,3,Daniel Suarez,daniel.suarez49@gmail.com,66,Pantalon Jogger Azul,4,15.42,61.68
3026,2026-05-18 14:25:16,42,Fernanda Navarro,fernanda.navarro34@gmail.com,186,Polo Acid Wash Gris,5,35.26,176.3
3027,2026-05-10 03:32:59,38,Lucia Castro,lucia.castro3@gmail.com,178,Tenis Deportivos Negros,1,78.86,78.86
3028,2026-05-29 02:44:34,44,Fernanda Torres,fernanda.torres34@gmail.com,65,Pantalon Jogger Negro,1,104.05,104.05
3029,2026-05-26 00:16:50,83,Maria Castro,maria.castro9@gmail.com,71,Pantalon Formal Azul,5,22.27,111.35
3030,2026-05-06 06:48:52,25,Diego Suarez,diego.suarez45@gmail.com,198,Tank Top Loose Fit Color191,2,58.18,116.36
3031,2026-05-29 04:27:32,95,Ana Cruz,ana.cruz50@gmail.com,95,Hoodie Acid Wash,3,55.15,165.45
3032,2026-05-11 11:12:01,41,Luis Gomez,luis.gomez94@gmail.com,200,Chompa Retro Blanco,2,62.0,124.0
3033,2026-05-12 12:16:24,33,Emily Ruiz,emily.ruiz87@gmail.com,49,Jean Recto Azul,4,82.13,328.52
3034,2026-05-11 01:41:13,60,Diana Torres,diana.torres20@gmail.com,170,Zapatos Formales Negros,4,67.9,271.6
3035,2026-05-31 20:21:55,42,Fernanda Navarro,fernanda.navarro34@gmail.com,187,Sudadera Boxy Fit Beige,3,37.17,111.51
3036,2026-05-29 10:21:42,43,Jose Rojas,jose.rojas67@gmail.com,63,Pantalon Cargo Verde,1,101.31,101.31
3037,2026-05-03 09:19:34,77,Jose Lopez,jose.lopez69@gmail.com,43,Jean Baggy Negro,5,73.91,369.55
3038,2026-05-10 02:12:48,69,Lucia Herrera,lucia.herrera62@gmail.com,35,Camisa Rayada Azul,1,62.95,62.95
3039,2026-05-17 01:49:10,78,Emily Herrera,emily.herrera26@gmail.com,41,Jean Baggy Azul Claro,5,71.17,355.85
3040,2026-05-15 23:58:19,61,Ana Benitez,ana.benitez19@gmail.com,77,Pantalon Casual Cafe,5,30.49,152.45
3041,2026-05-19 04:28:39,92,Paula Torres,paula.torres53@gmail.com,9,Camiseta Graphic Dragon,3,27.33,81.99
3042,2026-05-27 00:07:04,40,Luis Castro,luis.castro1@gmail.com,65,Pantalon Jogger Negro,5,104.05,520.25
3043,2026-05-09 06:40:50,44,Fernanda Torres,fernanda.torres34@gmail.com,123,Short Baggy Negro,2,93.51,187.02
3044,2026-05-27 12:49:49,46,Daniel Mora,daniel.mora2@gmail.com,53,Jean Wide Leg Gris,5,87.61,438.05
3045,2026-05-30 08:33:45,62,Diego Perez,diego.perez69@gmail.com,176,Sneakers Vintage Rojos,4,76.12,304.48
3046,2026-05-15 19:53:47,12,Sofia Gomez,sofia.gomez66@gmail.com,11,Camiseta Retro 90s,3,30.07,90.21
3047,2026-05-28 05:16:18,27,Luis Mora,luis.mora33@gmail.com,166,Converse Blancas,1,62.42,62.42
3048,2026-05-09 09:09:55,8,Paula Benitez,paula.benitez90@gmail.com,129,Short Casual Azul,2,101.73,203.46
3049,2026-05-08 06:45:41,81,Carlos Perez,carlos.perez8@gmail.com,189,Conjunto Urban Morado,5,40.99,204.95
3050,2026-05-13 05:49:20,87,Emily Paspuel,emily.paspuel93@gmail.com,128,Short Streetwear Negro,1,100.36,100.36
3051,2026-05-18 04:12:02,98,Ana Navarro,ana.navarro44@gmail.com,80,Pantalon Relaxed Gris,4,34.6,138.4
3052,2026-05-15 00:35:36,57,Luis Acosta,luis.acosta47@gmail.com,153,Pulsera Acero,3,44.61,133.83
3053,2026-05-14 10:43:33,97,Diego Rojas,diego.rojas44@gmail.com,25,Camisa Oversize Beige,4,49.25,197.0
3054,2026-05-26 08:29:48,67,Miguel Paspuel,miguel.paspuel30@gmail.com,122,Short Deportivo Gris,5,92.14,460.7
3055,2026-05-30 06:27:09,98,Ana Navarro,ana.navarro44@gmail.com,63,Pantalon Cargo Verde,5,101.31,506.55
3056,2026-05-29 00:50:23,73,Miguel Navarro,miguel.navarro4@gmail.com,160,Medias Negras,4,54.2,216.8
3057,2026-05-10 09:51:41,43,Jose Rojas,jose.rojas67@gmail.com,89,Hoodie Streetwear Negro,2,46.93,93.86
3058,2026-05-13 00:58:32,70,Diana Ruiz,diana.ruiz90@gmail.com,22,Camisa Formal Negra,3,45.14,135.42
3059,2026-05-06 02:42:09,54,Diego Flores,diego.flores78@gmail.com,193,Tank Top Streetwear Gris,2,48.63,97.26
3060,2026-05-09 02:25:19,87,Emily Paspuel,emily.paspuel93@gmail.com,162,Zapatillas Urbanas Negras,5,56.94,284.7
3061,2026-05-04 18:36:03,75,Miguel Vega,miguel.vega53@gmail.com,71,Pantalon Formal Azul,4,22.27,89.08
3062,2026-05-29 20:58:34,27,Luis Mora,luis.mora33@gmail.com,166,Converse Blancas,5,62.42,312.1
3063,2026-05-19 21:14:00,73,Miguel Navarro,miguel.navarro4@gmail.com,124,Short Baggy Beige,5,94.88,474.4
3064,2026-05-26 04:07:04,84,Daniel Flores,daniel.flores75@gmail.com,198,Tank Top Loose Fit Color191,1,58.18,58.18
3065,2026-05-06 12:43:53,16,Miguel Romero,miguel.romero59@gmail.com,44,Jean Baggy Gris,2,75.28,150.56
3066,2026-05-05 21:29:01,14,Luis Flores,luis.flores15@gmail.com,49,Jean Recto Azul,4,82.13,328.52
3067,2026-05-04 08:35:58,11,Ana Flores,ana.flores99@gmail.com,195,Chompa Graphic Cafe,3,52.45,157.35
3068,2026-05-28 21:13:53,79,Valeria Cruz,valeria.cruz58@gmail.com,118,Chaqueta Utility Beige,4,86.66,346.64
3069,2026-05-03 16:09:42,24,Jose Gomez,jose.gomez27@gmail.com,150,Cadena Plateada,5,40.5,202.5
3070,2026-05-11 18:06:42,31,Jose Perez,jose.perez2@gmail.com,96,Hoodie Techwear Gris,1,56.52,56.52
3071,2026-05-10 01:08:59,92,Paula Torres,paula.torres53@gmail.com,197,Sudadera Boxy Fit Celeste,1,56.27,56.27
3072,2026-05-31 12:01:27,89,Ana Gomez,ana.gomez98@gmail.com,23,Camisa Flannel Roja,5,46.51,232.55
3073,2026-05-01 10:22:11,36,Andres Rojas,andres.rojas47@gmail.com,141,Gorra Negra,4,28.17,112.68
3074,2026-05-06 20:47:17,96,Mateo Mora,mateo.mora34@gmail.com,176,Sneakers Vintage Rojos,2,76.12,152.24
3075,2026-05-26 05:38:36,91,Camila Acosta,camila.acosta41@gmail.com,39,Camisa Estampada Negra,1,68.43,68.43
3076,2026-05-14 14:02:57,5,Daniel Acosta,daniel.acosta85@gmail.com,22,Camisa Formal Negra,1,45.14,45.14
3077,2026-05-28 22:35:00,62,Diego Perez,diego.perez69@gmail.com,170,Zapatos Formales Negros,2,67.9,135.8
3078,2026-05-18 00:31:02,27,Luis Mora,luis.mora33@gmail.com,39,Camisa Estampada Negra,4,68.43,273.72
3079,2026-05-14 10:26:53,3,Daniel Suarez,daniel.suarez49@gmail.com,25,Camisa Oversize Beige,1,49.25,49.25
3080,2026-05-08 06:32:24,80,Mateo Gomez,mateo.gomez40@gmail.com,125,Short Cargo Verde,4,96.25,385.0
3081,2026-05-05 19:36:32,43,Jose Rojas,jose.rojas67@gmail.com,132,Short Loose Fit Gris,3,15.84,47.52
3082,2026-05-28 10:32:45,68,Miguel Rojas,miguel.rojas85@gmail.com,140,Short Cargo Gris,5,26.8,134.0
3083,2026-05-29 14:11:08,45,Fernanda Ruiz,fernanda.ruiz48@gmail.com,108,Chaqueta Oversize Beige,1,72.96,72.96
3084,2026-05-27 05:02:17,54,Diego Flores,diego.flores78@gmail.com,84,Hoodie Oversize Beige,1,40.08,40.08
3085,2026-05-10 22:55:48,84,Daniel Flores,daniel.flores75@gmail.com,194,Conjunto Minimalista Beige,5,50.54,252.7
3086,2026-05-16 01:49:45,47,Valeria Benitez,valeria.benitez19@gmail.com,146,Beanie Gris,1,35.02,35.02
3087,2026-05-31 23:16:39,1,Jose Suarez,jose.suarez11@gmail.com,174,Sneakers Minimalistas,5,73.38,366.9
3088,2026-05-08 10:19:06,45,Fernanda Ruiz,fernanda.ruiz48@gmail.com,25,Camisa Oversize Beige,4,49.25,197.0
3089,2026-05-29 06:45:51,80,Mateo Gomez,mateo.gomez40@gmail.com,74,Pantalon Slim Fit Gris,2,26.38,52.76
3090,2026-05-29 16:59:26,78,Emily Herrera,emily.herrera26@gmail.com,197,Sudadera Boxy Fit Celeste,1,56.27,56.27
3091,2026-05-21 10:39:12,3,Daniel Suarez,daniel.suarez49@gmail.com,167,Botas Urbanas Cafe,4,63.79,255.16
3092,2026-05-17 18:46:57,6,Andres Flores,andres.flores67@gmail.com,59,Jean Urban Denim,2,95.83,191.66
3093,2026-05-15 16:56:10,54,Diego Flores,diego.flores78@gmail.com,143,Gorra Roja,2,30.91,61.82
3094,2026-05-27 20:37:34,65,Paula Vega,paula.vega31@gmail.com,76,Pantalon Techwear Negro,5,29.12,145.6
3095,2026-05-08 20:16:01,68,Miguel Rojas,miguel.rojas85@gmail.com,71,Pantalon Formal Azul,5,22.27,111.35
3096,2026-05-10 20:33:21,24,Jose Gomez,jose.gomez27@gmail.com,35,Camisa Rayada Azul,4,62.95,251.8
3097,2026-05-08 08:07:01,15,Jose Castro,jose.castro82@gmail.com,63,Pantalon Cargo Verde,3,101.31,303.93
3098,2026-05-13 01:34:26,39,Ana Castro,ana.castro27@gmail.com,5,Camiseta Vintage Roja,2,21.85,43.7
3099,2026-05-30 20:25:52,23,Camila Castro,camila.castro71@gmail.com,95,Hoodie Acid Wash,4,55.15,220.6
3100,2026-05-05 17:46:30,20,Carlos Lopez,carlos.lopez18@gmail.com,115,Chaqueta Vintage Denim,1,82.55,82.55
